1,AARTIPHARM,INE0LRU01027,633.9,20
2,DEEPAKNTR,INE288B01029,2727.25,20
3,TVSSCS,INE395N01027,176.93,20
4,NFL,INE870D01012,122.15,21.72
5,MARUTI,INE585B01010,11074.2,8.65
6,RAJESHEXPO,INE343B01030,237.75,20
7,BLUESTARCO,INE472A01039,1853.1,20
8,SGBJAN29IX,IN0020200377,8058.64,10
9,ITI,INE248A01017,286.63,23.85
10,BECTORFOOD,INE495P01012,1814.3,20
11,SGBMAR25,IN0020160126,7949,10
12,INDIAGLYCO,INE560A01015,1275.95,20
13,PGEL,INE457L01029,723,22.53
14,PREMIERENE,INE0BS701011,1222.95,20
15,SGBSEP27,IN0020190115,8000.04,10
16,SGBNOV25VI,IN0020170083,7850,10
17,RECLTD,INE020B01018,532.6,20
18,SGBAUG27,IN0020190107,8350,10
19,SGBMAY26,IN0020180033,8100,10
20,FLUOROCHEM,INE09N301011,3957.2,20
21,CHEMPLASTS,INE488A01050,500.2,20
22,PAGEIND,INE761H01022,44644.9,20
23,EICHERMOT,INE066A01021,4831.85,10.11
24,GUJALKALI,INE186A01019,786.65,20
25,NMDC,INE584A01023,230.07,20
26,KIRLOSENG,INE146L01010,1121.75,20
27,MOIL,INE490G01020,315.75,20
28,ANANTRAJ,INE242C01024,673.45,20
29,LMW,INE269B01029,16262,20
30,TIINDIA,INE974X01010,3590.55,20
31,STANLEY,INE01A001028,433.35,20
32,CHAMBLFERT,INE085A01013,515.3,20
33,SGBNOV25,IN0020170091,8000,10
34,RCF,INE027A01015,179.04,21.17
35,NCC,INE868B01028,309.7,20
36,IREDA,INE202E01016,205.16,21.25
37,STOVEKRAFT,INE00IN01015,822.6,20
38,VENUSPIPES,INE0JA001018,1632.85,20
39,TITAN,INE280A01028,3249,8.99
40,BASF,INE373A01013,6016.75,20
41,NIFTYIETF,INF109K012R6,268.37,5.12
42,HDFCBANK,INE040A01034,1796.05,8.36
43,HINDALCO,INE038A01020,656.2,13.04
44,LIQUIDBEES,INF732E01037,1000,5
45,POWERINDIA,INE07Y701011,11978.55,20
46,TATACONSUM,INE192A01025,958.65,9.49
47,SUBEXLTD,INE754A01055,24.26,20.12
48,SGBMAR30X,IN0020210319,8129.99,10
49,TANLA,INE483C01032,701.55,20
50,TORNTPHARM,INE685A01028,3324.2,20
51,YESBANK,INE528G01035,19.96,20
52,COLPAL,INE259A01022,2889.75,20
53,NRBBEARING,INE349A01021,292,20
54,ROSSARI,INE02A801020,817.45,20
55,SGBJUN30,IN0020220045,8144.57,10
56,SHRIRAMPPS,INE217L01019,107.41,20
57,SGBOCT25IV,IN0020170067,8001,10
58,DMART,INE192R01011,3709.6,20
59,SULA,INE142Q01026,432.7,20
60,ABSLLIQUID,INF209KB18T9,1000,5
61,INDUSTOWER,INE121J01017,349.35,20
62,RICOAUTO,INE209B01025,90.91,20
63,UCOBANK,INE691A01018,44.48,20
64,DOMS,INE321T01012,2995.85,20
65,AADHARHFC,INE883F01010,432.75,20
66,JUNIORBEES,INF732E01045,754.98,6.36
67,KFINTECH,INE138Y01010,1163.75,20
68,FORTIS,INE061F01013,659.2,20
69,BERGEPAINT,INE463A01038,493.7,20
70,OIL,INE274J01014,490.6,20
71,ITC,INE154A01025,476.75,7.37
72,EMAMILTD,INE548C01032,684,20
73,EBBETF0431,INF754K01LE1,1281.68,20
74,IMFA,INE919H01018,842.15,20
75,DRREDDY,INE089A01031,1202.3,7.75
76,3MINDIA,INE470A01017,32245.3,20
77,CONFIPET,INE552D01024,75.2,20
78,GUJGASLTD,INE844O01030,479.75,20
79,WHIRLPOOL,INE716A01013,1849,20
80,CONSUMBEES,INF204KA1LD7,126.46,20
81,LTF,INE498L01015,142.47,20
82,ADVENZYMES,INE837H01020,378.15,20
83,VTL,INE825A01020,476.1,20
84,ICICIB22,INF109KB15Y7,113.24,20
85,JYOTHYLAB,INE668F01031,420.1,20
86,INDIANB,INE562A01011,574.3,20
87,MANKIND,INE634S01028,2561.2,20
88,SARDAEN,INE385C01021,447,20
89,GMDCLTD,INE131A01031,345.3,20.83
90,ASTRAL,INE006I01046,1790.5,20
91,SONACOMS,INE073K01018,671.6,20
92,HAVELLS,INE176B01034,1718,20
93,INTELLECT,INE306R01017,717,20
94,SAFARI,INE429E01023,2585.2,20
95,PFIZER,INE182A01018,5313.25,20
96,MCX,INE745G01035,6185.35,20
97,ARVIND,INE034A01011,378.7,20
98,NORTHARC,INE850M01015,234.1,20
99,DCBBANK,INE503A01015,123.92,20
100,RRKABEL,INE777K01022,1439.1,20
101,JSWINFRA,INE880J01026,311.55,20
102,BIOCON,INE376G01013,365.15,20
103,BIRLACORPN,INE340A01012,1242.55,20
104,PIIND,INE603J01030,4065.5,20
105,INDUSINDBK,INE095A01012,995.85,13.69
106,TATAPOWER,INE245A01021,414.15,20
107,FILATEX,INE816B01035,67.26,20
108,BRITANNIA,INE216A01030,4941.15,8.56
109,MSTCLTD,INE255X01014,719.6,22.38
110,IOLCP,INE485C01011,369.9,20
111,SGBNOV258,IN0020170109,8000.01,10
112,SGBOCT27VI,IN0020190388,8002.04,10
113,BPCL,INE029A01011,292.1,13.07
114,SGBDE30III,IN0020220110,8250,10
115,ABB,INE117A01022,7421.25,20
116,APTUS,INE852O01025,320,20
117,GOLDBEES,INF204KB17I5,64.29,20
118,CEATLTD,INE482A01020,3078.15,20
119,NSLNISP,INE0NNS01018,45.98,20
120,SGBOCT25V,IN0020170075,7950,10
121,MRF,INE883A01011,125251.3,20
122,SGBJUN28,IN0020200104,8073.91,10
123,SYNGENE,INE398R01022,940.8,20
124,INOXINDIA,INE616N01034,1135.45,20
125,ACC,INE012A01025,2222.55,20
126,GRINDWELL,INE536A01023,2102,20
127,SHREECEM,INE070A01015,26076.45,20
128,ITIETF,INF109KC16I6,46.28,20
129,PHARMABEES,INF204KC1089,22.68,20
130,CLEAN,INE227W01023,1284.2,20
131,HCLTECH,INE860A01027,1848.05,8.82
132,JUBLPHARMA,INE700A01033,1234.25,20
133,TIMKEN,INE325A01013,3378.4,20
134,SGBMAR28X,IN0020190552,8049.68,10
135,SGBSEP31II,IN0020230093,8278.68,10
136,IIFL,INE530B01024,420.4,20.71
137,SBFC,INE423Y01016,86.92,20
138,ARE&M,INE885A01032,1280.7,20
139,ADANIENSOL,INE931S01010,840.5,26.86
140,KAYNES,INE918Z01012,5987.45,20
141,STARCEMENT,INE460H01021,182.89,20
142,SGBJUL25,IN0020170034,7998,10
143,ANDHRAPAP,INE435A01051,98.63,20
144,TI,INE133E01013,409,20.22
145,EXIDEIND,INE302A01020,452.6,20
146,ABREL,INE055A01016,2752.8,20
147,THERMAX,INE152A01029,4590.1,20
148,NEXT50IETF,INF109KC1NS5,73.75,6.64
149,GOKEX,INE887G01027,962.05,20
150,GILLETTE,INE322A01010,9812.7,20
151,DHAMPURSUG,INE041A01016,188.39,20
152,MOTILALOFS,INE338I01027,919.25,21.11
153,SGBOCT27,IN0020190370,8060,10
154,JSWSTEEL,INE019A01038,966,10.61
155,TDPOWERSYS,INE419M01027,436.15,20
156,BAJAJHLDNG,INE118A01012,10468.25,20
157,TTML,INE517B01013,78.74,21.28
158,IDEAFORGE,INE349Y01013,572.9,20
159,M&MFIN,INE774D01024,273.4,20
160,MOM30IETF,INF109KC17C7,34.94,7.34
161,KNRCON,INE634I01029,326.8,20
162,IFCI,INE039A01010,63.87,27.46
163,HATHWAY,INE982F01036,17.28,20
164,RAIN,INE855B01025,153.74,20
165,DISHTV,INE836F01026,10.8,20.45
166,IRFC,INE053F01010,149.34,20.54
167,WIPRO,INE075A01022,577.85,10.65
168,TATATECH,INE142M01025,938.5,20
169,ATUL,INE100A01010,7295.8,20
170,GMRINFRA,INE776C01039,83.21,20
171,NEWGEN,INE619B01017,1180.5,20.6
172,NIACL,INE470Y01017,194.41,22.02
173,INTERARCH,INE00M901018,1529.4,20
174,DIVISLAB,INE361B01024,6172.7,20
175,ASTERDM,INE914M01019,499.95,20
176,SENCO,INE602W01019,1151.35,20
177,JTLIND,INE391J01032,101.73,20
178,SHARDACROP,INE221J01015,805.85,20
179,SGBAPR28I,IN0020200062,8099.99,10
180,ABSLAMC,INE404A01024,865.2,20
181,AARTIDRUGS,INE767A01016,460.8,20
182,BANKBEES,INF204KB15I9,533.6,20
183,SGBAUG29V,IN0020210129,8076.42,10
184,ABDL,INE552Z01027,336.75,20
185,TRENT,INE849A01020,6795.4,13.95
186,EBBETF0430,INF754K01KO2,1432.99,20
187,MFSL,INE180A01020,1133.95,20
188,BANSALWIRE,INE0B9K01025,455.05,20
189,FINCABLES,INE235A01022,1149.85,20
190,PVRINOX,INE191H01014,1540.05,20
191,TATACHEM,INE092A01019,1111.75,20
192,KAJARIACER,INE217B01036,1206.9,20
193,SILVERBEES,INF204KC1402,86.92,20
194,APLLTD,INE901L01018,1092.2,20
195,CAPLIPOINT,INE475E01026,2196.35,20
196,SGBNV29VII,IN0020210178,8055,10
197,POLYCAB,INE455K01017,7297.9,20
198,BSOFT,INE836A01035,590.65,20
199,AJANTPHARM,INE031B01049,3022.55,20
200,PVTBANIETF,INF109KC18U7,25.37,20
201,ACI,INE128X01021,712.45,20
202,HONAUT,INE671A01010,40835.15,20
203,SIEMENS,INE003A01024,7560.85,20
204,HAL,INE066F01020,4476.85,20
205,MAZDOCK,INE249Z01012,4594.15,25.19
206,HINDCOPPER,INE531E01026,276,20.14
207,TRIDENT,INE064C01022,33.95,20
208,SGBJUN29II,IN0020210061,8051.05,10
209,AUBANK,INE949L01017,583.35,20
210,MOREPENLAB,INE083A01026,78.96,21.3
211,UPL,INE628A01036,545,20
212,SGBJUL27,IN0020190081,8050,10
213,MARKSANS,INE750C01026,342.75,20.62
214,SANSTAR,INE08NE01025,119.53,20
215,SAREGAMA,INE979A01025,508.7,20
216,HCC,INE549A01026,42.82,25.43
217,POLICYBZR,INE417T01026,1893.9,20
218,CENTURYPLY,INE348B01021,725.1,20
219,HDFCLIFE,INE795G01014,657.75,9.67
220,ECLERX,INE738I01010,3487.3,20
221,HIKAL,INE475B01022,411.8,20
222,NAUKRI,INE663F01024,8255.3,20
223,APARINDS,INE372A01015,10101.35,20
224,TRITURBINE,INE152M01016,767.65,20.4
225,SOUTHBANK,INE683A01023,24.27,20
226,ALPHA,INF174KA1IA5,54.13,7.65
227,HOMEFIRST,INE481N01025,1052.15,20
228,PNGJL,INE953R01016,681.2,20
229,LTFOODS,INE818H01020,397.1,20
230,PEL,INE140A01024,1185,20
231,GMMPFAUDLR,INE541A01023,1221.65,20
232,AEROFLEX,INE024001021,213.87,20
233,SUMICHEM,INE258G01013,551.65,20
234,EMCURE,INE168P01015,1365,20
235,APLAPOLLO,INE702C01027,1516.4,20
236,GOODLUCK,INE127I01024,987.6,20
237,KTKBANK,INE614B01018,212,20
238,ORIENTCEM,INE876N01018,342.35,20
239,POLYPLEX,INE633B01018,1282.8,20
240,KOPRAN,INE082A01010,217.35,100
241,FEDFINA,INE007N01010,114.78,20
242,BOMDYEING,INE032A01023,211.28,20.51
243,GIPCL,INE162A01010,211.65,20
244,SGBJUL28IV,IN0020200146,8098.95,10
245,TRIVENI,INE256C01024,399.1,20
246,SGBOCT25,IN0020170059,8179,10
247,MASTEK,INE759A01021,3172.25,20
248,CARTRADE,INE290S01011,1355.6,20
249,LODHA,INE670K01029,1253.2,20
250,RADICO,INE944F01028,2457.85,20
251,PERSISTENT,INE262H01021,5905.65,20
252,RTNINDIA,INE834M01019,65.91,21.31
253,SGBD29VIII,IN0020210228,8146.66,10
254,GODIGIT,INE03JT01014,342.8,20
255,SMALLCAP,INF769K01LC3,50.97,6.5
256,HBLPOWER,INE292B01021,623.65,21.12
257,NATCOPHARM,INE987B01026,1375.5,20
258,BANDHANBNK,INE545U01014,169.08,20
259,SGBAUG28V,IN0020200161,8061.4,10
260,MGL,INE002S01010,1191.75,20
261,MAHABANK,INE457A01014,57.03,20
262,GODREJIND,INE233A01035,1076.1,20
263,SHRIRAMFIN,INE721A01013,3019.65,13.79
264,FEDERALBNK,INE171A01029,210.78,20
265,LLOYDSENGG,INE093R01011,75.9,24.01
266,SGBMAY25,IN0020170018,7994,10
267,BHARTIHEXA,INE343G01021,1376.2,20
268,HDFCSILVER,INF179KC1DI2,87.22,20
269,ALKYLAMINE,INE150B01039,1964.8,20
270,PETRONET,INE347G01014,333.1,20
271,ESCORTS,INE042A01014,3553.9,20
272,FCL,INE045J01026,352,20
273,BORORENEW,INE666D01022,442,20
274,SETFNIF50,INF200KA1FS1,254.98,4.66
275,SGBN28VIII,IN0020200286,8042.49,10
276,GREENPANEL,INE08ZM01014,347.35,20
277,LIQUIDBETF,INF0QA701854,1003.11,5
278,NOCIL,INE163A01018,263.6,20
279,CGPOWER,INE067A01029,732.25,20
280,ACLGATI,INE152B01027,93.61,20
281,PRAKASH,INE603A01013,167.41,20.8
282,CHOLAFIN,INE121A01024,1233.95,20
283,M&M,INE101A01026,2966.1,12.19
284,UNOMINDA,INE405E01023,1051.25,20
285,JWL,INE209L01016,490.75,22.96
286,AWL,INE699H01024,313.65,20
287,MMTC,INE123F01029,78.62,23.49
288,ELGIEQUIP,INE285A01027,639.85,20
289,MID150BEES,INF204KB1V68,215.31,6.15
290,PGHH,INE179A01014,15891.2,20
291,SANSERA,INE953O01021,1587.65,20
292,TVSMOTOR,INE494B01023,2434.45,20
293,PNCINFRA,INE195J01029,296.05,20
294,SDBL,INE480C01038,103.72,20
295,GAEL,INE036B01030,124.22,20
296,SRF,INE647A01010,2265,20
297,CHALET,INE427F01016,890.1,20
298,BANKINDIA,INE084A01016,110.5,20
299,ZYDUSLIFE,INE010B01027,965.95,20
300,GABRIEL,INE524A01029,443.2,20
301,CANBK,INE476A01022,102.01,20
302,KARURVYSYA,INE036D01028,236.56,20
303,ADANIENT,INE423A01024,2463.15,23.22
304,GODFRYPHLP,INE260B01028,5673.15,22.92
305,SOBHA,INE671H01015,1669.05,20
306,PGHL,INE199A01012,5177.05,20
307,CDSL,INE736A01011,1639.45,20
308,MUTHOOTFIN,INE414G01012,1917.05,20
309,MAHLIFE,INE813A01018,494.9,20
310,JKTYRE,INE573A01042,382,20
311,UBL,INE686F01025,1950.5,20
312,TIPSMUSIC,INE716B01029,859.05,20
313,COFORGE,INE591G01017,8685.85,20
314,AAVAS,INE216P01012,1673.15,20
315,ENGINERSIN,INE510A01028,201.36,21.34
316,AFFLE,INE00WC01027,1619.25,20
317,VAIBHAVGBL,INE884A01027,282.05,20
318,WSTCSTPAPR,INE976A01021,574.1,20
319,KPRMILL,INE930H01031,978.8,20
320,LIQUIDSHRI,INF680P01422,1025.41,5
321,CYIENTDLM,INE055S01018,699.25,20
322,MHRIL,INE998I01010,369.45,20
323,ONGC,INE213A01029,256.7,13.78
324,GODREJCP,INE102D01028,1244.65,20
325,ANGELONE,INE732I01013,2897.1,21.29
326,HEROMOTOCO,INE158A01026,4761.7,10.1
327,IONEXCHANG,INE570A01022,662.5,20
328,GODREJPROP,INE484J01027,2776.15,20
329,RBA,INE07T201019,86.86,20
330,EVEREADY,INE128A01029,388.85,20
331,IGL,INE203G01027,327.05,20
332,GICRE,INE481Y01014,399.6,20
333,APOLLOHOSP,INE437A01024,6828.9,9.33
334,KEC,INE389H01022,1054.3,20
335,SAIL,INE114A01011,117.11,20
336,SPIC,INE147A01011,77.54,20
337,MASFIN,INE348L01012,277.75,20
338,LICHSGFIN,INE115A01026,638.8,20
339,INDIGO,INE646L01027,4378.9,20
340,TATASTEEL,INE081A01020,144.54,11.56
341,SGBMAY29I,IN0020210053,8070.09,10
342,IDBI,INE008A01015,81.99,20
343,SGBJAN26,IN0020170166,8075,10
344,ZENSARTECH,INE520A01027,759.1,20
345,FIEMIND,INE737H01014,1528.1,20
346,MEDPLUS,INE804L01022,782.7,20
347,CARYSIL,INE482D01024,762.35,20
348,YATHARTH,INE0JO301016,594.65,20
349,SHK,INE500L01026,281.95,20
350,NUVOCO,INE118D01016,350.75,20
351,CUB,INE491A01021,179.53,20
352,FIVESTAR,INE128S01021,655.8,20
353,UTKARSHBNK,INE735W01017,35.92,20
354,RVNL,INE415G01027,435.85,24.65
355,SATIN,INE836B01017,158.36,20
356,BAJAJFINSV,INE918I01026,1579.95,9.39
357,NEULANDLAB,INE794A01010,16709.3,24.18
358,BEML,INE258A01016,4239.5,21.96
359,GPPL,INE517F01014,187.57,20
360,SUNDARMFIN,INE660A01013,3968.4,20
361,EBBETF0425,INF754K01LD3,1257.08,20
362,RBLBANK,INE976G01028,154.98,20
363,OLECTRA,INE260D01016,1596.3,20
364,HONASA,INE0J5401028,263.95,21.19
365,MINDACORP,INE842C01021,495.55,20
366,VINATIORGA,INE410B01037,1865.45,20
367,RELIANCE,INE002A01018,1292.2,8.64
368,IMAGICAA,INE172N01012,72.87,20.84
369,ANURAS,INE930P01018,732.85,20
370,AHLUCONT,INE758C01029,1001.2,20
371,SIGNATURE,INE903U01023,1347.35,20
372,DEEPAKFERT,INE501A01019,1374.95,20
373,HAPPSTMNDS,INE419U01012,723.3,20
374,SFL,INE916U01025,840.75,20
375,WELSPUNLIV,INE192B01031,152.5,20
376,SUVENPHAR,INE03QK01018,1305.8,20
377,KOTAKBANK,INE237A01028,1765.25,8.8
378,INFY,INE009A01021,1857.85,9.32
379,UNIECOM,INE00U401027,177.94,20
380,LIQUID,INF769K01KS1,999.99,5
381,SHAREINDIA,INE932X01026,290,20
382,VARROC,INE665L01035,519.35,20
383,KANSAINER,INE531A01024,280.95,20
384,SBIN,INE062A01020,838.95,11.19
385,ENTERO,INE010601016,1352.8,20
386,DELTACORP,INE124G01033,117.56,20
387,LINDEINDIA,INE473A01011,6920.75,20
388,CAMLINFINE,INE052I01032,122.62,20
389,PRESTIGE,INE811K01011,1650.55,20
390,GRASIM,INE047A01021,2606.25,9.09
391,NHPC,INE848E01016,81.44,20
392,SHILPAMED,INE790G01031,898.05,20
393,TECHM,INE669C01036,1712.3,10.21
394,SGBDEC2513,IN0020170158,8100,10
395,REDINGTON,INE891D01026,197.63,20
396,ALKEM,INE540L01014,5642.45,20
397,NTPC,INE733E01010,363.65,11.87
398,JIOFIN,INE758E01017,328.35,20
399,PIDILITIND,INE318A01026,3066.2,20
400,RENUKA,INE087H01022,42.6,20
401,GANECOS,INE845D01014,2399.05,20
402,LICI,INE0J1Y01017,985.5,20
403,PPLPHARMA,INE0DK501011,268.75,20
404,JINDALSAW,INE324A01032,308.05,20
405,JBCHEPHARM,INE572A01036,1735.3,20
406,UNITDSPR,INE854D01024,1529.1,20
407,SGBNOV26,IN0020180314,8000,10
408,SGBSEP28VI,IN0020200195,8049.54,10
409,RELAXO,INE131B01039,670,20
410,SGBDEC25,IN0020170125,8200,10
411,JAMNAAUTO,INE039C01032,102.97,20
412,MANGLMCEM,INE347A01017,882.35,20
413,BAJAJHFL,INE377Y01014,135.87,20
414,CMSINFO,INE925R01014,495.9,20
415,MUTHOOTMF,INE046W01019,187.82,20
416,ARVINDFASN,INE955V01021,569,20
417,JAICORPLTD,INE070D01027,365.6,23.27
418,SBICARD,INE018E01016,700.6,20
419,TEGA,INE011K01018,1719.85,20
420,LOWVOLIETF,INF109KC19U5,21.08,6.81
421,PHOENIXLTD,INE211B01039,1656.25,20
422,AUROPHARMA,INE406A01037,1262.6,20
423,CERA,INE739E01017,7413.05,20
424,VPRPL,INE0AE001013,294.75,20.02
425,GATEWAY,INE079J01017,82.62,20
426,SUPRAJIT,INE399C01030,463.65,20
427,ORIENTPPR,INE592A01026,40.1,20
428,TBOTEK,INE673O01025,1586.6,20
429,AVANTEL,INE005B01027,156.55,20
430,HINDUNILVR,INE030A01027,2496.15,7.74
431,LUPIN,INE326A01037,2050.75,20
432,TIRUMALCHM,INE338A01024,375.6,20
433,ITBEES,INF204KB15V2,46.46,20
434,ALPL30IETF,INF109KC17V7,28.65,4.82
435,SETFGOLD,INF200KA16D8,66.29,20
436,MIDCAPETF,INF769K01IC9,21.18,6.33
437,SUDARSCHEM,INE659A01023,1065.95,20
438,KSB,INE999A01023,832.05,20
439,LAURUSLABS,INE947Q01028,567.15,20
440,SUPREMEIND,INE195A01028,4651.1,20
441,LTIM,INE214T01019,6172.4,20
442,SYMPHONY,INE225D01027,1344.35,20
443,SGBOCT26,IN0020180249,8189,10
444,HINDOILEXP,INE345A01011,191.34,20
445,MON100,INF247L01AP3,175.88,6.96
446,VIPIND,INE054A01027,514.85,20
447,SUPRIYA,INE07RO01027,775.95,20.02
448,PTC,INE877F01012,173.65,20
449,HDFCAMC,INE127D01025,4204.25,20
450,JUSTDIAL,INE599M01018,1105.8,20
451,GOLD1,INF174KA1HJ8,64.64,20
452,ACE,INE731H01025,1308.1,20.28
453,SGBJ28VIII,IN0020190537,8000,10
454,LIQUIDETF,INF740KA1EU7,1000,5
455,UJJIVANSFB,INE551W01018,35.62,20
456,KALYANKJIL,INE303R01014,724.45,20
457,SYRMA,INE0DYJ01015,566.15,20
458,SPANDANA,INE572J01011,396.25,20
459,BALRAMCHIN,INE119A01028,585.1,20
460,PATELENG,INE244B01030,53.21,20.83
461,TATAELXSI,INE670A01012,6670.75,20
462,SGBMAR31IV,IN0020220169,8204.03,10
463,DBL,INE917M01012,481.95,20
464,SGBJAN30IX,IN0020210236,8076,10
465,PNBHOUSING,INE572E01012,891.7,20
466,PSUBNKBEES,INF204KB16I7,75.63,20
467,ADANIPORTS,INE742F01042,1190.05,17.73
468,HINDZINC,INE267A01025,504.6,20
469,ORCHPHARMA,INE191A01027,1676.45,20
470,NYKAA,INE388Y01029,172.06,20
471,JISLJALEQS,INE175A01038,72.23,22.55
472,J&KBANK,INE168A01041,97.46,20
473,SGBSEP29VI,IN0020210145,8087.84,10
474,PSB,INE608A01012,50.02,20.28
475,KIMS,INE967H01025,589.55,20
476,VIJAYA,INE043W01024,1166.65,20
477,METROPOLIS,INE112L01020,2141.6,20
478,TTKPRESTIG,INE690A01028,844.4,20
479,HGINFRA,INE926X01010,1331.15,20
480,PCBL,INE602A01031,433.85,20
481,TATACOMM,INE151A01013,1755.1,20
482,PITTIENG,INE450D01021,1456.55,20
483,GROWWLIQID,INF666M01IP5,101.23,5
484,ATGL,INE399L01023,812.35,23.64
485,DATAPATTNS,INE0IX101010,2503.4,20.14
486,SILVERETF,INF789F1AYK6,87.97,20
487,RAINBOW,INE961O01016,1589.4,20
488,TEXRAIL,INE621L01012,212.94,22.62
489,SUNDRMFAST,INE387A01021,1152.15,20
490,ASHOKLEY,INE208A01029,232.08,20
491,AMBER,INE371P01015,6064.95,20
492,VESUVIUS,INE386A01015,5374.05,20
493,GSPL,INE246F01010,354.15,20
494,SGBDC27VII,IN0020190461,8200,10
495,TATAMOTORS,INE155A01022,786.45,11.69
496,NV20IETF,INF109KC11V0,15.39,20
497,SGBNOV25IX,IN0020170117,7849,10
498,ASKAUTOLTD,INE491J01022,454.95,20
499,FORCEMOT,INE451A01017,6892.3,22.99
500,BATAINDIA,INE176A01028,1410.85,20
501,INFIBEAM,INE483S01020,27.02,20
502,CSBBANK,INE679A01013,307.55,20
503,MOLDTKPAC,INE893J01029,688.6,20
504,JKCEMENT,INE823G01014,4278.25,20
505,WABAG,INE956G01038,1794.9,20
506,KRN,INE0Q3J01015,782.25,20
507,AVANTIFEED,INE871C01038,586.25,20
508,ASHOKA,INE442H01029,249.47,20
509,RATNAMANI,INE703B01027,3433,20
510,POLYMED,INE205C01021,2782.6,20
511,COROMANDEL,INE169A01031,1789,20
512,CIEINDIA,INE536H01010,480.3,20
513,SGBDEC26,IN0020180389,8000,10
514,GLENMARK,INE935A01035,1528.65,20
515,SAMHI,INE08U801020,182.99,20
516,LT,INE018A01030,3724.8,10.6
517,STARHEALTH,INE575P01011,469.75,20
518,AXISBANK,INE238A01034,1136.3,9.62
519,RAILTEL,INE0DD101019,410.1,23.72
520,JSWENERGY,INE121E01018,654.65,20
521,ELECTCAST,INE086A01029,152.57,21.54
522,CAPACITE,INE264T01014,433.3,20
523,BSE,INE118H01025,4670.75,22.96
524,IPCALAB,INE571A01038,1542.55,20
525,FDC,INE258B01022,511.7,20
526,CENTRALBK,INE483A01010,55.92,20
527,DBREALTY,INE879I01012,172.96,24.68
528,HINDPETRO,INE094A01015,383.1,20
529,BAJFINANCE,INE296A01024,6575.9,10.35
530,NLCINDIA,INE589A01014,258.85,20.48
531,SURYAROSNI,INE335A01020,571.5,20
532,LTGILTBEES,INF204KB1882,27.02,10
533,KESORAMIND,INE087A01019,216.99,20
534,INGERRAND,INE177A01018,4514.7,20
535,ABBOTINDIA,INE358A01014,27723.4,20
536,PARADEEP,INE088F01024,111.08,20
537,DEN,INE947J01015,44.64,20
538,SCI,INE109A01011,234.87,22.21
539,AVALON,INE0LCL01028,964.9,20
540,IOC,INE242A01010,138.63,20
541,OBEROIRLTY,INE093I01010,2007.35,20
542,BALKRISIND,INE787D01026,2780.15,20
543,IEX,INE022Q01020,176.19,20
544,EMBDL,INE069I01010,136.95,23.48
545,ENDURANCE,INE913H01037,2348.1,20
546,MIDHANI,INE099Z01011,346.4,20
547,DREAMFOLKS,INE0JS101016,425.4,20
548,ANUP,INE294Z01018,3655.15,21.98
549,STYLEBAAZA,INE01FR01028,345.9,20
550,INDHOTEL,INE053A01029,793.35,20
551,HIMATSEIDE,INE049A01027,180.45,20.48
552,AUTOBEES,INF204KC1337,239.02,20
553,GENESYS,INE727B01026,906.9,23.99
554,PNB,INE160A01022,104.9,20
555,ISGEC,INE858B01029,1434.85,20
556,FSL,INE684F01012,366.7,20
557,ULTRACEMCO,INE481G01011,11202.15,8.89
558,ASTRAZEN,INE203A01020,6564.2,20
559,PRINCEPIPE,INE689W01016,427.5,20
560,BANKBARODA,INE028A01039,246.4,20
561,ICICIGI,INE765G01017,1861.85,20
562,GHCL,INE539A01019,601.6,20
563,SUNPHARMA,INE044A01036,1780.9,7.43
564,LIQUIDCASE,INF0R8F01034,105.67,5
565,RAMCOCEM,INE331A01037,1014.8,20
566,GLAND,INE068V01023,1738,20
567,BEL,INE263A01024,308,14.91
568,SKIPPER,INE439E01022,578.9,25.59
569,BCLIND,INE412G01024,56.39,20
570,CONCOR,INE111A01025,828.35,20
571,SWARAJENG,INE277A01016,3141.45,20
572,SGBDEC25XI,IN0020170133,8237.92,10
573,INDGN,INE065X01017,682.25,20
574,SAMMAANCAP,INE148I01020,167.87,20
575,FMCGIETF,INF109KC19V3,60.98,20
576,GAIL,INE129A01019,199.46,20
577,PATANJALI,INE619A01035,1810.3,20
578,CREDITACC,INE741K01010,902,20
579,DELHIVERY,INE148O01028,335.95,20
580,ABFRL,INE647O01011,313.75,20
581,FINPIPE,INE183A01024,268.45,20
582,SGBJU29III,IN0020210087,8081.46,10
583,IOB,INE565A01014,53.83,20.26
584,TMB,INE668A01016,473.35,20
585,SCHAEFFLER,INE513A01022,3584.2,20
586,ICICIPRULI,INE726G01019,699.65,20
587,GRWRHITECH,INE291A01017,4937.05,24.3
588,CHOICEIN,INE102B01014,530.3,20
589,ISEC,INE763G01038,872.65,20
590,ABCAPITAL,INE674K01013,194.33,20
591,UTIAMC,INE094J01016,1299.15,20
592,TIMETECHNO,INE508G01029,449.45,20.66
593,BAJAJCON,INE933K01021,210.35,20
594,MANINFRA,INE949H01023,234.2,20
595,BALUFORGE,INE011E01029,744.25,20
596,DIXON,INE935N01020,15807.4,20
597,CONCORDBIO,INE338H01029,2127.5,20
598,MSUMI,INE0FS801015,63.99,20
599,CYIENT,INE136B01020,1853.45,20
600,SGBMAY28,IN0020200088,8049,10
601,SHRIPISTON,INE526E01018,2157.75,20
602,NATIONALUM,INE139A01034,242.14,20
603,KSCL,INE455I01029,865.45,20
604,MEDIASSIST,INE456Z01021,595.95,20
605,BHARTIARTL,INE397D01024,1627.15,8.61
606,DALBHARAT,INE00R701025,1820.35,20
607,BEPL,INE922A01025,126.84,20
608,SILVER,INF209KB19F6,90.39,20
609,STAR,INE939A01011,1635.35,20
610,PRAJIND,INE074A01025,823.75,20
611,MRPL,INE103A01014,154.56,21.2
612,LIQUID1,INF174KA1LV5,1021.71,5
613,DCW,INE500A01029,98.52,22.29
614,BHARATFORG,INE465A01025,1332.25,20
615,VEDL,INE205A01025,453.5,20
616,GPIL,INE177H01039,188.39,20
617,WONDERLA,INE066O01014,828.9,20
618,AMBUJACEM,INE079A01024,531.5,20
619,VOLTAS,INE226A01021,1658.25,20
620,NAM-INDIA,INE298J01013,685.5,20
621,CANFINHOME,INE477A01020,823.95,20
622,SILVERIETF,INF109KC1Y56,90.33,20
623,TATAINVEST,INE672A01018,6643,20
624,MAPMYINDIA,INE0BV301023,1752.4,20
625,DLF,INE271C01023,822.95,20
626,CARBORUNIV,INE120A01034,1459.15,20
627,NESCO,INE317F01035,1056.15,20
628,SGBJUN27,IN0020190073,8045.35,10
629,MAHSEAMLES,INE271B01025,642.25,20
630,VBL,INE200M01039,621.2,20
631,BALAMINES,INE050E01027,2064.35,20
632,NAVINFLUOR,INE048G01026,3507.9,20
633,SGBJUL29IV,IN0020210111,8065.73,10
634,JMFINANCIL,INE780C01023,136.49,20
635,CEIGALL,INE0AG901020,342.2,20
636,SIGACHI,INE0D0K01022,53.92,20
637,LIQUIDIETF,INF109KC1KT9,1000,5
638,LALPATHLAB,INE600L01024,3002.9,20
639,JKPAPER,INE789E01012,423.4,20
640,EMSLIMITED,INE0OV601013,806.35,20
641,INDIACEM,INE383A01012,365.8,20
642,BLUEDART,INE233B01017,7505.55,20
643,RELIGARE,INE621H01010,250.23,20
644,HITECH,INE106T01025,164.35,20
645,MOM100,INF247L01023,60.44,6.17
646,RALLIS,INE613A01020,332.5,20
647,EMIL,INE02YR01019,180.07,20
648,FINEORG,INE686Y01026,5197.9,20
649,CIPLA,INE059A01026,1533.9,10.01
650,LXCHEM,INE576O01020,263,20
651,LIQUIDPLUS,INF769K01MY5,1004.5,5
652,GREENPLY,INE461C01038,338.7,20
653,TEJASNET,INE010J01012,1319.95,20.64
654,MANAPPURAM,INE522D01027,156.26,20
655,STLTECH,INE089C01029,117.93,20
656,LIQUIDADD,INF740KA1UM0,1043.91,5
657,MAFANG,INF769K01HF4,111.44,20
658,TCS,INE467B01029,4270.85,8.13
659,EIDPARRY,INE126A01031,857.65,20
660,PNBGILTS,INE859A01011,116.84,20
661,LLOYDSME,INE281B01032,1039.5,20
662,DWARKESH,INE366A01041,66.3,20
663,HUDCO,INE031A01017,238.61,23.69
664,SGBFEB28IX,IN0020190545,8200,10
665,POWERMECH,INE211R01019,2835,20
666,ADANIGREEN,INE364U01010,1323.9,26.01
667,IDFCFIRSTB,INE092T01019,64.08,20
668,AWFIS,INE108V01019,693.85,20
669,BAJAJ-AUTO,INE917I01010,9033.65,11.37
670,WELENT,INE625G01013,532.5,20
671,PRICOLLTD,INE726V01018,483.75,20
672,JKLAKSHMI,INE786A01032,779.75,20
673,PRSMJOHNSN,INE010A01011,188.45,20
674,GANDHAR,INE717W01049,222.88,20
675,CIGNITITEC,INE675C01017,1663.4,20
676,GRAVITA,INE024L01027,2176.8,23.82
677,BHEL,INE257A01026,251.09,20
678,USHAMART,INE228A01035,379.6,20
679,BOSCHLTD,INE323A01026,34966.2,20
680,BIKAJI,INE00E101023,802.7,20
681,RATEGAIN,INE0CLI01024,701.9,20
682,DABUR,INE016A01026,527.15,20
683,CHENNPETRO,INE178A01016,626.75,21.87
684,EQUITASBNK,INE063P01018,62.33,20
685,KRBL,INE001B01026,308.25,20
686,NIFTYBEES,INF204KB14I2,269.88,4.59
687,CPSEETF,INF457M01133,91.63,20
688,KEI,INE878B01027,4313.25,20
689,ARKADE,INE0QRL01017,148.47,20
690,DODLA,INE021O01019,1228.85,20
691,JUBLFOOD,INE797F01020,644.55,20
692,SBILIFE,INE123W01016,1437.75,9.68
693,SOLARINDS,INE343H01029,10681.2,20
694,PARAGMILK,INE883N01014,207.11,20
695,ZEEL,INE256A01028,129.16,22.13
696,SONATSOFTW,INE269A01021,625.9,20
697,MAHLOG,INE766P01016,382.9,20
698,CCL,INE421D01022,791.45,20
699,OFSS,INE881D01027,11696.45,20
700,JBMA,INE927D01044,1568.2,20
701,HEMIPROP,INE0AJG01018,173.45,20
702,CUMMINSIND,INE298A01020,3483.7,20
703,SGBDE31III,IN0020230168,8364.55,10
704,NBCC,INE095N01031,99.22,22.14
705,REPCOHOME,INE612J01015,493,20
706,CAMS,INE596I01012,4928.4,20
707,INDIGOPNTS,INE09VQ01012,1433.55,20
708,SGBOC28VII,IN0020200203,8025.08,10
709,NAZARA,INE418L01021,1000.9,20
710,STYRENIX,INE189B01011,2521.85,20
711,MPHASIS,INE356A01018,2974.55,20
712,JUBLINGREA,INE0BY001018,784.65,20
713,SGBAUG30,IN0020220078,8188.8,10
714,SSWL,INE802C01033,202.77,20
715,BBTC,INE050A01025,2405.85,20
716,BLSE,INE0NLT01010,221.45,20
717,ZOMATO,INE758T01015,279.76,20
718,BAYERCROP,INE462A01022,5692.3,20
719,HFCL,INE548A01028,129.09,22.24
720,CRISIL,INE007A01025,5364,20
721,POWERGRID,INE752E01010,329.4,11.47
722,GESHIP,INE017A01032,1100.85,20
723,APOLLOTYRE,INE438A01022,509.65,20
724,CELLO,INE0LMW01024,790.15,20
725,ANANDRATHI,INE463V01026,4156.05,20
726,SGBDEC2512,IN0020170141,8350,10
727,EMUDHRA,INE01QM01018,882.35,20
728,SUNTV,INE424H01027,758.4,20
729,SGBFEB32IV,IN0020230184,8387.75,10
730,ITDCEM,INE686A01026,522.6,22.97
731,RHIM,INE743M01012,520.8,20
732,ROUTE,INE450U01017,1440.5,20
733,BAJAJHIND,INE306A01021,33.54,22.44
734,AGI,INE415A01038,959.3,20
735,BRIGADE,INE791I01019,1240.9,20
736,GULFOILLUB,INE635Q01029,1105.25,20
737,NH,INE410P01011,1266.7,20
738,SGBMR29XII,IN0020200427,8055,10
739,GILT5YBEES,INF204KC1030,58.54,10
740,GOLDIETF,INF109KC1NT3,66.37,20
741,ASTRAMICRO,INE386C01029,799.55,20
742,KIRLOSBROS,INE732A01036,2279.9,23.38
743,EKC,INE184H01027,208.14,22.95
744,SHREDIGCEM,INE232A01011,89.1,20
745,NESTLEIND,INE239A01024,2234.65,7.4
746,UNIONBANK,INE692A01016,121.62,20
747,PRUDENT,INE00F201020,3044.35,21.3
748,SANGHVIMOV,INE989A01032,329.75,23.03
749,MOTHERSON,INE775A01035,162.46,20
750,ERIS,INE406M01024,1440.15,20
751,EIHOTEL,INE230A01023,379.4,20
752,TITAGARH,INE615H01020,1205.5,22.23
753,CHOLAHLDNG,INE149A01033,1631.8,20
754,DEVYANI,INE872J01023,165.23,20
755,EPIGRAL,INE071N01016,2082.35,20.84
756,SKFINDIA,INE640A01023,5006.3,20
757,SGBJUN31I,IN0020230069,8299.6,10
758,TATAGOLD,INF277KA1976,7.55,20
759,METROBRAND,INE317I01021,1235.55,20
760,TORNTPOWER,INE813H01021,1510.7,20
761,IRCON,INE962Y01021,209.75,22.85
762,NAVA,INE725A01022,1059.4,20.63
763,POONAWALLA,INE511C01022,354.45,20
764,LEMONTREE,INE970X01018,130.59,20
765,JINDALSTEL,INE749A01030,906.45,20
766,360ONE,INE466L01038,1115.05,20
767,BLS,INE153T01027,388.45,20
768,INDIAMART,INE933S01016,2344.9,20
769,VGUARD,INE951I01027,416.95,20
770,QUESS,INE615P01015,704.95,20
771,GRINFRA,INE201P01022,1636,20
772,MANYAVAR,INE825V01034,1434.2,20
773,DYNAMATECH,INE221B01012,7713.75,20
774,CESC,INE486A01021,173.98,20
775,SJS,INE284S01014,1249.75,20
776,KRSNAA,INE08LI01020,995.55,20
777,VENKEYS,INE398A01010,1753.55,20
778,ADANIPOWER,INE814H01011,554.8,21.14
779,HEIDELBERG,INE578A01017,217.51,20
780,CGCL,INE180C01042,208.87,20
781,OLAELEC,INE0LXG01040,87.41,20
782,LUXIND,INE150G01020,1921.55,20
783,GSFC,INE026A01025,224.13,20
784,ALEMBICLTD,INE426A01027,131.37,20
785,COALINDIA,INE522F01014,416.4,12.66
786,SUNTECK,INE805D01034,515.15,20
787,MEDANTA,INE474Q01031,1075.15,20
788,AEGISLOG,INE208C01025,907.95,20.39
789,GLAXO,INE159A01016,2444.4,20
790,VSTIND,INE710A01016,323.45,20
791,ASAHIINDIA,INE439A01020,684.6,20
792,PFC,INE134E01011,495.3,20
793,SNOWMAN,INE734N01019,73.7,20
794,CRAFTSMAN,INE00LO01017,5099.3,20
795,LIQUIDSBI,INF200KA13Z8,1000.01,5
796,SGBFEB29XI,IN0020200393,8060.17,10
797,KCP,INE805C01028,247.07,20
798,SGBJAN27,IN0020180462,8200,10
799,ZYDUSWELL,INE768C01010,2024.95,20
800,SAPPHIRE,INE806T01020,326.2,20
801,ICIL,INE483B01026,324.65,20
802,SHYAMMETL,INE810G01011,834.6,20
803,CROMPTON,INE299U01018,409.7,20
804,AUTOIETF,INF109KC10V2,23.91,20
805,HEG,INE545A01024,442.15,20
806,WELCORP,INE191B01025,774.7,20
807,HDFCGOLD,INF179KC1981,66.32,20
808,CAMPUS,INE278Y01022,284.8,20
809,AMIORG,INE00FF01017,2142.95,20
810,FIRSTCRY,INE02RE01045,604.35,20
811,JSL,INE220G01021,683.2,20
812,SGBFEB27,IN0020180561,8250,10
813,ESAFSFB,INE818W01011,39.95,20
814,GREAVESCOT,INE224A01026,186.98,20
815,MOL,INE0CT101020,97.05,20
816,EASEMYTRIP,INE07O001026,17.99,20
817,ELECON,INE205B01031,584.75,20.4
818,MTARTECH,INE864I01014,1787.65,20
819,KPIL,INE220B01022,1140.05,20
820,AARTIIND,INE769A01020,448.3,20
821,VOLTAMP,INE540H01012,10161.15,22.05
822,IRCTC,INE335Y01020,815.95,20
823,NUVAMA,INE531F01015,6565.2,20
824,RKFORGE,INE399G01023,966.2,20
825,SGBJAN29X,IN0020200385,8051,10
826,TEAMLEASE,INE985S01024,2898.25,20
827,GNFC,INE113A01013,638.8,20
828,ETHOSLTD,INE04TZ01018,3277.95,20
829,KPITTECH,INE04I401011,1368.8,20
830,DCMSHRIRAM,INE499A01024,1153.5,20
831,LTTS,INE010V01017,5285.2,20
832,GRAPHITE,INE371A01025,521.5,20
833,MAXHEALTH,INE027H01010,979.75,20
834,GODREJAGRO,INE850D01014,750.55,20
835,JKIL,INE576I01022,754.15,20
836,IDEA,INE669E01016,8.36,26.22
837,SJVN,INE002L01015,114.89,21.2
838,AIAENG,INE212H01026,3499.25,20
839,UFLEX,INE516A01017,535.9,20
840,ALLCARGO,INE418H01029,53.72,20
841,RITES,INE320J01015,284.8,20.11
842,EPL,INE255A01020,256.1,20
843,MARICO,INE196A01026,644.95,20
844,GRANULES,INE101D01020,584.3,20
845,ICICIBANK,INE090A01021,1300.1,8.08
846,AXITA,INE02EZ01022,12,20
847,HDFCSML250,INF179KC1FB2,177.58,6.36
848,ASIANPAINT,INE021A01026,2479.6,8.55
849,RIIL,INE046A01015,1173.75,20
850,BALMLAWRIE,INE164A01016,229.41,20
851,GICHSGFIN,INE289B01019,218.01,20
852,SURYODAY,INE428Q01011,139.79,20
853,CASTROLIND,INE172A01027,200.73,20
854,HDFCLIQUID,INF179KC1HE2,1000,5
855,IRB,INE821I01022,53.39,20.34
856,SAGILITY,INE0W2G01015,37.02,20
857,AFCONS,INE101I01011,503.85,20
858,DBEIL,INE0OPA01019,171.02,20
859,GODAVARIB,INE497S01012,353.7,20
860,HYUNDAI,INE0V6F01027,1916.55,20
861,NIVABUPA,INE995S01015,75.39,20
862,SWIGGY,INE00H001014,470.75,20
863,WAAREEENER,INE377N01017,2667.75,20
864,ACMESOLAR,INE622W01025,274.3,20