Confirmed list of securities to be auctioned in A 2024226 to be held on Dec 02 2024.

Sr No,Symbol,Series,Total Qty
1,3PLAND,EQ,2574
2,63MOONS,EQ,740
3,AADHARHFC,EQ,2802
4,AARTECH,EQ,1500
5,AARTIIND,EQ,1
6,ABAN,EQ,9
7,ABREL,EQ,10
8,ACCELYA,EQ,14
9,ACEINTEG,EQ,67
10,ACMESOLAR,EQ,47
11,ADANIENSOL,EQ,79
12,ADANIENT,EQ,7
13,ADANIGREEN,EQ,3578
14,ADANIPORTS,EQ,76
15,ADANIPOWER,EQ,93
16,AEGISLOG,EQ,784
17,AEROFLEX,EQ,10
18,AFCONS,EQ,5
19,AGI,EQ,28
20,AHLADA,EQ,6454
21,AJMERA,EQ,1061
22,AKASH,EQ,744
23,ALANKIT,EQ,1036
24,ALKEM,EQ,3
25,AMBER,EQ,184
26,AMBUJACEM,EQ,10
27,AMIORG,EQ,74
28,AMJLAND,EQ,119
29,ANGELONE,EQ,681
30,ANUP,EQ,20
31,APCOTEXIND,EQ,41
32,APTUS,EQ,56
33,ARENTERP,EQ,81
34,ARVINDFASN,EQ,501
35,ASHAPURMIN,EQ,1376
36,ASHOKA,EQ,4065
37,ASIANPAINT,EQ,4
38,ASTERDM,EQ,600
39,ATGL,EQ,20
40,AUROPHARMA,EQ,5
41,AUTOAXLES,EQ,10
42,AVANTEL,EQ,37
43,AWL,EQ,4080
44,AXISBANK,EQ,53
45,AZAD,EQ,737
46,BAJAJELEC,EQ,23
47,BAJAJHFL,EQ,1744
48,BAJAJHIND,EQ,10520
49,BAJEL,EQ,1
50,BAJFINANCE,EQ,3
51,BALAJITELE,EQ,9
52,BALRAMCHIN,EQ,4627
53,BANCOINDIA,EQ,47
54,BANKBARODA,EQ,101
55,BANKBEES,EQ,100
56,BANKINDIA,EQ,3528
57,BASF,EQ,70
58,BATAINDIA,EQ,1
59,BBOX,EQ,520
60,BCLIND,EQ,307
61,BEL,EQ,4400
62,BHARATWIRE,EQ,310
63,BHARTIARTL,EQ,235
64,BHARTIHEXA,EQ,110
65,BHEL,EQ,59
66,BIRET,RR,1
67,BIRLACORPN,EQ,23
68,BLISSGVS,EQ,63
69,BPCL,EQ,1350
70,BSE,EQ,184
71,BSLNIFTY,EQ,1402
72,BSOFT,EQ,42
73,CAMS,EQ,52
74,CANBK,EQ,100
75,CAPACITE,EQ,2626
76,CAPLIPOINT,EQ,520
77,CARBORUNIV,EQ,2
78,CAREERP,EQ,1
79,CARTRADE,EQ,321
80,CCL,EQ,1004
81,CDSL,EQ,42
82,CEIGALL,EQ,1
83,CGCL,EQ,3681
84,CGPOWER,EQ,500
85,CHAMBLFERT,EQ,320
86,CHENNPETRO,EQ,1317
87,CIGNITITEC,EQ,689
88,CIPLA,EQ,10
89,COFORGE,EQ,195
90,CONCOR,EQ,18
91,CONCORDBIO,EQ,1
92,CONFIPET,EQ,78
93,CPSEETF,EQ,1775
94,CREDITACC,EQ,30
95,CTE,EQ,78
96,CUB,EQ,1722
97,CYIENTDLM,EQ,134
98,DABUR,EQ,255
99,DATAPATTNS,EQ,411
100,DAVANGERE,EQ,1821
101,DBL,EQ,149
102,DBREALTY,EQ,235
103,DCMSHRIRAM,EQ,684
104,DCW,EQ,30
105,DECCANCE,EQ,12
106,DEEPAKFERT,EQ,15
107,DEEPINDS,EQ,129
108,DELHIVERY,EQ,2409
109,DHANI,EQ,4609
110,DHRUV,EQ,5627
111,DIVISLAB,EQ,50
112,DIXON,EQ,56
113,DJML,EQ,50
114,DOMS,EQ,377
115,DREDGECORP,EQ,6
116,DWARKESH,EQ,83
117,EBBETF0430,EQ,6
118,EDELWEISS,EQ,48
119,EIDPARRY,EQ,792
120,EIEL,EQ,577
121,EIHOTEL,EQ,5
122,EKC,EQ,5009
123,ELECON,EQ,20
124,ELECTCAST,EQ,557
125,ELGIEQUIP,EQ,1755
126,EMAMILTD,EQ,1664
127,EMAMIREAL,EQ,1
128,EMBDL,EQ,1000
129,EMMBI,EQ,140
130,EMSLIMITED,EQ,1391
131,ENGINERSIN,EQ,5590
132,ENTERO,EQ,1
133,EPIGRAL,EQ,375
134,EPL,EQ,4200
135,EUREKAFORB,EQ,408
136,EXICOM,EQ,980
137,EXIDEIND,EQ,17
138,EXXARO,EQ,1000
139,FACT,EQ,9
140,FEDERALBNK,EQ,721
141,FIEMIND,EQ,4
142,FINIETF,EQ,677
143,FLUOROCHEM,EQ,3
144,FOODSIN,EQ,1600
145,FORTIS,EQ,1716
146,FSL,EQ,94
147,GAIL,EQ,276
148,GALLANTT,EQ,24
149,GANDHITUBE,EQ,18
150,GANECOS,EQ,360
151,GENESYS,EQ,1034
152,GILLANDERS,EQ,27
153,GILLETTE,EQ,87
154,GINNIFILA,EQ,2
155,GLAXO,EQ,30
156,GLENMARK,EQ,3
157,GLS,EQ,2
158,GMDCLTD,EQ,1729
159,GMRINFRA,EQ,1994
160,GNFC,EQ,44
161,GOACARBON,EQ,1
162,GOLDBEES,EQ,2
163,GOLDIETF,EQ,13600
164,GRANULES,EQ,5
165,GRAPHITE,EQ,1452
166,GSFC,EQ,5213
167,GUFICBIO,EQ,43
168,GULFOILLUB,EQ,1014
169,HAPPSTMNDS,EQ,97
170,HBLPOWER,EQ,205
171,HDFCBANK,EQ,15
172,HDFCGOLD,EQ,2
173,HDFCNIF100,EQ,82
174,HDFCNIFTY,EQ,351
175,HEG,EQ,166
176,HEXATRADEX,EQ,45
177,HFCL,EQ,400
178,HINDALCO,EQ,2
179,HINDCOPPER,EQ,39
180,HINDOILEXP,EQ,3
181,HIRECT,EQ,272
182,HLEGLAS,EQ,176
183,HONASA,EQ,223
184,HONAUT,EQ,24
185,HSCL,EQ,604
186,HUDCO,EQ,151
187,ICICIBANK,EQ,78
188,ICICIPRULI,EQ,91
189,IDEA,EQ,118114
190,IMFA,EQ,909
191,INDIANB,EQ,200
192,INDOWIND,EQ,156
193,INDUSINDBK,EQ,2
194,INFIBEAM,EQ,25
195,INNOVACAP,EQ,1092
196,IRB,EQ,3062
197,IREDA,EQ,19966
198,IRFC,EQ,1099
199,ITI,EQ,273
200,J&KBANK,EQ,181
201,JAICORPLTD,EQ,3056
202,JIOFIN,EQ,176
203,JISLJALEQS,EQ,15600
204,JKCEMENT,EQ,188
205,JKIL,EQ,1017
206,JMFINANCIL,EQ,250
207,JPPOWER,EQ,45144
208,JSWENERGY,EQ,200
209,JSWSTEEL,EQ,343
210,JUBLINGREA,EQ,1508
211,JUBLPHARMA,EQ,1
212,JYOTHYLAB,EQ,1205
213,JYOTICNC,EQ,897
214,KALYANKJIL,EQ,104
215,KARMAENG,EQ,1
216,KARURVYSYA,EQ,3940
217,KAYNES,EQ,17
218,KBCGLOBAL,EQ,20000
219,KEC,EQ,455
220,KELLTONTEC,EQ,2
221,KERNEX,EQ,24
222,KHAICHEM,EQ,184
223,KHAITANLTD,EQ,8
224,KIRLPNU,EQ,8
225,KOTARISUG,EQ,16
226,KRBL,EQ,40
227,KRISHCA,SM,1500
228,KRN,EQ,1
229,KTKBANK,EQ,84
230,LAMBODHARA,EQ,150
231,LAURUSLABS,EQ,171
232,LEMONTREE,EQ,105
233,LEXUS,EQ,178
234,LICI,EQ,2
235,LLOYDSENGG,EQ,2260
236,LT,EQ,10
237,LTF,EQ,1138
238,LTFOODS,EQ,2190
239,LTIM,EQ,25
240,M&M,EQ,126
241,MAFANG,EQ,2
242,MANAKCOAT,EQ,3358
243,MANBA,EQ,841
244,MANINFRA,EQ,5799
245,MARINE,EQ,76
246,MARKSANS,EQ,3315
247,MASTEK,EQ,6
248,MAXESTATES,EQ,136
249,MAZDOCK,EQ,8
250,MCL,EQ,6495
251,MCLEODRUSS,EQ,381
252,MCX,EQ,105
253,MEDICO,EQ,1203
254,MEDPLUS,EQ,1456
255,METROPOLIS,EQ,9
256,MGEL,EQ,113
257,MITCONPP,E1,2
258,MOGSEC,EQ,4
259,MOIL,EQ,266
260,MONARCH,EQ,33
261,MONTECARLO,EQ,1
262,MOREPENLAB,EQ,1
263,MOTHERSON,EQ,50
264,MRPL,EQ,5352
265,MSTCLTD,EQ,399
266,MTNL,EQ,1
267,NAVA,EQ,26
268,NAVKARCORP,EQ,20
269,NCC,EQ,162
270,NDRAUTO,EQ,2
271,NESCO,EQ,17
272,NFL,EQ,8776
273,NGIL,EQ,154
274,NH,EQ,2
275,NHPC,EQ,58
276,NIFTY1,EQ,97
277,NIFTYBEES,EQ,545
278,NIITLTD,EQ,4662
279,NMDC,EQ,1040
280,NOCIL,EQ,100
281,NTPCGREEN,EQ,2100
282,NUVAMA,EQ,41
283,NUVOCO,EQ,52
284,NYKAA,EQ,111
285,OLAELEC,EQ,73
286,OLECTRA,EQ,702
287,OMAXAUTO,EQ,176
288,ORCHPHARMA,EQ,693
289,PARADEEP,EQ,10712
290,PARKHOTELS,EQ,6747
291,PATELENG,EQ,330
292,PDMJEPAPER,EQ,5
293,PDSL,EQ,50
294,PENIND,EQ,3367
295,PFC,EQ,100
296,PIDILITIND,EQ,25
297,PILITA,EQ,314
298,PITTIENG,EQ,14
299,PIXTRANS,EQ,26
300,PNCINFRA,EQ,2314
301,PNGJL,EQ,500
302,POLYCAB,EQ,114
303,POLYMED,EQ,403
304,POONAWALLA,EQ,3
305,POWERGRID,EQ,6
306,PPL,EQ,12
307,PPLPHARMA,EQ,1405
308,PRAKASHSTL,EQ,4
309,PREMIERENE,EQ,88
310,PROZONER,EQ,116
311,PSB,EQ,160
312,PSPPROJECT,EQ,1716
313,PURVA,EQ,14
314,QMSMEDI,SM,1000
315,RADICO,EQ,1
316,RAIN,EQ,499
317,RAINBOW,EQ,728
318,RAMCOIND,EQ,3
319,RAMCOSYS,EQ,1
320,RCF,EQ,6858
321,RECLTD,EQ,25
322,RELAXO,EQ,45
323,RELIANCE,EQ,233
324,REPCOHOME,EQ,144
325,RHL,EQ,10
326,RITES,EQ,2850
327,RPPINFRA,EQ,2
328,RPPL,EQ,132
329,RTNINDIA,EQ,7818
330,RUBYMILLS,EQ,9
331,RUSHIL,EQ,310
332,SADBHAV,EQ,86
333,SAGCEM,EQ,2
334,SAGILITY,EQ,502
335,SAHYADRI,EQ,6
336,SAKHTISUG,EQ,18
337,SAMMAANCAP,EQ,226
338,SANSERA,EQ,715
339,SARDAEN,EQ,290
340,SAREGAMA,EQ,1903
341,SARLAPOLY,EQ,1
342,SBIN,EQ,1737
343,SCI,EQ,802
344,SCILAL,EQ,200
345,SECMARK,EQ,54
346,SELMC,EQ,429
347,SEPC,EQ,2179
348,SETFGOLD,EQ,6142
349,SETFNN50,EQ,23
350,SHARDACROP,EQ,1404
351,SHAREINDIA,EQ,10
352,SHYAMMETL,EQ,80
353,SIEMENS,EQ,3
354,SIGNATURE,EQ,14
355,SIGNPOST,EQ,86
356,SIL,EQ,67
357,SILGO,EQ,102
358,SILVERBEES,EQ,2130
359,SILVERTUC,EQ,25
360,SIYSIL,EQ,743
361,SKIPPER,EQ,5
362,SOLARA,EQ,136
363,SOMATEX,EQ,5893
364,SPANDANA,EQ,181
365,SPENCERS,EQ,34
366,SPMLINFRA,EQ,806
367,STARCEMENT,EQ,99
368,STEELXIND,EQ,650
369,STERTOOLS,EQ,461
370,SUDARSCHEM,EQ,1093
371,SUNFLAG,EQ,26
372,SUNPHARMA,EQ,15
373,SUNTV,EQ,200
374,SUPREMEIND,EQ,2
375,SUPRIYA,EQ,1469
376,SURANAT&P,EQ,265
377,SURYAROSNI,EQ,299
378,SUTLEJTEX,EQ,2
379,SWANENERGY,EQ,925
380,SWSOLAR,EQ,1688
381,SYNGENE,EQ,1
382,TAKE,EQ,403
383,TATACHEM,EQ,10
384,TATACONSUM,EQ,1
385,TATAGOLD,EQ,3
386,TATAMOTORS,EQ,460
387,TATAPOWER,EQ,15
388,TATASTEEL,EQ,1
389,TATATECH,EQ,50
390,TCLCONS,EQ,233
391,TCPLPACK,EQ,1
392,TDPOWERSYS,EQ,154
393,TECHM,EQ,11
394,TEXRAIL,EQ,3
395,TI,EQ,95
396,TIMESGTY,EQ,329
397,TIPSFILMS,EQ,37
398,TITAN,EQ,181
399,TNTELE,EQ,320
400,TOLINS,EQ,250
401,TPHQ,EQ,755
402,TRACXN,EQ,1
403,TRF,EQ,70
404,TRIVENI,EQ,78
405,TVSMOTOR,EQ,794
406,TVSSCS,EQ,1000
407,UFO,EQ,3
408,UJJIVANSFB,EQ,29727
409,USHAMART,EQ,150
410,USK,EQ,536
411,UTIAMC,EQ,3
412,VAKRANGEE,EQ,1
413,VBL,EQ,960
414,VEDL,EQ,5
415,VIJAYA,EQ,962
416,VIPCLOTHNG,EQ,1701
417,VPRPL,EQ,867
418,WAAREEENER,EQ,5
419,WABAG,EQ,199
420,WELCORP,EQ,20
421,WELENT,EQ,98
422,WELINV,EQ,14
423,WELSPUNLIV,EQ,755
424,WEWIN,EQ,70
425,WINDMACHIN,EQ,649
426,WIPRO,EQ,291
427,WOCKPHARMA,EQ,10
428,XPROINDIA,EQ,297
429,YESBANK,EQ,48709
430,ZEEL,EQ,528
431,ZIMLAB,EQ,25
432,ZOMATO,EQ,2606
433,ZUARI,EQ,50
