SERIES,SYMBOL,SECURITY,RECORD_DT,BC_STRT_DT,BC_END_DT,EX_DT,ND_STRT_DT,ND_END_DT,PURPOSE
BE,CANFINHOME,Can Fin Homes Ltd,04/12/2024, , ,04/12/2024, , ,INTDIV - RS 6 PER SH     
BE,STAR,Strides Pharma ScienceLtd,06/12/2024, , ,06/12/2024, , ,DEMERGER                 
BE,GILLETTE,GILLETTE INDIA LTD-Depo, ,27/11/2024,03/12/2024,26/11/2024, , ,AGM/DIV - RS 45 PER SH   
BE,TARACHAND,Tara Chand Infra Soln Ltd,05/12/2024, , ,05/12/2024, , ,FVSPLT FRM RS 10 TO RS 2 
BE,WIPRO,WIPRO LTD,03/12/2024, , ,03/12/2024, , ,BONUS 1:1                
BE,DIACABS,Diamond Power Infra Ltd,03/12/2024, , ,03/12/2024, , ,FVSPLT FRM RS10 TO RE 1  
BE,GLOBAL,Global Education Limited,10/12/2024, , ,10/12/2024, , ,FV SPLT FRM RS 5 TO RS 2 
BE,PGHL,PROCTER & GAMBLE HEALTH L, ,29/11/2024,05/12/2024,28/11/2024, , ,AGM/DIV - RS 60 PER SH   
BE,JINDALSAW,Jindal Saw Limited, ,30/11/2024,06/12/2024,29/11/2024, , ,EGM                      
EQ,GILLETTE,Gillette India Ltd., ,27/11/2024,03/12/2024,26/11/2024, , ,AGM/DIV - RS 45 PER SH   
EQ,WIPRO,Wipro Ltd,03/12/2024, , ,03/12/2024, , ,BONUS 1:1                
EQ,GLOBAL,Global Education Limited,10/12/2024, , ,10/12/2024, , ,FV SPLT FRM RS 5 TO RS 2 
EQ,JINDALSAW,Jindal Saw Limited, ,30/11/2024,06/12/2024,29/11/2024, , ,EGM                      
EQ,PGHL,PROCTER & GAMBLE HEALTH L, ,29/11/2024,05/12/2024,28/11/2024, , ,AGM/DIV - RS 60 PER SH   
EQ,TARACHAND,Tara Chand Infra Soln Ltd,05/12/2024, , ,05/12/2024, , ,FVSPLT FRM RS 10 TO RS 2 
EQ,DIACABS,Diamond Power Infra Ltd,03/12/2024, , ,03/12/2024, , ,FVSPLT FRM RS10 TO RE 1  
EQ,STAR,Strides Pharma ScienceLtd,06/12/2024, , ,06/12/2024, , ,DEMERGER                 
EQ,CANFINHOME,Can Fin Homes Ltd,04/12/2024, , ,04/12/2024, , ,INTDIV - RS 6 PER SH     
GS,GS171224C,GOI STRIPS C 171224,13/12/2024, , , , , ,REDEMPTION               
GS,GS231224C,GOI STRIPS C 231224,20/12/2024, , , , , ,REDEMPTION               
GS,GS311224C,GOI STRIPS C 311224,27/12/2024, , , , , ,REDEMPTION               
GS,GS121224C,GOI STRIPS C 121224,10/12/2024, , , , , ,REDEMPTION               
GS,897GS2030,GOI LOAN 8.97% 2030,04/12/2024, , ,04/12/2024, , ,INTEREST PAYMENT         
GS,GS071224C,GOI STRIPS C 071224,05/12/2024, , , , , ,REDEMPTION               
GS,GS151224C,GOI STRIPS C 151224,11/12/2024, , , , , ,REDEMPTION               
GS,613GS2028,GOI LOAN 6.13% 2028,03/12/2024, , ,03/12/2024, , ,INTEREST PAYMENT         
GS,657GS2033,GOI LOAN 6.57% 2033,04/12/2024, , ,04/12/2024, , ,INTEREST PAYMENT         
N2,NTPC,8.48%S-R-NCD Series 2A,02/12/2024, , ,02/12/2024, , ,INTEREST PAYMENT         
N3,CREDITACC,Sec Re NCD 9.60% Sr. III,02/12/2024, , ,02/12/2024, , ,INTEREST PAYMENT         
N3,NTPC,8.66%S-R-NCD Series 3A,02/12/2024, , ,02/12/2024, , ,INTEREST PAYMENT         
N5,NAVIFIN,Sec Re NCD 10.25% Sr.II,03/12/2024, , ,03/12/2024, , ,INTEREST PAYMENT         
N5,CREDITACC,Sec Re NCD 10% Sr. V,02/12/2024, , ,02/12/2024, , ,INTEREST PAYMENT         
N5,NTPC,8.73%S-R-NCD Series 2B,02/12/2024, , ,02/12/2024, , ,INTEREST PAYMENT         
N6,NTPC,8.91%S-R-NCD Series 3B,02/12/2024, , ,02/12/2024, , ,INTEREST PAYMENT         
N7,NAVIFIN,Sec Re NCD 10.50% Sr.IV,03/12/2024, , ,03/12/2024, , ,INTEREST PAYMENT         
SG,692AS24,SDL AS 6.92% 2024,21/12/2024, , , , , ,REDEMPTION               
SM,EMKAYTOOLS,Emkay Tap & Cut. Tool Ltd,04/12/2024, , ,04/12/2024, , ,DEMERGER                 
SQ,EMKAYTOOLS,Emkay Tap & Cut. Tool Ltd,04/12/2024, , ,04/12/2024, , ,DEMERGER                 
ST,EMKAYTOOLS,Emkay Tap & Cut. Tool Ltd,04/12/2024, , ,04/12/2024, , ,DEMERGER                 
U2,NTPC,8.48%S-R-NCD Series 2A,02/12/2024, , ,02/12/2024, , ,INTEREST PAYMENT         
U3,CREDITACC,Sec Re NCD 9.60% Sr. III,02/12/2024, , ,02/12/2024, , ,INTEREST PAYMENT         
U3,NTPC,8.66%S-R-NCD Series 3A,02/12/2024, , ,02/12/2024, , ,INTEREST PAYMENT         
U5,NAVIFIN,Sec Re NCD 10.25% Sr.II,03/12/2024, , ,03/12/2024, , ,INTEREST PAYMENT         
U5,CREDITACC,Sec Re NCD 10% Sr. V,02/12/2024, , ,02/12/2024, , ,INTEREST PAYMENT         
U5,NTPC,8.73%S-R-NCD Series 2B,02/12/2024, , ,02/12/2024, , ,INTEREST PAYMENT         
U6,NTPC,8.91%S-R-NCD Series 3B,02/12/2024, , ,02/12/2024, , ,INTEREST PAYMENT         
U7,NAVIFIN,Sec Re NCD 10.50% Sr.IV,03/12/2024, , ,03/12/2024, , ,INTEREST PAYMENT         

