SYMBOL,SERIES,SECURITY,HIGH/LOW,INDEX FLAG
20MICRONS,BE,20 MICRONS LTD,H
3PLAND,EQ,3P LAND HOLDINGS LIMITED,H
ABCOTS,ST,A B COTSPIN INDIA LIMITED,H
ABINFRA,BE,A B INFRABUILD LIMITED,H
ABMINTLLTD,BE,ABM INTERNATIONAL LTD,H
AGUL,SM,A G UNIVERSAL LIMITED,H
AILIMITED,ST,ABHISHEK INTEGRATIONS LTD,H
AJOONI,BE,AJOONI BIOTECH LIMITED,H
AMBICAAGAR,EQ,AMBICA AGAR & AROMAINDLTD,H
ARROWGREEN,EQ,ARROW GREENTECH LIMITED,H
ASAL,EQ,AUTOMOTIVE STAMPINGS & AS,H
ASHIMASYN,BE,ASHIMA LTD,H
ASIANHOTNR,EQ,ASIAN HOTELS (NORTH) LTD,H
ATULAUTO,EQ,ATUL AUTO LIMITED,H
AURUMPP1,X1,AURUM RS. 3.12 PPD UP,H
AWHCL,EQ,ANTONY WASTE HDG CELL LTD,H
AYMSYNTEX,BE,AYM SYNTEX LIMITED,H
BASILIC,ST,BASILIC FLY STUDIO LTD,H
BBOX,EQ,BLACK BOX LIMITED,H
BCG,BZ,BRIGHTCOM GROUP LIMITED,H
BEWLTD,SM,BEW ENGINEERING LIMITED,H
BGLOBAL,BZ,BHARATIYA GLOBAL INFO LTD,H
BIRDYS,SM,GRILL SPLENDOUR SER LTD,H
BIRLAMONEY,BE,ADITYA BIRLA MONEY LTD,H
BLACKBUCK,EQ,ZINKA LOGISTICS SOL LTD,H
BLUECOAST,BE,BLUE COAST HOTELS LIMITED,H
BOHRAIND,BZ,BOHRA INDUSTRIES LIMITED,H
BPL,EQ,BPL LTD,H
BURNPUR,BE,BURNPUR CEMENT LTD.,H
CADSYS,ST,CADSYS (INDIA) LIMITED,H
CANARYS,SM,CANARYS AUTOMATIONS LTD,H
CENTEXT,EQ,CENTURY EXTRUSIONS LTD,H
CINEVISTA,EQ,CINEVISTA LIMITED,H
CMMIPL,SZ,CMM INFRAPROJECTS LIMITED,H
CMNL,ST,CHAMAN METALLICS LIMITED,H
COCHINSHIP,BE,COCHIN SHIPYARD LIMITED,H
COMPINFO,BZ,COMPUAGE INFOCOM LTD,H
CPS,ST,C P S SHAPERS LIMITED,H
CREATIVEYE,BE,CREATIVE EYE LIMITED,H
CTE,EQ,CAMBRIDGE TECH ENTER LTD,H
DESTINY,ST,DESTINY LOGISTICS & I LTD,H
DHRUV,EQ,DHRUV CONSULTANCY SER LTD,H
DIACABS,BE,DIAMOND POWER INFRA LTD,H
DIFFNKG,EQ,DIFFUSION ENGINEERS LTD,H
DNAMEDIA,EQ,DILIGENT MEDIA CORP LTD.,H
DONEAR,BE,DONEAR IND. LIMITED,H
DUCOL,SM,DUCOL ORGS AND COLOURS LT,H
ELECTHERM,BE,ELECTROTHERM (I) LTD.,H
EMAMIREAL,EQ,EMAMI REALTY LIMITED,H
EMKAY,BE,EMKAY GLOBAL FIN SERV LTD,H
ENFUSE,SM,ENFUSE SOLUTIONS LIMITED,H
ENSER,ST,ENSER COMMUNICATIONS LTD,H
EPACK,BE,EPACK DURABLE LIMITED,H
EQUIPPP,BE,EQUIPPP SOC IMP TECH LTD,H
FCONSUMER,BE,FUTURE CONSUMER LIMITED,H
FEL,BZ,FUTURE ENTERPRISES LTD,H
FIBERWEB,EQ,FIBERWEB INDIA LIMITED,H
FILATFASH,BE,FILATEX FASHIONS LIMITED,H
GALLANTT,EQ,GALLANTT ISPAT LIMITED,H
GANGOTRI,BZ,GANGOTRI TEXTILES LTD.,H
GATECHDVR,BE,GACM TECHNOLOGIES LIMITED,H
GAYAHWS,BE,GAYATRI HIGHWAYS LIMITED,H
GENUSPOWER,EQ,GENUS POWER INFRASTRU LTD,H
GEPIL,EQ,GE POWER INDIA LIMITED,H
GFSTEELS,BE,GRAND FOUNDRY LTD,H
GLFL,BE,GUJARAT LEASE FINANCING L,H
GLOBALVECT,BE,GLOBAL VEC HELICORP LTD,H
GLOBE,EQ,GLOBE TEXTILES (I) LTD.,H
GMRP&UI,EQ,GMR POW AND URBAN INFRA L,H
GOENKA,BZ,GOENKA DIAMOND&JEWELS LTD,H
GOLDIAM,EQ,GOLDIAM INTERNATIONAL LTD,H
GVPTECH,EQ,GVP INFOTECH LIMITED,H
HARRMALAYA,BE,HARRISONS MALAYALAM,H
HECPROJECT,BE,HEC INFRA PROJECTS LTD,H
HEXATRADEX,EQ,HEXA TRADEX LIMITED,H
HINDNATGLS,BE,HIND NATL GLASS & IND LTD,H
HIRECT,EQ,HIND RECTIFIER LIMITED,H
HMT,BZ,HMT LTD -,H
IBLFL,ST,IBL FINANCE LIMITED,H
IITL,BE,INDUSTRIAL INV TRUST LTD,H
IMPEXFERRO,BZ,IMPEX FERRO TECH LIMITED,H
INDOTECH,BE,INDO TECH TRANSFORM LTD.,H
INDOTHAI,BE,INDO THAI SEC LTD,H
INDOUS,EQ,INDO US BIOTECH LTD,H
INFOLLION,ST,INFOLLION RESEARCH SER L,H
INFOMEDIA,BE,INFOMEDIA PRESS LIMITED,H
IWEL,EQ,INOX WIND ENERGY LIMITED,H
JETFREIGHT,EQ,JET FREIGHT LOGISTICS LTD,H
JPASSOCIAT,BE,JAIPRAKASH ASSOCIATES LTD,H
JYOTISTRUC,EQ,JYOTI STRUCTURES LTD,H
KALANA,SM,KALANA ISPAT LIMITED,H
KAVVERITEL,BE,KAVVERI TEL. LTD.,H
KBCGLOBAL,EQ,KBC GLOBAL LIMITED,H
KCEIL,SM,KAY CEE ENERGY & INFRA L,H
KCK,ST,KCK INDUSTRIES LTD,H
KERNEX,EQ,KERNEX MICROSYS(I) LTD,H
KEYFINSERV,BE,KEYNOTE FIN SERV LTD.,H
KRITIKA,BE,KRITIKA WIRES LIMITED,H
LAKPRE,BZ,LAKSHMI PRE SCRE LTD,H
LAL,BE,LORENZINI APPARELS LTD,H
LATTEYS,BE,LATTEYS INDUSTRIES LTD,H
LIBERTSHOE,EQ,LIBERTY SHOES LTD,H
LOTUSEYE,BE,LOTUS EYE HOSP & INST L,H
LRRPL,ST,LEAD REC AND RUB PROD LTD,H
MAHKTECH,EQ,MIRAEAMC - MAHKTECH,H
MALUPAPER,EQ,MALU PAPER MILLS LIMITED,H
MANAKALUCO,EQ,MANAK ALUMINIUM CO. LTD.,H
MANAKCOAT,EQ,MAN COAT METAL & IND LTD,H
MASKINVEST,BE,MASK INVESTMENTS LIMITED,H
MBECL,BZ,MCNALLY BH. ENG. CO.LTD,H
MCLEODRUSS,EQ,MCLEOD RUSSEL INDIA LTD.,H
MEDIORG,ST,MEDICAMEN ORGANICS LTD,H
MFML,BE,MAHALAXMI FABRIC MILLS LT,H
MICEL,EQ,MIC ELECTRONICS LTD,H
MKPL,BE,M K PROTEINS LIMITED,H
MMP,BE,MMP INDUSTRIES LIMITED,H
MORARJEE,BZ,MORARJEE TEXTILES LIMITED,H
NAGREEKCAP,BE,NAGREEKA CAP & INFR.LTD,H
NATHBIOGEN,EQ,NATH BIO-GENES (I) LTD,H
NBIFIN,EQ,N.B.I. IND. FIN. CO. LTD,H
NEELAM,ST,NEELAM LINENS & GAR (I) L,H
NELCO,EQ,NELCO LTD,H
NEXTMEDIA,BE,NEXT MEDIAWORKS LIMITED,H
NILASPACES,BE,NILA SPACES LIMITED,H
NKIND,EQ,NK INDUSTRIES LTD,H
NTL,BZ,NEUEON TOWERS LIMITED,H
OMFURN,SM,OMFURN INDIA LIMITED,H
OMINFRAL,EQ,OM INFRA LIMITED,H
ONYX,ST,ONYX BIOTEC LIMITED,H
OPTIEMUS,BE,OPTIEMUS INFRACOM LTD,H
ORIENTALTL,BE,ORIENTAL TRIMEX LTD,H
ORTEL,BZ,ORTEL COMMUNICATIONS LTD,H
OSIAHYPER,BE,OSIA HYPER RETAIL LIMITED,H
PANACEABIO,BE,PANACEA BIOTEC LTD.,H
PAR,EQ,PAR DRUGS AND CHEM LTD,H
PCJEWELLER,BE,PC JEWELLER LTD,H
PDMJEPAPER,EQ,PUDUMJEE PAPER PRO. LTD,H
PIXTRANS,EQ,PIX TRANSMISSIONS LIMITED,H
PRAMARA,SM,PRAMARA PROMOTIONS LTD,H
PRAXIS,BE,PRAXIS HOME RETAIL LTD,H
PRECOT,EQ,PRECOT LIMITED,H
PREMIERPOL,BE,PREMIER POLYFILMS LTD,H
QFIL,SM,QUALITY FOILS (INDIA) LTD,H
QUINTEGRA,BE,QUINTEGRA SOLUTIONS LTD.,H
RADHIKAJWE,BE,RADHIKA JEWELTECH LIMITED,H
RAJRILTD,BE,RAJ RAYON INDUSTRIES LTD,H
RAMASTEEL,EQ,RAMA STEEL TUBES LIMITED,H
RAMCOSYS,EQ,RAMCO SYSTEMS LTD.,H
RCOM,BE,RELIANCE COMMUNICATIONS L,H
REFEX,BE,REFEX INDUSTRIES LIMITED,H
RELTD,BE,RAVINDRA ENERGY LIMITED,H
RHFL,BE,RELIANCE HOME FINANCE LTD,H
ROLTA,BZ,ROLTA INDIA LTD,H
SABAR,ST,SABAR FLEX INDIA LIMITED,H
SABEVENTS,BE,SAB EVENTS & GOVERNANCE,H
SAHAJSOLAR,ST,SAHAJ SOLAR LIMITED,H
SAMPANN,EQ,SAMPANN UTPADAN INDIA LTD,H
SANWARIA,BZ,SANWARIA CONSUMER LIMITED,H
SDREAMS,SM,S D RETAIL LIMITED,H
SECL,ST,SALASAR EXTERIOR CONT LTD,H
SECMARK,EQ,SECMARK CONSULTANCY LTD,H
SELMC,EQ,SEL MANUFACTURING CO LTD,H
SETCO,EQ,SETCO AUTOMOTIVE LTD,H
SETUINFRA,BZ,SETUBANDHAN INFRA LTD,H
SGL,EQ,STL GLOBAL LIMITED,H
SHAKTIPUMP,EQ,SHAKTI PUMPS (I) LTD,H
SHREEPUSHK,EQ,SHRE PUSH CHEM & FERT LTD,H
SHREERAMA,BE,SHREE RAMA MULTI TECH LTD,H
SHUBHSHREE,ST,SHUBHSHREE BIOFUELS ENE L,H
SIMPLEXINF,BE,SIMPLEX INFRASTRUCTURES L,H
SITINET,BE,SITI NETWORKS LIMITED,H
SKIL,BZ,SKIL INFRASTRUCTURE LTD.,H
SLONE,ST,SLONE INFOSYSTEMS LIMITED,H
SMARTLINK,BE,SMARTLINK HOLDINGS LTD,H
SOLARAPP,E1,SOLAR ACT RS.3.50 PPD UP,H
SOUTHWEST,EQ,SOUTH WEST PINNACLE LTD,H
SPMLINFRA,EQ,SPML INFRA LIMITED,H
STARPAPER,EQ,STAR PAPER MILLS LTD,H
SUPREMEINF,BZ,SUPREME INFRA. LTD,H
SUULD,BE,SUUMAYA INDUSTRIES LTD,H
SUZLON,EQ,SUZLON ENERGY LIMITED,H
TARAPUR,BE,TARAPUR TRANSFORMERS LTD,H
TCLCONS,EQ,TANTIA CONSTRUCTIONS LTD,H
TECHLABS,SM,TRIDENT TECHLABS LIMITED,H
THOMASCOTT,EQ,THOMAS SCOTT (INDIA) LTD,H
TIJARIA,BE,TIJARIA POLYPIPES LTD,H
TIMESGTY,EQ,TIMES GUARANTY LIMITED,H
TREEHOUSE,BE,TREE HOUSE EDU LTD,H
UHTL,SM,UNITED HEAT TRANSFER LTD,H
UMESLTD,EQ,USHA MARTIN EDU & SOL LTD,H
UNITECH,BZ,UNITECH LIMITED,H
UNIVAFOODS,BE,UNIVA FOODS LIMITED,H
VAKRANGEE,EQ,VAKRANGEE LIMITED,H
VARDMNPOLY,BE,VARDHMAN POLYTEX LTD.,H
VCL,BE,VAXTEX COTFAB LIMITED,H
VDEAL,SM,VDEAL SYSTEM LIMITED,H
VERA,ST,VERA SYNTHETIC LIMITED,H
VIJIFIN,BE,VIJI FINANCE LIMITED,H
VINNY,BE,VINNY OVERSEAS LIMITED,H
VLINFRA,ST,V.L.INFRAPROJECTS LIMITED,H
WALCHANNAG,EQ,WALCHANDNAGAR INDUSTRIES,H
WANBURY,EQ,WANBURY LIMITED,H
WINSOME,BZ,WINSOME YARNS LIMITED,H
WOMANCART,ST,WOMANCART LIMITED,H
YUDIZ,ST,YUDIZ SOLUTIONS LIMITED,H
ZEEMEDIA,BE,ZEE MEDIA CORPORATION LTD,H
ZENITHEXPO,BE,ZENITH EXPORTS LTD,H
21STCENMGM,BE,21ST CENTURY MGMT SERVICE,L
ABMINTLLTD,BE,ABM INTERNATIONAL LTD,L
ACCORD,SM,ACCORD SYNERGY LIMITED,L
ALPSINDUS,BE,ALPS INDUSTRIES LTD.,L
ANSALAPI,BZ,ANSAL PROP & INFRA LTD,L
ARCHIES,BE,ARCHIES LTD,L
ARISTO,ST,ARISTO BIO T AND LIFESC L,L
ARSSINFRA,BE,ARSS INFRA PROJ. LTD,L
ASLIND,SM,ASL INDUSTRIES LIMITED,L
BOHRAIND,BZ,BOHRA INDUSTRIES LIMITED,L
BRIGHT,SZ,BRIGHT SOLAR LIMITED,L
CADSYS,ST,CADSYS (INDIA) LIMITED,L
CALSOFT,BE,CALIFORNIA SOFTWARE CO LT,L
COFFEEDAY,BE,COFFEE DAY ENTERPRISE LTD,L
DENEERS,ST,DE NEERS TOOLS LIMITED,L
DHRUV,EQ,DHRUV CONSULTANCY SER LTD,L
EDUCOMP,BZ,EDUCOMP SOLUTIONS LTD,L
FEL,BZ,FUTURE ENTERPRISES LTD,L
FOCE,ST,FOCE INDIA LIMITED,L
FSC,BZ,FUTURE SUPP CHAIN SOL LTD,L
GANGAFORGE,BE,GANGA FORGING LIMITED,L
GANGOTRI,BZ,GANGOTRI TEXTILES LTD.,L
HINDCON,EQ,HINDCON CHEMICALS LIMITED,L
IEL,BE,INDIABULLS ENT LTD,L
IL&FSTRANS,BZ,IL&FS TRANS NET LTD,L
IMPEXFERRO,BZ,IMPEX FERRO TECH LIMITED,L
INDSWFTLAB,BE,IND SWIFT LABORATORIES LT,L
IPHL,ST,INDIAN PHOSPHATE LIMITED,L
JALAN,ST,JALAN TRANSOLU. INDIA LTD,L
KOPRAN,BE,KOPRAN LTD,L
KTL,ST,KALAHRIDHAAN TRENDZ LTD,L
LAMOSAIC,ST,LAMOSAIC INDIA LIMITED,L
LCCINFOTEC,BE,LCC INFOTECH LTD,L
MAKS,SM,MAKS ENERGY SOL INDIA LTD,L
MANAV,SM,MANAV INFRA PROJECTS LTD,L
MEP,BZ,MEP INFRA. DEVELOPERS LTD,L
MTEDUCARE,BE,MT EDUCARE LTD,L
OMKARCHEM,BZ,OMKAR SPL CHEM LTD,L
PREMIER,BE,PREMIER LIMITED,L
PULZ,ST,PULZ ELECTRONICS LIMITED,L
QUADPRO,SM,QUADPRO ITES LIMITED,L
REGENCERAM,BE,REGENCYCERAMICS-LTD,L
SANCO,BZ,SANCO INDUSTRIES LIMITED,L
SANWARIA,BZ,SANWARIA CONSUMER LIMITED,L
SEL,ST,SUNGARNER ENERGIES LTD,L
SETUINFRA,BZ,SETUBANDHAN INFRA LTD,L
SEYAIND,BE,SEYA INDUSTRIES LIMITED,L
SHEKHAWATI,BE,SHEKHAWATI INDUSTRIES LTD,L
SKIL,BZ,SKIL INFRASTRUCTURE LTD.,L
SOMATEX,EQ,SOMA TEXTILES & INDUST LT,L
SOTAC,SM,SOTAC PHARMACEUTICALS LTD,L
TECHERA,ST,TECHERA ENGINEER (IND) L,L
UEL,BE,UJAAS ENERGY LIMITED,L
UNIVASTU,EQ,UNIVASTU INDIA LIMITED,L
VEEKAYEM,ST,VEEKAYEM FASH & APP LTD,L
VIPULLTD,BE,VIPUL LIMITED,L
VISASTEEL,BE,VISA STEEL LIMITED,L
VISESHINFO,BZ,VISESH INFOTECNICS LTD,L
VR,ST,V R INFRASPACE LIMITED,L
WINSOME,BZ,WINSOME YARNS LIMITED,L
YAARI,BE,YAARI DIGI INT SER LTD,L
