Date,Symbol,Security Name,Client Name,Buy/Sell,Quantity Traded,Trade Price / Wght. Avg. Price,Remarks
02-DEC-2024,AARTECH,Aartech Solonics Limited,KABRA KAILASH,BUY,186728,83.07,-
02-DEC-2024,BLISSGVS,Bliss GVS Pharma Ltd,HRTI PRIVATE LIMITED,BUY,560819,168.97,-
02-DEC-2024,CANFINHOME,Can Fin Homes Ltd,PRRSAAR COMMODITIES PVT LTD,BUY,671551,826.59,-
02-DEC-2024,DHRUV,Dhruv Consultancy Ser Ltd,SETU SECURITIES PVT LTD,BUY,100000,152.74,-
02-DEC-2024,DHRUV,Dhruv Consultancy Ser Ltd,MULTIPLIER SHARE & STOCK ADVISORS PRIVATE LIMITED,BUY,85000,158.90,-
02-DEC-2024,DHRUV,Dhruv Consultancy Ser Ltd,SHREE BAHUBALI STOCK BROKING LIMITED,BUY,80000,160.00,-
02-DEC-2024,DHRUV,Dhruv Consultancy Ser Ltd,ECONO TRADING & INVESTMENT PRIVATE LIMITED,BUY,80000,159.00,-
02-DEC-2024,DIL,Debock Industries Limited,ELAN VENTURES PRIVATE LIMITED,BUY,1980927,3.10,-
02-DEC-2024,DIL,Debock Industries Limited,JASWINDER  KAUR,BUY,939025,3.19,-
02-DEC-2024,DIL,Debock Industries Limited,QE SECURITIES LLP,BUY,1632010,3.16,-
02-DEC-2024,DIL,Debock Industries Limited,ESAAR (INDIA) LIMITED,BUY,2500000,3.04,-
02-DEC-2024,DIL,Debock Industries Limited,DEVI TRADERS LLP,BUY,1800000,3.15,-
02-DEC-2024,DIL,Debock Industries Limited,ISHAAN TRADEFIN LLP,BUY,6000000,3.04,-
02-DEC-2024,EIEL,Enviro Infra Engineers L,GRAVITON RESEARCH CAPITAL LLP,BUY,1152343,216.11,-
02-DEC-2024,EIEL,Enviro Infra Engineers L,NK SECURITIES RESEARCH PRIVATE LIMITED,BUY,1261928,216.90,-
02-DEC-2024,HIKAL,Hikal Limited,GRAVITON RESEARCH CAPITAL LLP,BUY,1070312,447.18,-
02-DEC-2024,HOMEFIRST,Home First Fin Co Ind Ltd,GRAVITON RESEARCH CAPITAL LLP,BUY,451661,1020.10,-
02-DEC-2024,KALANA,Kalana Ispat Limited,SUMIT TAPARIA,BUY,94000,37.53,-
02-DEC-2024,KALANA,Kalana Ispat Limited,NIRANJAN  MUNDHRA,BUY,160000,34.04,-
02-DEC-2024,KALANA,Kalana Ispat Limited,SHRISHTI AGRAWAL,BUY,40000,37.90,-
02-DEC-2024,LAXMICOT,Laxmi Cotspin Limited,PUNEET MITTAL HUF,BUY,134068,33.16,-
02-DEC-2024,MALUPAPER,Malu Paper Mills Limited,SILVER LINE VENTURES PRIVATE LIMITED,BUY,105000,51.97,-
02-DEC-2024,MCL,Madhav Copper Limited,NK SECURITIES RESEARCH PRIVATE LIMITED,BUY,141105,55.36,-
02-DEC-2024,MCLEODRUSS,Mcleod Russel India Limit,ALTIUS FINSERV PRIVATE LIMITED,BUY,1200000,39.87,-
02-DEC-2024,MCLEODRUSS,Mcleod Russel India Limit,SETU SECURITIES PVT LTD,BUY,586744,39.61,-
02-DEC-2024,MITTAL,Mittal Life Style Limited,JAYESH NAGINDAS SHAH,BUY,2500000,2.02,-
02-DEC-2024,PDMJEPAPER,Pudumjee Paper Pro. Ltd,UBS PRINCIPAL CAPITAL ASIA LIMITED,BUY,500000,169.64,-
02-DEC-2024,PDMJEPAPER,Pudumjee Paper Pro. Ltd,HRTI PRIVATE LIMITED,BUY,461603,173.81,-
02-DEC-2024,PIXTRANS,Pix Transmissions Limited,CRONY VYAPAR PVT LTD,BUY,119079,2719.16,-
02-DEC-2024,RBLBANK,RBL Bank Limited,GRAVITON RESEARCH CAPITAL LLP,BUY,3620597,152.33,-
02-DEC-2024,SIYSIL,Siyaram Silk Mills Ltd,HRTI PRIVATE LIMITED,BUY,256055,845.00,-
02-DEC-2024,SOMATEX,Soma Textiles & Ind. Ltd.,VIVEK MEHROTRA,BUY,200000,60.74,-
02-DEC-2024,UNIINFO,Uniinfo Telecom Servi Ltd,PUNEET MITTAL HUF,BUY,62131,36.61,-
02-DEC-2024,UNITEDPOLY,United Polyfab Guj. Ltd.,NIRMALKUMAR MANGALCHAND MITTAL,BUY,127050,146.04,-
02-DEC-2024,VDEAL,Vdeal System Limited,VALIA BROTHERS PVT LTD,BUY,25200,161.57,-
02-DEC-2024,AARTECH,Aartech Solonics Limited,KABRA KAILASH,SELL,186728,83.29,-
02-DEC-2024,BLISSGVS,Bliss GVS Pharma Ltd,HRTI PRIVATE LIMITED,SELL,609695,169.11,-
02-DEC-2024,CANFINHOME,Can Fin Homes Ltd,PRRSAAR COMMODITIES PVT LTD,SELL,640051,826.61,-
02-DEC-2024,CIPLA,Cipla Ltd,SAMINA HAMIED,SELL,8954750,1518.75,-
02-DEC-2024,CIPLA,Cipla Ltd,RUMANA HAMIED,SELL,4943250,1518.75,-
02-DEC-2024,DHRUV,Dhruv Consultancy Ser Ltd,SETU SECURITIES PVT LTD,SELL,52409,152.30,-
02-DEC-2024,DHRUV,Dhruv Consultancy Ser Ltd,MULTIPLIER SHARE & STOCK ADVISORS PRIVATE LIMITED,SELL,35000,168.33,-
02-DEC-2024,DHRUV,Dhruv Consultancy Ser Ltd,EKTA  HALWASIYA,SELL,397150,159.73,-
02-DEC-2024,DIL,Debock Industries Limited,ELAN VENTURES PRIVATE LIMITED,SELL,1980927,3.20,-
02-DEC-2024,DIL,Debock Industries Limited,ISHAAN TRADEFIN LLP,SELL,4500000,3.17,-
02-DEC-2024,DIL,Debock Industries Limited,ESAAR (INDIA) LIMITED,SELL,2500000,3.09,-
02-DEC-2024,DIL,Debock Industries Limited,BEGAX PRIVATE LIMITED,SELL,7191637,3.01,-
02-DEC-2024,DIL,Debock Industries Limited,QE SECURITIES LLP,SELL,1632010,3.18,-
02-DEC-2024,DIL,Debock Industries Limited,AROMINO PRIVATE LIMITED,SELL,1659098,3.00,-
02-DEC-2024,DIL,Debock Industries Limited,JASWINDER  KAUR,SELL,939025,3.18,-
02-DEC-2024,DIL,Debock Industries Limited,DEVI TRADERS LLP,SELL,288322,3.16,-
02-DEC-2024,EIEL,Enviro Infra Engineers L,NK SECURITIES RESEARCH PRIVATE LIMITED,SELL,1261928,217.01,-
02-DEC-2024,EIEL,Enviro Infra Engineers L,GRAVITON RESEARCH CAPITAL LLP,SELL,1152343,216.73,-
02-DEC-2024,HIKAL,Hikal Limited,GRAVITON RESEARCH CAPITAL LLP,SELL,1070312,447.31,-
02-DEC-2024,HOMEFIRST,Home First Fin Co Ind Ltd,GRAVITON RESEARCH CAPITAL LLP,SELL,451661,1021.62,-
02-DEC-2024,KALANA,Kalana Ispat Limited,SHRISHTI AGRAWAL,SELL,306000,35.95,-
02-DEC-2024,LAXMICOT,Laxmi Cotspin Limited,PUNEET MITTAL HUF,SELL,134068,32.84,-
02-DEC-2024,MALUPAPER,Malu Paper Mills Limited,SILVER LINE VENTURES PRIVATE LIMITED,SELL,105000,52.47,-
02-DEC-2024,MANAV,Manav Infra Projects Ltd,KHETBAI NARSHI GADA,SELL,48000,18.00,-
02-DEC-2024,MCL,Madhav Copper Limited,NK SECURITIES RESEARCH PRIVATE LIMITED,SELL,141105,55.43,-
02-DEC-2024,MCLEODRUSS,Mcleod Russel India Limit,SETU SECURITIES PVT LTD,SELL,636744,39.70,-
02-DEC-2024,PDMJEPAPER,Pudumjee Paper Pro. Ltd,HRTI PRIVATE LIMITED,SELL,477726,173.46,-
02-DEC-2024,PIXTRANS,Pix Transmissions Limited,CRONY VYAPAR PVT LTD,SELL,110529,2765.60,-
02-DEC-2024,RBLBANK,RBL Bank Limited,GRAVITON RESEARCH CAPITAL LLP,SELL,3620597,152.42,-
02-DEC-2024,SIYSIL,Siyaram Silk Mills Ltd,HRTI PRIVATE LIMITED,SELL,247567,843.26,-
02-DEC-2024,SPMLINFRA,SPML Infra Limited,CLIENT ROSEHILL LIMITED,SELL,300000,227.96,-
02-DEC-2024,TRANSTEEL,Transteel Seating Tech L,NASREEN SHIRAZ,SELL,200000,45.08,-
02-DEC-2024,UNIINFO,Uniinfo Telecom Servi Ltd,PUNEET MITTAL HUF,SELL,38744,36.71,-
02-DEC-2024,VINNY,Vinny Overseas Limited,CHANDAN  CHAURASIYA,SELL,3968555,1.97,-
