Sr. No,Symbol,Series,Security Name,From,To
1,SAGILITY,EQ,SAGILITY INDIA LIMITED,10,5
2,SELMC,EQ,SEL MANUFACTURING COMPANY LIMITED,10,5
3,SUMMITSEC,EQ,SUMMIT SECURITIES LIMITED,10,20
4,20MICRONS,BE,20 MICRONS LIMITED,2,5
5,ABCOTS,ST,A B COTSPIN INDIA LIMITED,2,5
6,ABINFRA,BE,A B INFRABUILD LIMITED,2,5
7,CMNL,ST,CHAMAN METALLICS LIMITED,2,5
8,FILATFASH,BE,FILATEX FASHIONS LIMITED,2,5
9,INDSWFTLAB,BE,IND-SWIFT LABORATORIES LIMITED,2,5
10,MASKINVEST,BE,MASK INVESTMENTS LIMITED,2,5
11,ORIENTALTL,BE,ORIENTAL TRIMEX LIMITED,2,5
12,PATTECH,ST,PATTECH FITWELL TUBE COMPONENTS LIMITED,2,5
13,PULZ,ST,PULZ ELECTRONICS LIMITED,2,5
14,TARAPUR,BE,TARAPUR TRANSFORMERS LIMITED,2,5
15,TREEHOUSE,BE,TREE HOUSE EDUCATION & ACCESSORIES LIMITED,2,5
16,URAVI,BE,URAVI T AND WEDGE LAMPS LIMITED,2,5
17,ZENITHEXPO,BE,ZENITH EXPORTS LIMITED,2,5
18,AVALON,EQ,AVALON TECHNOLOGIES LIMITED,20,10
19,HINDCON,EQ,HINDCON CHEMICALS LIMITED,20,10
20,SOMATEX,EQ,SOMA TEXTILES & INDUSTRIES LIMITED,20,10
21,TIPSFILMS,EQ,TIPS FILMS LIMITED,20,10
22,AIMTRON,ST,AIMTRON ELECTRONICS LIMITED,5,2
23,ASAHISONG,EQ,ASAHI SONGWON COLORS LIMITED,5,10
24,CENTEXT,EQ,CENTURY EXTRUSIONS LIMITED,5,10
25,CYBERTECH,BE,CYBERTECH SYSTEMS AND SOFTWARE LIMITED,5,2
26,GUJAPOLLO,EQ,GUJARAT APOLLO INDUSTRIES LIMITED,5,10
27,JETFREIGHT,EQ,JET FREIGHT LOGISTICS LIMITED,5,10
28,KCPSUGIND,EQ,KCP SUGAR AND INDUSTRIES CORPORATION LIMITED,5,20
29,LOVABLE,EQ,LOVABLE LINGERIE LIMITED,5,20
30,MARSHALL,BE,MARSHALL MACHINES LIMITED,5,2
31,NAGREEKEXP,BE,NAGREEKA EXPORTS LIMITED,5,2
32,PRUDMOULI,BE,PRUDENTIAL SUGAR CORPORATION LIMITED,5,2
33,RANEENGINE,EQ,RANE ENGINE VALVE LIMITED,5,10
34,RUCHINFRA,EQ,RUCHI INFRASTRUCTURE LIMITED,5,20
35,SGL,EQ,STL GLOBAL LIMITED,5,10
36,SHREEPUSHK,EQ,SHREE PUSHKAR CHEMICALS & FERTILISERS LIMITED,5,20
37,SUNDRMBRAK,EQ,SUNDARAM BRAKE LININGS LIMITED,5,20
38,VETO,BE,VETO SWITCHGEARS AND CABLES LIMITED,5,2
