GAIN_LOSS,SECURITY,CLOSE_PRIC,PREV_CL_PR,PERCENT_CG
 ,Nifty 50 Sec., , , 
 , , , , 
G,ULTRATECH CEMENT LIMITED,     11648.55,     11202.15,3.98
G,APOLLO HOSPITALS ENTER. L,      7065.80,      6828.90,3.47
G,GRASIM INDUSTRIES LTD,      2693.55,      2606.25,3.35
G,SHRIRAM FINANCE LIMITED,      3094.20,      3019.65,2.47
G,JSW STEEL LIMITED,       989.80,       966.00,2.46
G,ADANI PORT & SEZ LTD,      1215.80,      1190.05,2.16
G,TECH MAHINDRA LIMITED,      1745.95,      1712.30,1.97
G,TITAN COMPANY LIMITED,      3306.85,      3249.00,1.78
G,MAHINDRA & MAHINDRA LTD,      3016.40,      2966.10,1.7
G,DR. REDDY S LABORATORIES,      1221.75,      1202.30,1.62
G,SUN PHARMACEUTICAL IND L,      1808.55,      1780.90,1.55
G,MARUTI SUZUKI INDIA LTD.,     11239.30,     11074.20,1.49
G,RELIANCE INDUSTRIES LTD,      1309.15,      1292.20,1.31
G,TATA STEEL LIMITED,       146.41,       144.54,1.29
G,COAL INDIA LTD,       421.70,       416.40,1.27
G,HCL TECHNOLOGIES LTD,      1871.50,      1848.05,1.27
G,INFOSYS LIMITED,      1879.80,      1857.85,1.18
G,WIPRO LTD,       584.55,       577.85,1.16
G,BAJAJ FINANCE LIMITED,      6650.65,      6575.90,1.14
G,BAJAJ AUTO LIMITED,      9130.35,      9033.65,1.07
G,BAJAJ FINSERV LTD.,      1596.65,      1579.95,1.06
G,BHARTI AIRTEL LIMITED,      1643.60,      1627.15,1.01
G,HINDALCO  INDUSTRIES  LTD,       662.60,       656.20,.98
G,NESTLE INDIA LIMITED,      2251.85,      2234.65,.77
G,BHARAT PETROLEUM CORP  LT,       294.15,       292.10,.7
G,HDFC BANK LTD,      1804.70,      1796.05,.48
G,TATA MOTORS LIMITED,       790.05,       786.45,.46
G,ICICI BANK LTD.,      1304.65,      1300.10,.35
G,OIL AND NATURAL GAS CORP.,       257.55,       256.70,.33
G,TRENT LTD,      6805.30,      6795.40,.15
 , , , , 
L,HDFC LIFE INS CO LTD,       640.20,       657.75,-2.67
L,CIPLA LTD,      1507.70,      1533.90,-1.71
L,NTPC LTD,       358.20,       363.65,-1.5
L,SBI LIFE INSURANCE CO LTD,      1422.05,      1437.75,-1.09
L,BRITANNIA INDUSTRIES LTD,      4907.25,      4941.15,-0.69
L,HINDUSTAN UNILEVER LTD.,      2479.15,      2496.15,-0.68
L,KOTAK MAHINDRA BANK LTD,      1753.95,      1765.25,-0.64
L,LARSEN & TOUBRO LTD.,      3704.05,      3724.80,-0.56
L,INDUSIND BANK LIMITED,       990.95,       995.85,-0.49
L,POWER GRID CORP. LTD.,       327.85,       329.40,-0.47
L,BHARAT ELECTRONICS LTD,       306.90,       308.00,-0.36
L,STATE BANK OF INDIA,       836.40,       838.95,-0.3
L,HERO MOTOCORP LIMITED,      4748.45,      4761.70,-0.28
L,ADANI ENTERPRISES LIMITED,      2457.05,      2463.15,-0.25
L,EICHER MOTORS LTD,      4820.70,      4831.85,-0.23
L,TATA CONSUMER PRODUCT LTD,       957.00,       958.65,-0.17
L,ASIAN PAINTS LIMITED,      2479.05,      2479.60,-0.02
 , , , , 
 ,Nifty Next 50 Sec., , , 
 , , , , 
G,DLF LIMITED,       849.10,       822.95,3.18
G,MACROTECH DEVELOPERS LTD,      1289.55,      1253.20,2.9
G,SHREE CEMENT LIMITED,     26784.00,     26076.45,2.71
G,TVS MOTOR COMPANY  LTD,      2493.40,      2434.45,2.42
G,INFO EDGE (I) LTD,      8447.20,      8255.30,2.32
G,PIDILITE INDUSTRIES LTD,      3132.50,      3066.20,2.16
G,SAMVRDHNA MTHRSN INTL LTD,       165.75,       162.46,2.03
G,VARUN BEVERAGES LIMITED,       632.25,       621.20,1.78
G,VEDANTA LIMITED,       460.55,       453.50,1.55
G,AMBUJA CEMENTS LTD,       538.80,       531.50,1.37
G,DIVI S LABORATORIES LTD,      6255.35,      6172.70,1.34
G,JINDAL STEEL & POWER LTD,       918.55,       906.45,1.33
G,HAVELLS INDIA LIMITED,      1739.35,      1718.00,1.24
G,CHOLAMANDALAM IN & FIN CO,      1249.20,      1233.95,1.24
G,ZOMATO LIMITED,       282.50,       279.76,0.98
G,ABB INDIA LIMITED,      7490.75,      7421.25,0.94
G,ZYDUS LIFESCIENCES LTD,       974.55,       965.95,0.89
G,INTERGLOBE AVIATION LTD,      4409.25,      4378.90,0.69
G,LTIMINDTREE LIMITED,      6213.35,      6172.40,0.66
G,HINDUSTAN AERONAUTICS LTD,      4504.75,      4476.85,0.62
G,TATA POWER CO LTD,       416.50,       414.15,0.57
G,TORRENT PHARMACEUTICALS L,      3339.15,      3324.20,0.45
G,JIO FIN SERVICES LTD,       329.70,       328.35,0.41
G,ADANI GREEN ENERGY LTD,      1327.95,      1323.90,0.31
G,UNITED SPIRITS LIMITED,      1532.20,      1529.10,0.2
G,PUNJAB NATIONAL BANK,       105.00,       104.90,0.1
G,POWER FIN CORP LTD.,       495.75,       495.30,0.09
G,INDIAN RAIL TOUR CORP LTD,       816.50,       815.95,0.07
G,NHPC LTD,        81.48,        81.44,0.05
G,SIEMENS LTD,      7563.20,      7560.85,0.03
 , , , , 
L,ADANI TOTAL GAS LIMITED,       772.55,       812.35,-4.9
L,ADANI ENERGY SOLUTION LTD,       807.00,       840.50,-3.99
L,UNION BANK OF INDIA,       119.73,       121.62,-1.55
L,ICICI LOMBARD GIC LIMITED,      1834.10,      1861.85,-1.49
L,GODREJ CONSUMER PRODUCTS,      1227.15,      1244.65,-1.41
L,INDIAN RAILWAY FIN CORP L,       147.28,       149.34,-1.38
L,JSW ENERGY LIMITED,       645.65,       654.65,-1.37
L,ICICI PRU LIFE INS CO LTD,       691.90,       699.65,-1.11
L,ADANI POWER LTD,       548.90,       554.80,-1.06
L,AVENUE SUPERMARTS LIMITED,      3678.40,      3709.60,-0.84
L,INDIAN OIL CORP LTD,       137.65,       138.63,-0.71
L,BAJAJ HOLDINGS & INVS LTD,     10403.30,     10468.25,-0.62
L,DABUR INDIA LTD,       523.90,       527.15,-0.62
L,BHEL,       249.65,       251.09,-0.57
L,GAIL (INDIA) LTD,       198.54,       199.46,-0.46
L,CANARA BANK,       101.71,       102.01,-0.29
L,LIFE INSURA CORP OF INDIA,       983.80,       985.50,-0.17
L,REC LIMITED,       531.90,       532.60,-0.13
L,BOSCH LIMITED,     34928.15,     34966.20,-0.11
 , , , , 
 ,OTHER SECURITIES, , , 
 , , , , 
G,UNITED HEAT TRANSFER LTD,       117.00,        97.50,20
G,RAMCO SYSTEMS LTD.,       500.45,       417.05,20
G,PUDUMJEE PAPER PRO. LTD,       186.28,       155.24,19.99
G,VDEAL SYSTEM LIMITED,       171.05,       142.55,19.99
G,ZINKA LOGISTICS SOL LTD,       325.30,       271.10,19.99
G,PAR DRUGS AND CHEM LTD,       348.45,       290.40,19.99
G,KALANA ISPAT LIMITED,        40.10,        33.45,19.88
G,UNSEC RED NCD 10.5% SR.VI,      1174.00,       980.00,19.8
G,INDO US BIOTECH LTD,       308.80,       259.45,19.02
G,S D RETAIL LIMITED,       185.55,       156.15,18.83
G,NELCO LTD,      1234.90,      1040.85,18.64
G,TFB 7.37% 2035 SR. 3A,      1625.00,      1370.00,18.61
G,STAR PAPER MILLS LTD,       241.59,       205.63,17.49
G,MALU PAPER MILLS LIMITED,        52.96,        45.08,17.48
G,SHRE PUSH CHEM & FERT LTD,       348.00,       300.60,15.77
G,INOX GREEN ENERGY SER LTD,       171.47,       148.29,15.63
G,POKARNA LIMITED,      1225.10,      1067.65,14.75
G,BIKEWO GREEN TECH LIMITED,        32.35,        28.40,13.91
G,AUTOMOTIVE STAMPINGS & AS,       776.25,       683.00,13.65
G,JAY BEE LAMINATIONS LTD,       426.10,       379.20,12.37
G,SIYARAM SILK MILLS LTD,       866.85,       772.40,12.23
G,DANISH POWER LIMITED,       993.30,       885.75,12.14
G,BHANDARI HOSIERY EXP LTD,         8.19,         7.31,12.04
G,SHREE TIRUPATI BALAJEE L,        79.85,        71.45,11.76
G,SHREYANS INDUSTRIES LTD,       254.89,       228.15,11.72
G,MARVEL DECOR LIMITED,       119.40,       106.95,11.64
G,NOVA AGRITECH LIMITED,        71.88,        64.41,11.6
G,DMCC SPECIALITY CHEMICALS,       328.50,       296.20,10.9
G,INNOVA CAPTAB LIMITED,      1125.40,      1021.90,10.13
G,JK PAPER LIMITED,       465.85,       423.40,10.03
 , , , , 
L,HINDCON CHEMICALS LIMITED,        50.57,        55.83,-9.42
L,SEC RE NCD 9.48% SR V,       700.01,       763.00,-8.26
L,SOMA TEXTILES & INDUST LT,        60.54,        65.80,-7.99
L,AEGIS LOGISTICS LIMITED,       836.80,       907.95,-7.84
L,SEC RED NCD SR. VII,      1700.00,      1843.29,-7.77
L,EMAMI LIMITED,       631.25,       684.00,-7.71
L,SHANTHALA FMCG PRODUCTS L,        40.75,        43.80,-6.96
L,SEC RE NCD 9.48% SR.V,       858.00,       920.00,-6.74
L,BASF INDIA LTD,      5658.40,      6016.75,-5.96
L,SPECTRUM ELECTRIC IND LTD,      1873.55,      1990.00,-5.85
L,ROCKINGDEALS CIRCU ECO L,       384.75,       408.40,-5.79
L,SECUREKLOUD TECH LIMITED,        33.68,        35.66,-5.55
L,NEWJAISA TECHNOLOGIES LTD,        76.70,        81.20,-5.54
L,WALPAR NUTRITIONS LIMITED,        49.55,        52.45,-5.53
L,AVG LOGISTICS LIMITED,       426.70,       451.05,-5.4
L,8.91%S-R-NCD SERIES 3B,      1294.18,      1367.80,-5.38
L,2.50%GOLDBONDS2027SR-V,      7776.10,      8200.00,-5.17
L,SEC RE NCD 10.03% SR V,       940.00,       990.00,-5.05
L,ACME SOLAR HOLDINGS LTD,       260.50,       274.30,-5.03
L,MANAV INFRA PROJECTS LTD,        18.00,        18.95,-5.01
L,DHRUV CONSULTANCY SER LTD,       152.30,       160.32,-5
L,DE NEERS TOOLS LIMITED,       294.40,       309.90,-5
L,RAPPID VALVES (INDIA) LTD,       304.90,       320.95,-5
L,SEC RE NCD 10.25% SR XII,       950.00,      1000.00,-5
L,ASL INDUSTRIES LIMITED,        34.20,        36.00,-5
L,ARISTO BIO T AND LIFESC L,       150.10,       158.00,-5
L,FOCE INDIA LIMITED,      1472.50,      1550.00,-5
L,SOTAC PHARMACEUTICALS LTD,       109.25,       115.00,-5
L,UNIVASTU INDIA LIMITED,       250.75,       263.94,-5
L,LAMOSAIC INDIA LIMITED,       163.60,       172.20,-4.99
