SECURITY,NEW,PREVIOUS,NEW_STATUS
INFO EDGE (I) LTD,8481.4,8472,H
SYNGENE INTERNATIONAL LTD,960.6,945.25,H
MAN COAT METAL & IND LTD,77.97,74.26,H
SHRE PUSH CHEM & FERT LTD,360.7,336.7,H
PITTI ENGINEERING LIMITED,1497.75,1476,H
RADAAN MEDIAWORKS (I) LTD,5.18,5.08,H
SEC RE NCD SR.V,1281.45,1278.45,H
DESTINY LOGISTICS & I LTD,171.5,170.8,H
SATHLOKHAR SYN E&C GLOB L,408.8,405.1,H
UNSEC RED NCD 10.5% SR.VI,1175,1174,H
VDEAL SYSTEM LIMITED,171.05,160,H
GOI TBILL 182D-27/02/25,98.47,98.37,H
TRANSWORLD SHIP LINES LTD,475.9,425.9,H
K.P. ENERGY LIMITED,641.5,626.55,H
DANISH POWER LIMITED,1039,949,H
SURANI STEEL TUBES LTD.,195.9,192.1,H
NEULAND LAB LTD.,17234.9,16877.7,H
XPRO INDIA LIMITED,1522.8,1498.55,H
HIND RECTIFIER LIMITED,1333.5,1279.25,H
GANESHA ECOSPHERE LIMITED,2484.2,2470,H
PAR DRUGS AND CHEM LTD,348.45,325,H
DHRUV CONSULTANCY SER LTD,168.33,160.32,H
63 MOONS TECHNOLOGIES LTD,692,690.75,H
INDUSTRIAL INV TRUST LTD,427.1,425.75,H
LLOYDS METALS N ENERGY L,1094.85,1063,H
EMKAY GLOBAL FIN SERV LTD,354.55,350,H
SEC RE NCD 8.20% SR.V,1059,1049.84,H
GOI LOAN  7.09% 2054,105,104,H
SEC RE NCD 9.65% SR I,1074,1068.64,H
AEROFLEX INDUSTRIES LTD,231,218.65,H
BANSAL WIRE INDUSTRIES L,474.55,468.65,H
GSM FOILS LIMITED,97.3,95.8,H
KNOWLEDGE MARINE & EN W L,2348,2238.7,H
PARIN ENTERPRISES LIMITED,400,390,H
SHANKAR LAL RAMPAL LTD,73.44,73.29,H
Z-TECH (INDIA) LIMITED,398.95,391.15,H
AHIMSA INDUSTRIES LTD.,61.95,60.75,H
GANESH HOUSING CORP LTD,1295,1287.45,H
CAPLIN POINT LAB LTD.,2303,2200,H
GOKUL AGRO RESOURCES LTD,350,342,H
VEDANT FASHIONS LIMITED,1512,1501.55,H
SJS ENTERPRISES LIMITED,1306.1,1279,H
TARAPUR TRANSFORMERS LTD,32.72,26.35,H
ORCHID PHARMA LIMITED,1741,1685,H
AMBANI ORGOCHEM LIMITED,113,112,H
APRAMEYA ENGINEERING LTD,88.8,85.9,H
INNOVA CAPTAB LIMITED,1176,1060,H
TOLINS TYRES LIMITED,234.15,233,H
SEC RE NCD SR.V,1177,1132.9,H
SEC RE NCD 9% SR.IV,1073,1067.8,H
VERA SYNTHETIC LIMITED,110.25,105,H
VST TILLERS TRACTORS LTD,5200,4887.35,H
ECLERX SERVICES LTD,3558,3526,H
PUDUMJEE PAPER PRO. LTD,186.28,161.83,H
SUVEN PHARMACEUTICALS LTD,1360,1353.95,H
MASK INVESTMENTS LIMITED,218.26,216.04,H
SUPREME INFRA. LTD,132.49,128.4,H
ADIT BIRL SUN LIF AMC LTD,911.85,894.4,H
ARISTO BIO T AND LIFESC L,159,158,H
TFB 7.37% 2035 SR. 3A,1625,1497,H
FUTURE MKT NETWORKS LTD,19.04,18.67,H
ZINKA LOGISTICS SOL LTD,325.3,285.9,H
PENNAR INDUSTRIES LTD,222.45,215,H
PB FINTECH LIMITED,2005,1966.5,H
JEENA SIKHO LIFECARE LTD,2075,2004,H
AMI ORGANICS LIMITED,2320.4,2184.15,H
INDO THAI SEC LTD,1179.55,1149,H
C P S SHAPERS LIMITED,539.4,513.75,H
SERENCD 8.60% SR.IV OP8,1081.99,1081,H
SOLAR ACT RS.3.50 PPD UP,536.15,525.2,H
SHUBHSHREE BIOFUELS ENE L,300.95,297.8,H
OBSC PERFECTION LIMITED,197,183.7,H
JAY BEE LAMINATIONS LTD,434,410.9,H
GENESYS INTL CORPN LTD,977.9,924,H
MARKSANS PHARMA LIMITED,358.7,353.9,H
SALZER ELECTRONICS LTD,1219.7,1199,H
CAPACITE INFRAPROJECT LTD,445.5,437.45,H
COFORGE LIMITED,8773.05,8744.5,H
COMPUTER AGE MNGT SER LTD,5145,5098.8,H
CREATIVE NEWTECH LIMITED,1025.6,1016.6,H
KAYNES TECHNOLOGY IND LTD,6356.95,6145,H
VASA DENTICITY LIMITED,821.8,762,H
ANIK INDUSTRIES LTD,108.77,106.64,H
AARVEE DEN. & EXP. LTD,78.49,76.96,H
TAX FREE7.39% SR.IB,1065.74,1065,H
AVI ANSH TEXTILE LIMITED,88,85.45,H
PREMIER ENERGIES LIMITED,1278,1267.95,H
KRN HEAT EXCHANGE N REF L,836.25,821.95,H
PRECOT LIMITED,596.55,589,H
WANBURY LIMITED,259.21,253.18,H
GALLANTT ISPAT LIMITED,364.15,347.1,H
KERNEX MICROSYS(I) LTD,1167,1166.25,H
WINDSOR MACHINES LIMITED,357,346.01,H
ADITYA BIRLA MONEY LTD,180.12,179.98,H
PIX TRANSMISSIONS LIMITED,2799.95,2690,H
GARWARE HI-TECH FILMS LTD,5149.95,5000,H
AVALON TECHNOLOGIES LTD,990.55,969.9,H
SLONE INFOSYSTEMS LIMITED,315.95,309.05,H
S D RETAIL LIMITED,187.35,174.9,H
ZAGGLE PREPA OCEAN SER L,523.3,514,H
DIGICONTENT LIMITED,58.85,57.7,H
NEUEON TOWERS LIMITED,5.22,4.98,H
DYNAMIC SRVCS & SEC LTD,359.35,352.35,H
CIGNITI TECHNOLOGIES LTD,1747.5,1690.3,H
SRI ADHIKARI BRO TELE N L,1971.4,1932.75,H
SEC RE NCD 0% SR.II,1252,1249.99,H
TV VISION LIMITED,26.91,26.39,H
ENFUSE SOLUTIONS LIMITED,233.6,232.5,H
UNITED HEAT TRANSFER LTD,117,97.5,H
GOI TBILL 364D-05/12/24,99.85,99.75,H
GOI TBILL 364D-03/10/25,95.5,95,H
ROX HI TECH LIMITED,97.05,100,L
DECCAN TRANSCON LEASING L,57.3,59,L
CADSYS (INDIA) LIMITED,102.8,108.2,L
LAMOSAIC INDIA LIMITED,163.6,164,L
SPECTRUM TALENT MGMT LTD,192,193,L
BAL PHARMA LTD.,121.5,123.95,L
CYBER MEDIA RES & SER LTD,86.2,89.55,L
EASY TRIP PLANNERS LTD,16.9,17.04,L
SMS LIFESCIENCES (I) LTD,1178,1193.9,L
7.69% TAX FREETRII SR2B,1091.2,1094.25,L
PULZ ELECTRONICS LIMITED,69.75,99.75,L
FORCAS STUDIO LIMITED,83.1,84,L
SEC RE NCD 9.48% SR.V,858,875,L
JFL LIFE SCIENCES LIMITED,33.65,34.3,L
SHREE VASU LOGISTICS LTD,321.5,326.3,L
SHANKAR LAL RAMPAL LTD,70.56,72,L
FELIX INDUSTRIES LTD.,169.8,173.25,L
SEC RED NCD 9.30% SR. II,1023,1023.5,L
COFFEE DAY ENTERPRISE LTD,27.8,28.01,L
ISHAN INTERNATIONAL LTD,2.25,2.3,L
SANGANI HOSPITALS LIMITED,65.4,66.7,L
RACHANA INFRA LTD,38.9,39.6,L
NUPUR RECYCLERS LIMITED,100,100.9,L
MANGALAM ORGANICS LIMITED,419.65,428.2,L
AION-TECH SOLUTIONS LTD,69.14,69.7,L
SEC RED NCD SR. VII,1700,1784.96,L
RAGHAV PRODUCTIVITY ENH L,719,733,L
SDL UP 7.73% 2034,97.9,98,L
TRUCAP FINANCE LIMITED,17.19,17.55,L
NIRMAN AGRI GENTICS LTD,384,386.85,L
AVRO INDIA LIMITED,162.68,165.5,L
DEBOCK INDUSTRIES LIMITED,3,3.31,L
KAMDHENU VENTURES LIMITED,16.08,16.41,L
KORE DIGITAL LIMITED,1728.4,1763.65,L
BOSS PACKAGING SOLU LTD,53.55,55.2,L
CMI LIMITED,3.95,4.11,L
BRIGHT SOLAR LIMITED,4.25,4.45,L
SALASAR EXTERIOR CONT LTD,26.4,36,L
AMEYA PRECISION ENG LTD,112.95,115.25,L
REVATHI EQUIPMENT INDIA L,1820,1822.45,L
GLOBALE TESSILE LIMITED,28.31,29.01,L
V MARC INDIA LIMITED,376.95,384.65,L

