SYMBOL,SYMBOL P/E,ADJUSTED P/E
THERMAX,74.65,86.2
RIIL,169.85,169.85
RAYMOND,19.4,19.11
SHREDIGCEM,17.61,17.61
SMLISUZU,19.44,19.44
FACT,,612.92
LMW,86.76,86.76
NELCO,117.93,117.93
LUMAXIND,41.74,41.74
KECL,90.7,316.33
KCP,9.71,9.38
INFY,28.59,28.59
IONEXCHANG,45.37,45.37
IFBIND,57.66,57.66
GNFC,21.38,21.38
BHARATFORG,69.15,62.63
FORCEMOT,22.61,22.61
ARVIND,32.49,32.5
TATAMOTORS,8.73,8.7
LINDEINDIA,134.94,134.94
ESCORTS,35.26,35.26
ASHOKLEY,24.03,24.46
ZUARIIND,1.43,
SUNDARMFIN,27.64,26.56
VEDL,11.2,12.63
NOCIL,31.26,31.26
BATAINDIA,52.16,74.74
CARBORUNIV,63.16,63.16
BALMLAWRIE,19.81,19.81
MOTOGENFIN,58.18,58.18
ABREL,102.55,102.55
CENTENKA,19.39,19.39
ATFL,537.93,2020.59
SUPREMEIND,61.28,61.28
BALRAMCHIN,29.31,29.31
AEGISLOG,45.55,45.55
BBOX,62.18,48.23
JTEKTINDIA,47.6,47.88
TATAELXSI,50.86,50.86
SANDESH,5.6,5.6
APOLLOHOSP,82.04,82.04
BALKRISIND,32.99,32.99
EICHERMOT,35.47,35.47
GVT&D,113.9,113.9
BANARISUG,33.66,33.66
BSL,21.8,21.8
APCOTEXIND,36.99,36.99
RCF,50.02,54.38
DECCANCE,50.13,29.39
ADVANIHOTR,28.63,28.63
SUBROS,31.73,31.73
SIEMENS,99.07,99.07
TOKYOPLAST,132.35,132.35
SANOFI,34.66,32.26
HEIDELBERG,37.7,37.7
MANGLMCEM,45.29,45.29
PCBL,32.73,32.73
3PLAND,53.49,53.49
HONDAPOWER,47.01,49.74
BBL,36.23,36.23
DCMSHRIRAM,34.49,34.49
COSMOFIRST,19.83,19.83
HDFCBANK,19.51,19.23
GMBREW,11.82,11.82
INDIANHUME,21.03,21.03
IOC,12.35,13.25
OSWALGREEN,141.9,141.9
HUHTAMAKI,5.34,28.59
RICOAUTO,31.54,30.74
BANCOINDIA,24.06,24.06
MANINDS,19.11,19.11
SHANTIGEAR,44.39,44.39
ONWARDTEC,30.81,30.81
NCC,22.49,21.97
ELGIEQUIP,62.63,62.63
BBTC,8.84,8.67
LICHSGFIN,7.2,7.2
BEPL,17.59,17.59
BANARBEADS,30.07,30.07
PRAJIND,50.41,54.42
EVERESTIND,122.91,163.41
TRANSWORLD,150.97,150.97
PGHH,76.28,76.28
BOMDYEING,1.24,
NAVNETEDUL,4.12,15.2
AGI,23.25,23.25
GLAXO,61.34,54.87
TATACONSUM,75.48,63.91
FMGOETZE,15.13,15.13
ORIENTHOT,75.14,75.14
3MINDIA,60.64,60.64
ANDHRAPAP,10.31,10.31
RALLIS,43.4,43.4
KSB,66.64,66.64
GLFL,188.32,188.32
SAKHTISUG,4.8,
AKZOINDIA,38.81,38.81
HINDUNILVR,57.02,56.96
FINCABLES,25.16,36.12
DCM,33.2,33.2
HEUBACHIND,35.14,35.14
BHARATGEAR,33.52,
NAVA,10.27,11.05
REMSONSIND,39.14,40.33
SWARAJENG,25.8,25.8
ANDHRSUGAR,41.19,38.35
AUSOMENT,14.22,14.22
JAYAGROGN,15.39,15.39
SAMBHAAV,34.6,39.08
SANGAMIND,49.26,42
HITECHGEAR,27.42,27.36
ELECTHERM,3.28,3.4
GANESHHOUC,21.76,21.76
MPHASIS,35.36,35.36
RUCHINFRA,171.73,171.73
HERITGFOOD,25.77,25.39
INDNIPPON,22.33,22.33
CONCOR,40.1,39.28
HUDCO,19.37,19.37
AURIONPRO,53.79,53.79
NAHARINDUS,28.24,26.94
ORIENTCER,36.62,41.5
VIMTALABS,38.79,38.79
NITINSPIN,14.68,14.68
GSPL,9.35,9.54
SAKUMA,16.6,16.6
JKCEMENT,40.1,45.93
M&MFIN,15.94,15.94
KEI,66.01,66
SOLARINDS,91.25,91.25
RSYSTEMS,42.09,42.09
KAMDHENU,23.14,23.14
PIONEEREMB,45.11,45.11
MUNJALAU,24.62,15.47
TECHM,50.65,50.78
ANANTRAJ,65.5,65.5
BINANIIND,29.25,
ALICON,23.19,23.19
INSPIRISYS,32.43,32.43
NAUKRI,155.69,169.85
LTFOODS,24.34,24.34
DONEAR,14.3,14.3
HIRECT,91.77,75.82
AVTNPL,26.48,26.48
VEEDOL,25.32,25.32
SARLAPOLY,15.7,15.7
GANDHITUBE,17.64,17.64
UNOMINDA,75.77,78.14
TIIL,21.14,20.61
FSL,47.71,47.71
JKTYRE,13.81,13.3
THEMISMED,80.01,80.01
BANSWRAS,21.69,21.69
NDLVENTURE,356.25,356.25
FORTIS,72.05,68.16
WEBELSOLAR,,93.91
NELCAST,21.08,33.42
MEGASOFT,224.83,224.83
PURVA,138.42,138.42
MAGNUM,23.02,46.12
MANGCHEFER,18.18,18.18
ENERGYDEV,50.73,50.73
RGL,22.34,22.34
KAUSHALYA,3.03,3.03
HITECHCORP,26.1,27.11
TARIL,121.23,121.23
MANAKSIA,9.44,6.93
AMBIKCO,13.32,13.32
BIRLAMONEY,12.98,12.98
JKIL,15.9,15.9
HERCULES,23.14,23.14
SEPC,170.89,170.89
NMDC,11.15,10.78
RECLTD,9.42,9.42
TITAGARH,51.94,51.66
BAJAJ-AUTO,32.06,32.06
RANEENGINE,18.36,15.51
LOTUSEYE,109.11,110.48
VINYLINDIA,26.36,26.36
ZFCVINDIA,57.81,57.81
TPHQ,18.6,18.6
MAWANASUG,10.09,10.09
MHRIL,66.12,66.12
VINATIORGA,52.32,52.32
GLOBUSSPR,41.67,41.67
EXPLEOSOL,18.98,18.98
SUNTECK,50.83,50.83
SHILPAMED,132.43,140.15
JSWENERGY,58.15,58.15
HINDCOPPER,66.26,66.26
WHIRLPOOL,76.13,72.87
THANGAMAYL,57.02,57.02
HATHWAY,38.84,38.5
MANINFRA,35.51,35.51
KIRLOSBROS,46.2,46.33
SJVN,45.46,48.58
MANAPPURAM,5.83,5.83
TI,45.48,43.46
BAJAJCON,20.46,20.46
GPPL,25.36,23.36
KILITCH,35.88,35.88
CANTABIL,31.75,32.39
BEDMUTHA,19.24,19.24
COALINDIA,7.47,7.47
JINDWORLD,75.26,75.26
A2ZINFRA,24.15,
KICL,36.03,47.43
HFCL,49.69,49.69
MUTHOOTFIN,15.89,15.89
PIIND,34.88,34.88
OMINFRAL,52.01,52.01
DELPHIFX,23.27,23.27
ASHIANA,98.62,98.62
LTF,13.8,13.8
BODALCHEM,581.12,581.12
FILATEX,25.83,25.83
SAREGAMA,52.09,52.09
ENGINERSIN,40.68,40.68
JAICORPLTD,94.64,94.64
MAHAPEXLTD,36.76,55.23
ASAHIINDIA,54.39,54.39
SOUTHBANK,5.24,5.24
ITDCEM,26.6,26.6
CYIENT,30.06,28.55
GOACARBON,16.74,16.74
STCINDIA,19.53,12.53
RSSOFTWARE,21.89,21.89
NATIONALUM,14.04,15.61
ALEMBICLTD,26.79,26.79
ICDSLTD,41.44,41.44
BSOFT,26.4,26.4
STAR,50.56,47.02
ZYDUSLIFE,22.61,22.61
RAJESHEXPO,183.39,183.39
SHREERAMA,42.68,42.68
NRBBEARING,10.91,27.54
GEPIL,143.39,143.39
AJANTPHARM,43.15,43.15
BLUESTARCO,72.61,72.61
PNBGILTS,9.53,9.8
CHENNPETRO,13.99,13.99
KRBL,16.14,16.14
MARKSANS,44.71,44.71
ACLGATI,149.75,
UNITDSPR,78.31,77.19
OLECTRA,118.73,127.9
APTECHT,51.19,44.68
NUCLEUS,18.55,18.55
RADICO,113.72,113.72
NSIL,50.03,50.03
WELSPUNLIV,20.97,20.97
VAIBHAVGBL,38,36.32
XPROINDIA,69.54,66.95
CCL,38.58,38.58
LT,31.71,31.85
AMBICAAGAR,8.52,8.52
COFORGE,68.63,69.37
TEXINFRA,383.12,383.12
INDSWFTLTD,2.03,2.03
KOTARISUG,33.85,33.85
PATELENG,13.58,16.75
JINDALPHOT,59.94,59.94
GOKEX,52.87,52.87
IIFL,14.62,7.61
CYBERMEDIA,23.5,34.58
JKPAPER,9.14,9.14
GRANULES,29.07,29.07
GEOJITFSL,17.79,17.79
SASKEN,50.94,50.94
IMPAL,18.43,18.43
MOLDTECH,22.46,22.46
COMPINFO,.68,.68
QUESS,28.56,27.91
LLOYDSENGG,90.56,90.56
LTIM,39.26,39.26
MINDTECK,33.65,31.89
DBL,13.52,26.56
NDGL,25.95,25.95
BIGBLOC,76.95,76.95
MBAPL,69.49,69.49
CUPID,25.03,25.03
ICICIPRULI,155.77,155.77
HPL,55.18,55.18
JAIPURKURT,11.32,11.32
SAKAR,53.16,53.16
PANSARI,54.12,54.12
ARTNIRMAN,118.92,118.92
GICL,49.15,49.15
PNBHOUSING,13.79,13.79
PODDARMENT,14.3,14.3
JETFREIGHT,8.17,11.4
TCIEXP,29,29
LIBAS,5.06,5.06
CAPTRUST,83.74,83.74
MAHESHWARI,12.96,12.96
MCL,25.39,25.39
PRICOLLTD,35.49,35.49
STEELCITY,10.38,10.38
KRISHANA,29.72,29.72
GLOBAL,12.76,12.76
NITIRAJ,27.69,27.69
SANGINITA,98.93,98.93
DMART,89.85,89.85
AIRAN,13.64,13.64
EIFFL,242.36,242.36
CREATIVE,25.01,25.01
DEVIT,20.34,20.34
ASLIND,,2108.2
MKPL,26.86,26.86
INFOBEAN,29.52,29.52
BHAGYANGR,30.54,30.54
JALAN,,7.12
GLOBE,13.8,15.21
TEJASNET,49.73,49.73
ACCORD,55.82,55.82
DYNPRO,44.25,44.25
THEINVEST,31.2,31.2
WEWIN,32.95,32.95
VAISHALI,95.36,95.36
SERVOTECH,196.56,196.56
CAPACITE,20.64,20.64
WORTH,11.31,11.31
AARVI,20.11,20.11
DIAMONDYD,63.61,78.33
TIRUPATI,76.53,76.53
RKEC,9.59,9.59
GOLDSTAR,86.06,86.06
JASH,48.48,48.46
BETA,50.93,50.93
DPABHUSHAN,40.95,40.95
GICRE,9.64,9.64
NAM-INDIA,32.92,32.92
IFGLEXPOR,33.91,33.91
VERTOZ,58.59,58.59
PULZ,17.77,17.77
SILVERTUC,48.11,48.11
ICEMAKE,50.76,50.76
INNOVANA,28.48,28.48
ONEPOINT,55.45,55.45
AJOONI,53.48,53.48
MOKSH,13.28,13.28
SILLYMONKS,70.4,70.4
NEWGEN,56.81,56.81
GALAXYSURF,31.81,31.81
MHHL,8.74,8.74
SOUTHWEST,41.47,43.73
GMMPFAUDLR,54.58,54.58
HINDCON,60.68,60.68
SARVESHWAR,46.15,46.15
MACPOWER,50.16,50.16
SUNDARMHLD,30.96,30.96
URAVI,289.71,289.71
MITTAL,34.23,50.29
SANDHAR,24.33,25.18
GIRIRAJ,80.55,80.55
KAPSTON,44,44
AVG,16.27,24.61
VERA,20.49,20.49
MMP,28.34,28.34
NARMADA,20.12,20.12
CHEMFAB,104,104
BSHSL,77.5,77.5
AAKASH,21.19,21.19
GODHA,42.64,42.64
SOFTTECH,182.37,182.37
E2E,238.69,238.69
INDOSTAR,38.08,38.08
SIRCA,39.86,39.86
LATTEYS,111.59,111.59
SONAMLTD,50.15,50.15
PRITI,31.02,31.02
ACCURACY,16.08,16.08
FINEORG,36.1,36.06
GANGAFORGE,141.14,143.6
REPL,26.36,26.36
HBSL,3.06,3.06
CREDITACC,10.79,10.79
AARON,47.26,47.26
SUMIT,43.52,43.52
LAGNAM,14.03,14.03
RPPL,21.98,21.98
AKG,53.02,53.02
IRCON,23.53,23.53
AHLADA,11.5,11.5
SPECTRUM,142.87,142.87
RAJMET,165.72,165.72
KSHITIJPOL,33.53,
GRSE,49.99,49.99
KRITIKA,27.76,27.76
SILGO,21.14,21.14
VINNY,43.61,43.61
BBTCL,43.87,43.87
IRISDOREME,44.26,44.26
UWCSL,15.86,15.86
ATGL,130.49,130.49
UNIPARTS,18.46,18.46
NILASPACES,25.64,25.64
AWHCL,21.73,21.73
RPSGVENT,72.92,72.92
OSIAHYPER,23.34,23.34
ANUP,61.05,61.05
PAR,19.56,19.56
KHFM,54.08,54.08
RVNL,70.52,70.52
METROPOLIS,73.87,73.87
KPITTECH,50.98,50.98
NEOGEN,137.43,137.43
CONFIPET,32.56,32.56
INDIAMART,29.72,29.72
SATIA,7.21,7.21
WEL,152.55,152.55
AFFLE,66.28,66.28
SPANDANA,29.6,29.6
WESTLIFE,545.42,545.42
HNDFDS,66.76,66.76
MAZDOCK,38.02,38.02
IRCTC,54.41,54.27
SECL,292.31,292.31
DCI,32.34,32.34
360ONE,46.82,43.83
HPIL,87.95,87.95
FLUOROCHEM,106.01,106.01
KUANTUM,7.03,7.03
CHEMBOND,18.37,18.89
MGEL,15.21,14.09
SBICARD,30.15,30.15
HOMEFIRST,27.38,27.38
CSBBANK,9.65,9.65
EASEMYTRIP,69.81,40.12
ROSSARI,32.74,32.74
PRINCEPIPE,35.9,35.9
ESAFSFB,72.97,28.78
PARKHOTELS,53.04,53.04
PATANJALI,65.92,65.92
SUMICHEM,56.91,56.91
ATALREAL,40.44,40.44
ASALCBR,29.9,29.9
UNIVPHOTO,11.1,11.1
BAFNAPH,465.16,251.7
POWERINDIA,254.68,254.68
STOVEKRAFT,79.2,79.2
RAJRATAN,34.02,34.02
AARTISURF,35.17,50.43
GLAND,41.4,41.4
NDRAUTO,48.38,48.38
MAXHEALTH,89.94,89.94
AAATECH,42.16,42.16
KALYANKJIL,119.39,119.39
BTML,58.88,58.86
UNIDT,36.49,36.49
SIGACHI,27.2,27.2
ANGELONE,19.85,19.85
SURYODAY,6.36,6.36
UTIAMC,17.97,17.97
BECTORFOOD,78.18,78.18
ORCHPHARMA,72.14,72.14
INDIGOPNTS,48.46,48.46
LXCHEM,54.33,54.33
MTARTECH,142.75,142.75
ANURAS,73.65,73.65
STYLAMIND,32.57,32.37
CLSEL,15.14,15.14
PFIZER,39.34,39.76
BOSCHLTD,49.49,51.61
DEEPAKFERT,25.01,25.01
MAHSEAMLES,10.09,10.05
COROMANDEL,37.43,37.43
VINDHYATEL,22.55,22.55
ASIANPAINT,52.97,51.49
PGHL,39.47,37.92
BEML,61.83,61.83
TATACHEM,,46.1
VTL,18.31,18.31
EPL,31.81,30.4
BIRLACABLE,89.09,89.09
HONAUT,68.43,68.43
PRECOT,16.68,20.79
ARE&M,24.18,24.18
IVP,19,19
RAJSREESUG,45.22,45.22
ZENSARTECH,26.55,26.55
KPIL,35.44,35.44
IGARASHI,106.88,106.88
NKIND,479.01,479.01
HSCL,53.94,53.94
UFLEX,,8.81
SPMLINFRA,65.68,70.47
JUBLPHARMA,34.34,28.24
TATACOMM,55.02,66.58
HLVLTD,50.84,56.01
LIBERTSHOE,74.36,51.36
PIDILITIND,80.78,78.74
JINDALSAW,10.52,10.52
STYRENIX,20.57,20.57
CANFINHOME,13.37,13.37
DABUR,53.08,53.08
LYKALABS,182.63,180.92
KANSAINER,37.17,37.17
GABRIEL,30.2,30.2
PRAKASH,8.56,8.56
GREAVESCOT,244.76,
TIMKEN,64.3,64.3
IPCALAB,58.41,62.5
GSFC,17.04,17.13
EIDPARRY,11.06,11.06
BIRLACORPN,30.87,31.54
ASHAPURMIN,17.57,28.53
PEARLPOLY,38.14,38.14
TTKPRESTIG,54.54,54.54
EIMCOELECO,28.84,28.84
SILINV,21.67,21.67
MOTHERSON,30.98,30.97
INDIANCARD,2.1,
SHRIRAMFIN,14.3,14.3
GUJAPOLLO,30.85,30.85
MMFL,18.27,18.34
JCHAC,183.02,119.15
SKIL,.14,6.92
RAMCOIND,32.11,32.11
INDRAMEDCO,28.52,28.52
MADRASFERT,20.88,12.74
SKMEGGPROD,14.14,14.14
ICICIBANK,18.53,18.53
FIEMIND,21.63,21.63
DCBBANK,6.83,6.83
GESHIP,5.55,5.55
RUCHIRA,7.94,7.94
NFL,22.21,22.21
TANLA,17.42,17.42
LUMAXTECH,18.42,18.42
PITTIENG,46.02,46.02
TTL,29.63,77.54
PAGEIND,80.18,80.18
NAHARPOLY,143.69,143.69
ICRA,43.35,43.35
ZENITHSTL,18.28,18.28
SRHHYPOLTD,14.6,13.27
KMSUGAR,14.05,14.05
V2RETAIL,110.25,110.25
CIEINDIA,22.34,22.34
KSCL,14.79,14.79
MAANALU,33.7,33.7
RELIGARE,26.68,64.71
ADANIPOWER,16.87,16.87
RTNPOWER,.7,
AHLUCONT,19.78,33.96
BEARDSELL,19.17,19.17
NESTLEIND,66.51,67.82
VASCONEQ,23.15,23.15
HMVL,27.07,27.07
IITL,11.28,14.92
ADFFOODS,46.74,46.74
CAREERP,12.33,12.33
WABAG,42.77,42.54
JWL,56.19,56.19
RESPONIND,35.8,35.8
RPPINFRA,11.54,11.54
KIRLOSENG,31.56,31.67
SHEKHAWATI,.77,7.77
TEXRAIL,51.83,51.83
PFS,18,18
CARYSIL,33.82,33.82
SHAILY,81.45,81.45
MODISONLTD,28.06,28.03
FIBERWEB,14.3,14.3
BCLIND,15.01,15.01
BHAGCHEM,195.83,195.83
SBCL,41.54,41.54
SMCGLOBAL,7.37,7.37
QMSMEDI,18.59,18.59
NPST,172.39,172.39
ARIHANTCAP,13.9,13.9
SIDDHIKA,15.4,15.4
NAZARA,85.4,84.63
IPL,30.53,30.53
GENCON,17.55,17.55
LODHA,60.07,57.39
HLEGLAS,64.83,62.26
SONACOMS,73.61,72.56
UTKARSHBNK,7.5,7.5
DRCSYSTEMS,22.02,22.02
PARAS,102.48,102.48
CRAFTSMAN,44.69,44.69
DODLA,34.23,34.23
JUBLINGREA,71.22,71.18
ROLEXRINGS,34.52,31.07
SHYAMMETL,27.82,27.82
KIMS,64.77,64.77
MAKS,162.14,68.83
JSFB,5.96,5.96
TATVA,117.6,117.6
CLEAN,52.98,52.98
GLS,31.37,31.37
ABSLAMC,27.85,27.85
DEEPINDS,24.87,24.95
ZOMATO,345.85,345.85
BEWLTD,18.67,18.67
PIXTRANS,30.31,30.31
MEDIASSIST,48.25,48.25
WINDLAS,37.31,37.31
CARTRADE,65,65
KRSNAA,46.44,46.44
DEVYANI,,770.63
APTUS,23.68,23.68
SUPRIYA,39.65,39.65
ANMOL,12.12,12.12
BMETRICS,19.43,19.43
VIJAYA,89.82,88.81
AMIORG,91.62,91.38
IWEL,77.69,71.44
SANSERA,50.03,50.03
BAJAJHCARE,,32.04
PRITIKAUTO,19.85,19.85
AAREYDRUGS,27.79,27.79
GRINFRA,13.81,17.51
INTLCONV,6.4,6.4
DUGLOBAL,96.11,96.11
STEELCAS,25.9,25.9
HPAL,36.68,36.68
UGROCAP,17.47,17.47
STARHEALTH,32.02,32.02
KPIGREEN,45.02,44.61
YUKEN,53.77,53.77
ANANDRATHI,65.19,65.19
FINOPB,32.98,32.98
NYKAA,883.51,883.51
AWL,42.72,42.72
SAPPHIRE,755.91,406.28
QUADPRO,22.06,22.06
PRUDENT,71.63,71.63
NUVOCO,255.4,255.4
GOCOLORS,70.68,70.68
TRACXN,3292.92,3292.92
COASTCORP,1006,1006
MEDPLUS,93.28,93.28
RATEGAIN,44.02,44.02
METROBRAND,80.8,80.8
MICEL,35.89,35.89
FOODSIN,31.11,31.11
PARADEEP,24.95,24.95
ABMINTLLTD,985.52,985.52
KRITI,40.73,40.73
DESTINY,76.38,76.38
GANESHBE,15.71,15.71
GVPTECH,69.49,69.49
MEDICAMEQ,97.67,97.67
SHIVALIK,52.7,52.7
PRECISION,18.31,18.31
JSLL,57.19,57.19
MEDANTA,59.17,59.17
AHL,19.07,19.07
NIDAN,,12.58
ASIANENE,38.07,36.28
NRL,54.46,54.46
CHOICEIN,66.86,66.86
GRWRHITECH,37.45,37.45
CAPITALSFB,10.47,10.47
DCMSRIND,13.25,13.25
EMUDHRA,89.43,89.43
FIVESTAR,19.73,19.73
STARTECK,23.25,23.25
SBC,51.28,51.28
ELDEHSG,24.71,24.71
ELIN,64.27,64.27
SHIGAN,29.39,29.39
TIMESCAN,10.73,10.73
GATEWAY,18.25,18.25
SYRMA,80.38,80.38
JTLIND,33.39,33.39
RAINBOW,69.46,69.46
VENUSPIPES,33.42,33.42
ROTO,44.79,44.79
SPRL,17.17,17.17
GSTL,60.5,60.5
INDOBORAX,14.94,14.94
LANDMARK,81.59,
AVONMORE,14.33,14.33
DREAMFOLKS,31.72,31.72
AGSTRA,102.63,102.63
LEMERITE,164.29,164.29
DHARMAJ,24.55,24.55
OBCL,64.41,64.41
GMRP&UI,4.21,
KCK,211.63,211.63
INDOAMIN,23.82,23.82
PROPEQUITY,23.18,23.18
INOXGREEN,185.56,185.56
ACI,39.95,35.28
BIKAJI,69.56,69.56
SADHNANIQ,692.75,692.75
SKP,379.16,379.16
HARDWYN,85.75,85.75
CHEVIOT,9.52,9.52
MWL,16.01,16.01
MEDICO,53.3,53.3
KFINTECH,66.6,66.6
DCXINDIA,68.56,68.56
ARISTO,23.62,23.62
KAYNES,161.42,161.42
NGLFINE,27.24,27.24
SWASTIK,40.74,40.74
FIDEL,31.93,31.93
PLAZACABLE,165.57,165.57
SENCO,43.68,43.68
RADHIKAJWE,23.54,23.54
SPLPETRO,32.65,32.65
RAMRAT,40.75,40.75
CSLFINANCE,10,10
AGNI,160.52,160.52
KORE,65.33,65.16
GOYALALUM,63.23,63.23
RUSTOMJEE,65.29,65.29
GENSOL,43.28,43.22
DBOL,81.48,81.48
GSLSU,114.44,114.44
SPORTKING,13.42,13.42
MANORAMA,118.48,118.48
ARABIAN,12.05,12.05
INNOVACAP,49.42,49.42
GRMOVER,19.36,19.36
SYNCOMF,57.03,57
DJML,70.09,70.09
SULA,42.64,42.64
SIGNATURE,348.13,348.13
ANNAPURNA,43.1,43.1
KRITINUT,15.33,15.33
MEGAFLEX,37.16,37.16
KALAMANDIR,30.4,30.4
AVALON,221.46,221.46
RITEZONE,15.14,15.14
CONCORDBIO,67.71,67.71
BAIDFIN,20.67,20.67
PHANTOMFX,16.28,16.28
AMIABLE,9.67,9.67
DOLLEX,23.09,23.09
BLUEJET,53.67,51.54
MVGJL,12.83,12.83
SCPL,16.93,16.93
SUKHJITS,15.47,15.47
ARHAM,38.69,38.69
FROG,33.92,33.92
MANKIND,48.29,48.29
SKYGOLD,70.18,70.18
SATINDLTD,19.12,19.1
DIVGIITTS,65.1,65.1
PRITIKA,90.47,90.47
USK,16.34,16.34
MOTISONS,71.33,72.09
SRIVASAVI,23.26,23.26
DIACABS,267.78,274.47
IKIO,38.42,38.42
MANOMAY,19.91,19.91
FAZE3Q,27.97,27.97
RBMINFRA,47.12,47.12
LLOYDSME,37.04,37.04
AARTIPHARM,25.19,25.19
RHL,44.28,44.28
SAHYADRI,15.83,15.83
NINSYS,49.42,49.42
DUCOL,33.88,33.88
SBFC,31.31,31.31
SBGLP,123.76,123.76
ASMS,193.13,219.35
SHERA,49.89,49.89
VIAZ,31.99,31.99
ZAGGLE,87,87
GANDHAR,19.15,19.15
MCON,45.67,45.67
HONASA,109.83,109.83
RISHABH,85.28,85.28
IRMENERGY,22.65,22.65
SAH,314.38,314.38
QFIL,16.74,16.74
CYIENTDLM,82.48,82.48
AGUL,14.67,14.67
AKI,95.73,148.98
RPTECH,13.14,13.75
SYSTANGO,21.41,21.41
RATNAVEER,33.36,33.36
PATTECH,46.97,46.97
SECMARK,51,51
AUROIMPEX,18.59,18.59
ATAM,26.57,26.57
CRAYONS,15.66,15.66
INFOLLION,38.94,38.94
LAL,25.95,25.95
INFINIUM,44.51,44.51
POCL,45.42,45.42
ESFL,152.84,152.84
DOLPHIN,95.17,97.63
NOVAAGRI,20.56,20.56
CELLPOINT,235.91,235.91
SEL,76.58,76.58
GREENCHEF,36.13,36.13
NETWEB,160.09,160.09
AEROFLEX,61.28,61.28
EMSLIMITED,26.09,26.09
EFACTOR,23.77,23.77
MONOPHARMA,22.65,22.65
VPRPL,29.87,29.87
SYNOPTICS,15.87,15.87
CLSL,27.82,27.82
KIRLPNU,60.5,58.62
ATL,25.05,24.9
JSWINFRA,52.22,52.22
JLHL,53.6,54.05
SAHAJ,19.88,19.88
GLOBALPET,62.19,62.19
YASHO,60.48,60.48
SERVICE,38.86,38.86
VINSYS,19.82,19.82
MARINETRAN,62.87,62.87
SAROJA,29.93,29.93
SINDHUTRAD,19.7,19.7
ORIANA,43.86,43.86
ONDOOR,23.66,23.51
BAWEJA,18.84,18.84
SANDUMA,23.32,23.32
PLADAINFO,9.27,9.27
OLIL,22.61,22.61
KODYTECH,135.96,135.96
KARNIKA,23.57,23.57
SCML,18.14,18.14
MAL,14.66,14.66
HIGREEN,57.75,57.75
MUFTI,19.88,19.88
CELLECOR,51.31,51.31
MUTHOOTMF,7.64,7.64
SRGHFL,20.36,20.36
NEWJAISA,45.3,45.3
GOYALSALT,22.45,22.45
RCDL,32.6,32.6
HOLMARC,44.25,44.25
TREL,5.17,33.05
MARCO,40.4,40.4
DIAMINESQ,83.87,83.87
MICROPRO,13.55,13.55
HAPPYFORGE,39.89,39.89
IBLFL,63.19,63.19
INDIASHLTR,21.93,21.93
CELLO,48.02,48.02
CANARYS,21.78,21.78
DIGIDRIVE,28.45,28.45
DOMS,93.88,93.88
MAITREYA,52.42,52.42
DIGIKORE,29.44,29.44
AMNPLST,35.82,35.82
SARTELE,41.92,41.92
SAIFL,11.79,11.79
PARAGON,19.97,19.97
INOXINDIA,52.9,52.9
GRAPHISAD,17.74,17.19
ROXHITECH,11.18,11.18
JYOTICNC,102.92,100.37
BAJEL,147.65,122.75
APS,62.22,62.22
TECHLABS,112.47,112.47
SIGNPOST,30.69,30.69
ROCKINGDCE,33.18,33.18
BABAFP,15.95,15.95
SHREEOSFM,19.21,19.21
HRHNEXT,54.55,54.79
MEGATHERM,29.66,29.66
KLL,17.58,17.58
AZAD,146.61,146.61
KONSTELEC,17.77,17.77
FONEBOX,37.42,37.42
ITALIANE,23.61,23.61
SUPREMEPWR,36.07,36.07
KCEIL,37.61,37.61
ACCENTMIC,16.67,16.67
COMSYN,33.59,33.59
LAWSIKHO,60.14,60.14
DAVANGERE,45.86,45.86
MAXPOSURE,45.07,45.07
DELAPLEX,17.27,17.27
RELAXO,92.12,92.12
VSTTILLERS,34.64,34.57
MAITHANALL,3.76,3.76
INVENTURE,16.06,13.87
ASAHISONG,69.75,68.08
NLCINDIA,18.72,18.72
HAVELLS,76.4,76.4
TIPSMUSIC,72.18,72.18
KHANDSE,70.39,70.39
LUPIN,35.28,35.28
BHARTIARTL,90,76.96
SURANAT&P,27.6,27.6
GENESYS,76.75,76.75
JAIBALAJI,19.06,19.06
SIL,44.33,44.33
BIOCON,23.17,23.92
POONAWALLA,66.05,66.05
NIITLTD,62.59,62.59
GULFPETRO,12.65,12.65
CONSOFINVT,7.05,7.05
ALLDIGI,20.6,25.3
MANGALAM,20.56,20.56
SURYALAXMI,88.71,31.77
JSWHL,90.3,90.3
SPLIL,13.22,13.21
FCSSOFT,,56.95
INTENTECH,17,17
CLEDUCATE,45.57,49.66
SIKKO,27.05,27.05
STARCEMENT,38.13,38.13
GTPL,23.85,23.85
ACEINTEG,53.22,53.22
AVADHSUGAR,14.3,14.3
TOTAL,671.91,671.91
VASWANI,14.1,14.1
TRITURBINE,77.34,77.34
JISLDVREQS,1.68,1.68
RUPA,27.85,26.85
APLAPOLLO,72.19,72.19
THOMASCOTT,23.33,23.33
IRFC,29.97,29.97
COMPUSOFT,142.92,142.92
RHIM,,41.36
NBCC,55,46.54
TBZ,24.72,24.72
SWANENERGY,31.37,31.37
RTNINDIA,12.73,12.73
THEJO,43.42,43.42
KITEX,50.32,50.32
TVSHLTD,11.19,11.19
PCJEWELLER,497.54,497.54
INDUSTOWER,12.22,12.22
JUSTDIAL,18.69,18.69
PILITA,72.21,72.21
MITCON,16.81,16.81
ORBTEXP,14.37,14.37
CASTROLIND,22.12,22.12
HATSUN,78.7,78.7
SHARDACROP,33.38,33.38
CIGNITITEC,32.76,32.11
MONTECARLO,32.03,32.03
GULPOLY,50.55,50.55
LAMBODHARA,23.91,23.91
VISHNU,25.68,25.68
MENONBE,9.51,9.51
MANAKSTEEL,34.02,34.77
IMAGICAA,57.53,48.02
VIPULLTD,1.42,1.4
PRIVISCL,54.44,54.44
BCG,2.38,2.38
ARROWGREEN,23.56,23.56
ALANKIT,22.2,22.2
AYMSYNTEX,49.05,77.78
SATIN,4.47,4.47
SHARDAMOTR,18.59,18.59
GUJGASLTD,26.07,27.01
SHK,192.44,23.15
PERFECT,54.33,54.33
TTKHLTCARE,26.49,32.73
PILANIINVS,40.6,40.6
NH,33.22,33.22
TEAMLEASE,46.97,48.51
NECCLTD,27.6,27.6
GOKULAGRO,24.71,24.71
PDMJEPAPER,11.64,11.64
HECPROJECT,19.43,19.43
THYROCARE,51.2,51.12
SAGARDEEP,45.88,45.88
ALBERTDAVD,10.76,10.76
INCREDIBLE,28.21,28.21
MAHASTEEL,100.93,139.97
PENINLAND,25.88,25.74
WHEELS,20.08,20.08
PREMIERPOL,25.39,25.39
SESHAPAPER,10.73,10.73
SUNDRMFAST,43.99,43.99
EXIDEIND,45.66,45.66
ELECON,37.84,37.84
CRISIL,58.59,58.59
PEL,,51.99
MASTEK,26.31,26.89
MAHSCOOTER,67.09,69.95
TRENT,144.13,208.88
CUMMINSIND,57.19,57.15
JAYBARMARU,41.72,41.72
JBCHEPHARM,44.13,44.13
INDIAGLYCO,24.29,24.29
IGPL,34.38,34.38
HIMATSEIDE,23.35,23.35
BPCL,10.75,10.38
BASF,40.07,40.7
ATUL,57.97,57.97
ACC,20.51,23.21
SCI,10.94,10.94
MRPL,30.62,30.39
HINDPETRO,21.49,21.49
RELINFRA,3.22,
BAJAJHLDNG,78.03,78.03
VOLTAS,79.88,79.88
TITAN,88.96,88.96
TATASTEEL,70.03,60.43
SPIC,19.67,13.07
SBIN,10.27,9.58
RELIANCE,22.66,22.66
DRREDDY,18.55,18.55
CHAMBLFERT,14.71,14.71
HINDOILEXP,15.01,18.41
DICIND,121.62,56.95
RAMCOCEM,87.48,87.48
ADORWELD,38.4,34.64
TORNTPHARM,62.43,65.08
FEDERALBNK,12.38,12.38
VLSFINANCE,4.15,4.15
SRF,59.45,59.45
WEIZMANIND,23.22,23.22
UNICHEMLAB,,104.13
RANEHOLDIN,10.25,43.5
SHREYANIND,5.36,5.36
HCC,15.18,
ASHIMASYN,6.38,6.38
ADANIENT,48.87,47.23
INDBANK,18.73,18.73
OPTIEMUS,95.34,95.34
COCHINSHIP,47.89,47.89
GEEKAYWIRE,12.92,12.92
APEX,155.15,155.15
DIXON,129.89,171.51
CHOLAHLDNG,6.91,6.91
ICICIGI,84.04,84.04
DPWIRES,20.16,20.16
AIROLAM,72.89,72.89
GATECHDVR,8.07,8.07
TCPLPACK,24.5,24.5
IEX,41.21,41.21
TIINDIA,67.7,67.37
NIACL,23.33,23.33
KHADIM,120.29,120.29
HDFCLIFE,83.74,83.74
ZODIAC,55.94,55.94
SHALBY,46.08,46.08
TOUCHWOOD,49.87,49.87
BCONCEPTS,74.29,74.29
APOLLO,65.21,65.21
SINTERCOM,368.38,368.38
ARVEE,77.91,77.91
MARINE,97.07,97.4
TECHNOE,54.09,54.09
SHRIRAMPPS,27.45,27.45
DALBHARAT,43.77,38.74
MSTCLTD,24.35,24.19
ARVINDFASN,58.66,56.7
POLYCAB,60.41,60.41
EMAMIPAP,7.24,7.24
PPL,12.49,12.49
OAL,41.76,41.76
DCMNVL,68.93,226.28
CHEMCON,46.64,46.64
DOLATALGO,9.05,9.05
UJJIVANSFB,5.92,5.92
SAFARI,78.9,78.9
IIFLSEC,14.04,14.04
SAMHI,,151.45
GREENPANEL,43.18,43.18
APOLLOPIPE,60.43,60.43
ROUTE,22.85,23.98
SIGMA,19.99,19.99
EQUITASBNK,15.84,15.84
HINDWAREAP,974.12,974.12
LIKHITHA,20.86,20.86
ARTEMISMED,70.13,70.13
LGHL,56.6,59.73
SUVENPHAR,136.87,136.87
KSOLVES,32.09,32.09
HAPPSTMNDS,47.44,49.57
BOROLTD,78.2,78.2
PAVNAIND,63.77,63.77
SHAREINDIA,13.73,13.71
ADL,170.69,170.69
CAMS,57.93,57.93
ROML,55.87,55.87
RAILTEL,50.43,47.93
HERANBA,28.02,28.02
FAIRCHEMOR,26.26,26.26
ISGEC,35,35
PAKKA,26.06,26.06
SGIL,52.71,52.71
SJS,37.09,37.09
POLICYBZR,414.51,496.9
MONARCH,20.07,20.07
EPIGRAL,30.71,30.71
CMSINFO,22.63,22.63
TARSONS,64.63,64.63
TEGA,69.76,69.76
LATENTVIEW,53.83,53.83
PASUPTAC,10.22,10.22
MAPMYINDIA,69.41,69.41
TMB,6.65,6.65
MANYAVAR,86.47,86.47
DMCC,55.69,55.69
EMIL,37.79,37.79
DATAPATTNS,75.7,75.7
MALLCOM,25.44,25.44
SMLT,37.83,37.83
RADIANTCMS,19.15,19.15
HARIOMPIPE,30.01,30.01
DELHIVERY,1866.17,610.61
DYCL,47.85,47.85
VIRINCHI,34.31,34.31
DHRUV,51.48,51.48
MHLXMIRU,12.63,12.63
RELCHEMQ,62.03,62.03
ZIMLAB,34.58,34.58
CAMPUS,89.37,89.37
AETHER,135.07,68.83
MEGASTAR,58.4,58.4
RACE,123.17,123.17
ETHOSLTD,123.01,123.01
MSUMI,42.85,42.85
HARSHA,34.9,34.9
LICI,15.01,15.01
TVSSCS,233.08,131.27
FEDFINA,15.94,15.94
RITCO,30.38,30.38
SURAJEST,29.61,29.61
HMAAGRO,20.85,20.85
YATHARTH,39.52,39.52
YATRA,90.67,90.67
AXITA,34.91,34.91
IDEAFORGE,196.01,196.01
AARTECH,77.69,77.69
TATATECH,58.85,58.85
REDTAPE,71.56,71.56
PTCIL,398.52,398.52
PYRAMID,28.08,28.08
GHCLTEXTIL,19.53,19.53
UDS,28.89,28.89
RRKABEL,61.85,61.86
NUVAMA,28.28,28.28
NIITMTS,28,27.44
ASKAUTOLTD,43.13,43.13
MUFIN,106.68,103.86
FLAIR,26.47,26.47
JIOFIN,177.57,177.57
BLSE,43.41,43.41
EPACK,79.57,79.57
JPOLYINVST,28.99,28.99
NATHBIOGEN,8.85,9.51
IREDA,38.18,38.18
WONDERLA,34,34
CAPLIPOINT,33.6,33.61
SNOWMAN,139.91,139.91
SUPERHOUSE,18.61,35.62
PDSL,36.27,36.97
GOODLUCK,21.34,21.34
GENUSPAPER,204.94,204.94
GREENLAM,60.55,60.55
LINC,25.89,25.89
HESTERBIO,96.94,96.94
MANAKALUCO,32.71,32.71
ZENTEC,81.44,82.18
LFIC,4.97,4.97
AVANTIFEED,17.55,17.55
UFO,106.94,106.94
SKIPPER,55.44,55.44
ADANIENSOL,323.33,51.5
POWERMECH,32.04,31.99
LUXIND,36.2,36.2
KRIDHANINF,,83.51
OCCL,9.63,9.63
VIDHIING,64.75,64.75
SIMBHALS,6.58,6.58
WEALTH,30.2,30.2
SHRIPISTON,20.34,20.34
CONTROLPR,22.6,22.62
GHCL,10.87,10.87
HIL,89.41,37.77
BPL,29.59,29.59
TORNTPOWER,31.39,31.39
MANALIPETC,61.54,53.53
SOBHA,329,329.05
JINDRILL,24.33,24.33
PLASTIBLEN,18.68,18.68
PARACABLES,22.55,22.55
HBLPOWER,57.61,54.09
PTL,18.49,18.49
AUTOIND,20.17,21.19
ORIENTBELL,1507.87,1507.87
REDINGTON,13.19,13.19
PFC,7.42,7.42
SMSPHARMA,37.71,37.71
LAOPALA,31.21,31.21
ASTRAL,91.99,91.99
NCLIND,15.56,14.2
PHOENIXLTD,44.29,44.28
BFUTILITIE,15.86,15.86
ALPHAGEO,16.45,11.55
HILTON,45.4,45.4
INSECTICID,16.78,16.78
NAVINFLUOR,67.29,82
DLF,85.26,85.26
TARMAT,,132.25
ADSL,31.08,31.08
ALPA,11.26,11.27
CENTRALBK,14.5,14.5
KPRMILL,41.36,41.36
MOTILALOFS,16.22,16.22
NAGREEKCAP,1.2,1.2
CENTUM,,423.67
DELTACORP,20.46,27.53
CERA,39.3,39.3
BVCL,30.12,30.12
ADANIPORTS,25.83,24.61
COLPAL,53.51,53.51
JYOTHYLAB,41.05,41.05
KALYANIFRG,35.29,35.29
ECLERX,31.93,31.84
BRIGADE,65.57,65.57
DVL,40.01,40.01
PATINTLOG,26.28,26.28
ARIES,16.86,16.86
CEATLTD,23.46,21.81
RPOWER,14.15,
CORDSCABLE,21.72,21.72
KNRCON,7.5,7.42
IRB,34.33,34.33
GSS,21.14,21.14
NAHARCAP,14.89,14.89
VGUARD,61.17,61.17
NESCO,19.82,19.82
DPSCLTD,101.22,101.22
BAJAJFINSV,15.28,15.28
GOKUL,46.58,46.58
RPGLIFE,51.9,46.74
RBL,15.89,15.57
UBL,108.92,108.92
20MICRONS,13.88,13.88
JOCIL,103.52,103.52
COUNCODOS,72.29,72.29
HINDNATGLS,2.95,1.2
AJMERA,30.66,30.66
GKWLIMITED,135.56,135.56
NHPC,23.98,23.98
AMRUTANJAN,44.9,44.9
DEN,9.68,9.68
SARDAEN,27.06,26.97
DLINKINDIA,20.54,20.54
DBCORP,12.4,12.4
MMTC,94.73,90.8
TRF,18.12,18.12
MBLINFRA,2.79,
JUBLFOOD,109.02,184.25
EMMBI,24.39,24.39
TEXMOPIPES,58.02,15.21
LGBBROSLTD,14.56,15.14
ISFT,17.9,17.9
KSL,21.3,21.3
KIRLOSIND,14.33,13.7
IMFA,11.05,11.05
AHLEAST,12.43,12.43
WELINV,91.68,91.68
AURDIS,13.25,13.25
PROLIFE,16.25,16.25
VSCL,122.6,122.6
CMMIPL,17.79,17.79
OMFURN,23.74,23.74
SOLEX,74.82,74.82
MDL,47.58,46.27
MAHICKRA,47.26,47.26
PARIN,227.14,227.14
SHUBHLAXMI,19.34,19.34
GOLDKART,117.27,117.27
PARTYCRUS,16.62,16.62
WALPAR,18.19,18.19
AILIMITED,59.17,59.17
ABCOTS,46.46,46.46
DKEGL,11.77,11.77
JAINAM,20.18,20.18
KOTYARK,34.82,34.82
COOLCAPS,176.23,176.07
EUROBOND,29.83,29.83
MADHAVBAUG,48.37,48.37
KNAGRI,21.33,21.33
KRISHIVAL,48.82,48.82
VEEKAYEM,30.15,30.15
CMRSL,10.63,8.58
SABAR,6.44,6.44
USASEEDS,22.44,22.44
ALLETEC,50.06,50.06
BAHETI,39.69,39.69
QUICKTOUCH,10.55,10.55
JIWANRAM,18.51,18.51
ARIHANTACA,25.96,25.96
ANLON,42.03,42.03
CMNL,26.34,25.86
SAHANA,93.12,93.12
HOMESFY,18.88,18.45
AGARWALFT,42.97,42.97
DENEERS,20.68,20.68
MOS,57.5,57.5
SOTAC,30.61,29.98
SHRITECH,10.39,10.39
KRISHCA,31.81,31.81
REMUS,40.82,40.82
PENTAGON,22.49,22.49
TRIDHYA,14.14,14.14
PROV,60.19,60.19
MAGSON,34.49,34.49
DENTALKART,66.7,66.7
COMMITTED,11.98,11.98
DRONE,64.24,64.24
PRAMARA,28.82,28.82
ZEAL,15.31,15.31
UNIHEALTH,20.85,20.85
CHAVDA,16.3,16.3
TRANSTEEL,8.04,8.01
AKANKSHA,346.27,346.27
SAAKSHI,38.06,38.06
BASILIC,35.27,35.27
INDIFRA,83.41,83.41
MADHUSUDAN,23.64,23.64
WOMANCART,30.54,30.54
SHANTHALA,49.94,49.94
VISHNUINFR,24.72,24.72
EMKAYTOOLS,14.09,14.09
PRIMESECU,24.22,26.19
VHL,,1679.02
YESBANK,34.91,34.91
MSPL,116.22,116.41
GOLDIAM,36,36
RML,577.18,335.89
DAMODARIND,41.61,41.61
MGL,10.31,10.31
POKARNA,28.64,28.64
GPTINFRA,30.66,30.66
GROBTEA,7.79,7.79
SOMICONVEY,34.3,34.3
ORIENTELEC,80.81,80.81
ADANIGREEN,165.26,131.95
GAYAHWS,,2.57
RITES,31.51,31.57
VARROC,15.85,15.85
HDFCAMC,40.67,40.67
SIGIND,16.44,16.44
AAVAS,24.83,24.83
CHALET,258.26,258.26
SUNPHARMA,38.37,37.84
NEULANDLAB,76.65,81.23
BERGEPAINT,52.5,52.55
MUNJALSHOW,19.12,19.12
RANASUG,21.29,21.29
ARENTERP,16.58,16.58
THOMASCOOK,33.73,33.73
BHARATRAS,35.1,35.1
SOMANYCERA,32.83,34.2
KAJARIACER,48.54,48.51
OSWALAGRO,358.94,356.61
IDBI,13.11,13.11
ELECTCAST,10.82,10.82
INDHOTEL,68.92,81.82
GILLETTE,70.74,70.74
ESABINDIA,54.83,54.83
AARTIIND,36.51,36.77
KOPRAN,19.83,19.83
TATAINVEST,118.98,118.98
SHREECEM,54.3,54.3
HINDALCO,11.81,11.26
FINPIPE,21.43,37.15
CGPOWER,125.58,124.7
BEL,50.05,50.05
GREENPLY,34.94,38.16
NATCOPHARM,12.67,12.67
GARFIBRES,40.97,40.97
SKFINDIA,44.17,44.17
BIOFILCHEM,190.81,190.81
AARTIDRUGS,27.62,27.62
DENORA,36.53,36.53
MIRZAINT,44.4,44.4
VENUSREM,18.56,18.56
WANBURY,15.27,29.51
IZMO,13.16,12.66
PGIL,27.72,27.81
TFL,51.4,51.4
INDIANB,8.1,8.1
AMDIND,76.96,76.96
BALAMINES,31.07,31.07
ERIS,53.43,53.43
SALASAR,51.22,51.22
GANGESSECU,37.75,37.75
TDPOWERSYS,50.26,50.26
APLLTD,33.25,33.78
PGEL,96.9,96.9
PANAMAPET,10.65,10.65
PAISALO,24.93,24.98
SHAKTIPUMP,28.52,28.52
INDOTHAI,64.61,64.61
DSSL,26.93,26.93
POLYMED,96.31,96.31
VIKASECO,34.92,34.92
KANANIIND,216.94,216.94
MINDACORP,46.74,46.74
DBSTOCKBRO,18.22,18.22
SCHNEIDER,100.81,100.85
VSSL,19.66,19.66
SPECIALITY,26.26,26.26
MAYURUNIQ,18.97,18.97
DUCON,20.92,20.92
ZUARI,7.85,7.85
CARERATING,38.89,38.89
REPCOHOME,7.31,7.31
ATULAUTO,107.17,107.17
ORIENTCEM,46.07,46.07
SREEL,24.64,24.64
AGRITECH,12.98,12.98
SDBL,20.8,20.8
AGARIND,14.45,14.45
GOCLCORP,30.7,30.01
GULFOILLUB,16.31,16.31
INTELLECT,35.15,35.18
FCL,32.35,32.35
APOLSINHOT,52.78,52.78
GRPLTD,73.31,67.42
MOLDTKPAC,36.3,36.3
GANECOS,72.41,72.41
JMA,9.02,9.02
TIMETECHNO,27.74,27.74
INDOWIND,41.3,41.3
POWERGRID,19.44,19.44
BAJAJELEC,82.17,82.17
EDELWEISS,20.11,20.11
OIL,9.66,9.67
ZYDUSWELL,40.37,41.13
REFEX,56.59,56.7
GODREJPROP,53.39,53.39
UNITEDTEA,13.36,13.36
DBREALTY,28.41,27.25
PERSISTENT,74.65,74.65
TARAPUR,4.57,4.57
UMESLTD,235.06,235.06
BLISSGVS,23.64,10.4
PRAKASHSTL,4.04,88.55
ORISSAMINE,323.03,323.03
RAMKY,17.18,17.18
PRESTIGE,75.38,75.38
GRAVITA,55.49,55.49
MOIL,18.49,18.49
SUMMITSEC,31.74,29.1
SYMPHONY,39.62,39.62
PNC,62.42,62.42
AXISCADES,41.16,40.96
TRIDENT,53.15,53.15
GODREJCP,,63.17
TCI,27.39,27.2
PNB,8.93,8.93
UNIONBANK,6.09,6.09
GODREJIND,26.67,26.67
UCOBANK,24.37,24.37
JSL,22.99,22.97
TVTODAY,12.05,11.66
PETRONET,12.9,12.9
DATAMATICS,19.11,18.84
APARINDS,47.72,47.72
TCS,32.42,31.94
ASTRAMICRO,62.68,62.68
JBMA,89.53,89.53
XCHANGING,41.68,41.68
EVEREADY,37.5,37.5
SSWL,4.81,14.38
63MOONS,53.07,53.07
GENUSPOWER,82.56,82.56
RADIOCITY,70.96,70.96
ARIHANTSUP,27.65,27.65
SHANKARA,21.08,21.08
WIPL,56.69,56.69
DOLLAR,31.6,31.64
ADVENZYMES,30.06,28.05
SPAL,25.91,25.91
RBLBANK,7.9,7.9
LTTS,42.63,42.63
GNA,18.6,18.6
MARATHON,19.48,19.48
MASKINVEST,1108.94,1108.94
ENDURANCE,42.94,42.94
MAZDA,18.28,18.28
VBL,81.32,81.32
KINGFA,28.08,28.08
NBIFIN,112.16,112.16
SFL,56.26,88.18
LAURUSLABS,234.46,234.46
ITDC,78.69,78.61
HISARMETAL,20.38,20.38
SPCENET,100.19,100.19
BHANDARI,26.96,26.96
BSE,86.01,86.01
JITFINFRA,28.94,37.56
TASTYBITE,182.41,182.41
URJA,478.48,478.48
NRAIL,10.06,10.06
SCHAND,21.13,21.13
PSPPROJECT,28.89,28.89
CDSL,64.53,64.53
AUBANK,23.84,23.05
STEELXIND,51.14,51.14
MAGADSUGAR,10.06,10.06
SIS,41.46,41.46
ABCAPITAL,14.49,14.49
MATRIMONY,28.11,28.11
SBILIFE,66.04,66.04
GODREJAGRO,44.35,44.35
MASFIN,17.7,17.7
5PAISA,24.42,24.42
DNAMEDIA,.43,
SHIVATEX,162.95,162.95
AMBER,100.02,100.02
ASTERDM,54.96,54.96
HGINFRA,16.23,16.58
BDL,76.15,76.15
BANDHANBNK,9.77,9.77
HAL,35.3,35.32
ISEC,13.78,13.78
MIDHANI,74.14,74.14
LEMONTREE,56.69,56.69
DEEPAKNTR,43.63,46.97
SASTASUNDR,,6.85
GREENPOWER,77.44,81.33
ASHOKA,6.98,7.56
OBEROIRLTY,31.56,31.56
CGCL,39.98,39.98
IOLCP,21.75,21.75
PENIND,26.21,26.21
JAMNAAUTO,20.97,20.97
ZEELEARN,1.63,7.11
PSB,50.24,50.24
SURANASOL,431.51,431.51
STEL,53.13,53.13
DHUNINV,25.8,25.8
VADILALIND,19.51,19.51
DHANUKA,25.53,25.53
RUSHIL,20.97,20.97
ELGIRUBCO,44.9,
INDSWFTLAB,2.15,23.61
FDC,26.32,26.32
ADROITINFO,12.61,12.61
GMDCLTD,17.29,17.29
INDUSINDBK,9.52,9.52
TRIGYN,71,60.04
J&KBANK,5.28,5.28
CUB,12.57,12.57
ASTRAZEN,200.32,91.01
AXISBANK,12.57,12.57
SONATSOFTW,63.52,4.92
KOKUYOCMLN,66.16,66.16
DHANBANK,34.68,34.68
SANGHVIMOV,15.98,15.98
IVC,72.2,72.2
JINDALSTEL,18.28,18.28
NIPPOBATRY,2.61,2.61
HCLTECH,29.78,29.78
ACCELYA,24.57,24.63
IOB,34.34,34.34
KTKBANK,5.97,5.97
BLBLIMITED,9.51,9.51
CALSOFT,47.33,47.33
TVSMOTOR,56.33,56.33
TAJGVK,26.27,26.27
REPRO,290.32,290.32
GAEL,16.85,16.85
USHAMART,28.05,28.05
MRO-TEK,14.62,14.62
HIKAL,69.07,69.07
SMARTLINK,25.86,25.86
JISLJALEQS,123.49,123.49
MPSLTD,29.97,29.97
ASAL,52.51,52.51
PONNIERODE,9.64,9.64
TIMESGTY,68.03,68.03
OFSS,40.69,40.69
CANBK,5.52,5.52
OMAXAUTO,7.35,
DIVISLAB,89.25,89.25
MARUTI,25.26,25.26
VARDHACRLC,26.07,26.07
BAGFILMS,290.24,290.24
IGL,15.22,15.22
UNIENTER,347.34,347.34
MUKANDLTD,20.21,20.21
PTC,10.2,9.96
MAHABANK,9,9
RKFORGE,47.25,47.16
EXCELINDUS,24.08,24.08
CENTEXT,23.94,24.3
ULTRACEMCO,49.47,49.26
GUFICBIO,48.89,48.89
WELENT,19.77,19.77
NTPC,16.87,16.87
INDOCO,101.82,127.86
SUPRAJIT,46.05,46.05
JSWSTEEL,45.16,43.63
JPPOWER,9.79,7.58
SAKSOFT,32.3,32.3
SHOPERSTOP,392.93,322.19
WELCORP,23.94,23.69
VESUVIUS,41.68,41.68
TFCILTD,16.83,16.83
GTL,1.25,3.82
ZEEL,30.99,27.9
CHOLAFIN,27.05,27.05
KOTAKBANK,16.07,18.5
JAYSREETEA,31.91,
GOLDENTOBC,10.19,11.57
FOSECOIND,40.5,40.68
SCHAEFFLER,61.48,61.25
AMJLAND,20.61,20.61
MFSL,93.98,93.98
HEG,62.78,62.78
GODFRYPHLP,41.29,39.08
SURYAROSNI,19.4,19.4
SUDARSCHEM,55.92,53.89
INGERRAND,59.1,59.1
HINDZINC,24.4,24.23
GRASIM,20.23,19.24
AMBUJACEM,33.93,34.73
DCW,342.47,308.05
CESC,15.61,15.61
BHEL,517.8,517.8
BAJFINANCE,26.47,26.47
TNPL,16.08,16.08
AUTOAXLES,17.44,17.44
DALMIASUG,12.92,12.92
KHAITANLTD,10.1,10.1
MRF,27.28,27.28
TNPETRO,19.88,16.6
STARPAPER,5.58,5.44
CUBEXTUB,30.68,30.68
MARICO,51.79,51.79
KEYFINSERV,5.87,5.87
SUNDRMBRAK,48.63,48.63
SOMATEX,2.43,213.1
STERTOOLS,38.08,38.08
CREST,15.57,15.57
WENDT,76.42,76.42
TVSSRICHAK,44.59,41.61
PUNJABCHEM,32.64,32.64
DYNAMATECH,57.09,104.12
JAGSNPHARM,83.06,75.17
ALKYLAMINE,59.73,59.73
GUJRAFFIA,36.33,36.33
KOTHARIPET,17.94,17.86
BANKBARODA,6.44,6.44
GAIL,13.39,13.39
BANKINDIA,6.68,6.68
KCPSUGIND,6.5,7.63
SUZLON,89.52,87.09
TRIVENI,28.49,28.49
AIAENG,30.99,31.01
EKC,20.12,19.79
ROHLTD,19.64,19.64
ENIL,37.22,37.22
JAGRAN,11.31,11.31
GVKPIL,1.35,104515.79
KEC,66.57,66.57
INDOTECH,47,47
BLKASHYAP,28.22,30.44
CENTURYPLY,74.87,72.75
VAKRANGEE,413.92,432.45
GALLANTT,26.31,26.31
UTTAMSUGAR,14.59,14.59
KKCL,23.79,23.79
SUNTV,16.37,16.37
GPIL,14.18,14.18
EMKAY,13.42,13.42
LOKESHMACH,46.56,46.56
SWELECTES,27.97,63.13
RATNAMANI,45.3,45.3
JKLAKSHMI,25.03,25.47
ALLCARGO,105.17,85.98
EMAMILTD,38.36,38.12
GRINDWELL,62.11,62.07
VOLTAMP,42.8,42.8
SELAN,23.2,23.2
ACE,42.6,42.6
HOVS,28.54,28.54
TALBROAUTO,19.65,27.59
GEECEE,17.44,17.44
JMFINANCIL,,13.72
ONGC,7.89,7.63
TIL,7.5,
TAINWALCHM,67.69,67.69
JINDALPOLY,15.54,28.14
JYOTISTRUC,94.17,94.17
BLUEDART,62.95,62.95
JAYNECOIND,163.43,94.31
SOTL,20.25,20.25
KARURVYSYA,10.58,10.58
WSI,21.48,20.46
TATAPOWER,40.06,38.56
SUNFLAG,26.31,26.31
SIMPLEXINF,24.4,24.4
WIPRO,25.52,25.52
VSTIND,22.6,22.6
UNIVCABLES,47.2,47.2
MURUDCERA,40.66,40.66
IFCI,56.86,57.05
M&M,31.86,31.86
KABRAEXTRU,51.43,51.43
POLYPLEX,13,13
EIHAHOTELS,30.7,29.48
SAIL,24.36,16.91
RUBYMILLS,23.98,23.98
ABB,93.17,93.17
GRAPHITE,21.96,21.96
BRITANNIA,55.67,55.14
DHAMPURSUG,17.14,17.14
CIPLA,27.62,26.72
HEROMOTOCO,22.13,22.13
HARRMALAYA,,144.9
GIPCL,14.87,14.87
ITC,28.67,28.66
HINDCOMPOS,21.37,21.37
KAMATHOTEL,11.99,37.7
IFBAGRO,207.51,207.51
APOLLOTYRE,22.33,21.13
SIYSIL,18.14,18.14
PRECWIRE,40.49,40.49
NILKAMAL,26.03,26.03
ICIL,20.79,20.79
SEAMECLTD,20.6,21.71
AUROPHARMA,20.38,20.01
EIHOTEL,35.56,35.02
GICHSGFIN,7.12,7.12
MOREPENLAB,32.84,32.84
WSTCSTPAPR,7.42,7.42
21STCENMGM,1.69,1.69
VENKEYS,22.77,22.77
MANAKCOAT,38.17,40.58
INOXWIND,139.16,129.03
BYKE,66.15,66.15
VRLLOG,56.22,56.22
TPLPLASTEH,38.27,38.27
PNCINFRA,6.13,6.13
SYNGENE,78.59,82.51
RAMASTEEL,70.64,70.64
PKTEA,14.28,14.28
ARVSMART,57.99,57.99
IDFCFIRSTB,20.23,20.23
COFFEEDAY,,5.04
BALAXI,12.74,13.74
SALZERELEC,28.72,28.72
LINCOLN,13.08,13.08
LALPATHLAB,61.73,61.73
PRECAM,66.13,94.39
HITECH,54.18,54.18
BHAGERIA,31.94,31.94
SEQUENT,186.07,161.49
KDDL,25.76,25.74
BHARATWIRE,18.87,18.87
INFIBEAM,36.78,36.78
PARAGMILK,24.6,24.6
ARMANFIN,9.95,9.95
ASPINWALL,14,14
SALONA,21.21,21.21
PREMEXPLN,102.37,102.37
NILAINFRA,25.33,25.33
ORICONENT,132.51,44.76
MUTHOOTCAP,12.56,12.56
SHREEPUSHK,20.74,20.74
INDIGO,25.5,25.5
UMANGDAIRY,31.78,31.78
ALKEM,31.22,30.48
QUICKHEAL,103.93,103.93
KELLTONTEC,20,20
HCG,114.44,120.04
CROMPTON,52.82,52.82
BLS,36.42,36.42
NAGAFERT,.29,.29
