Symbol,Security,From Series,To Series,Change Date,Remarks
ASAHISONG,ASAHI SONGWON COLORS LIMITED,BE,EQ,02-DEC-2024,"-"
CENTEXT,CENTURY EXTRUSIONS LIMITED,BE,EQ,02-DEC-2024,"-"
CMMIPL,CMM INFRAPROJECTS LIMITED,SM,SZ,02-DEC-2024,"-"
GUJAPOLLO,GUJARAT APOLLO INDUSTRIES LIMITED,BE,EQ,02-DEC-2024,"-"
JETFREIGHT,JET FREIGHT LOGISTICS LIMITED,BE,EQ,02-DEC-2024,"-"
KCPSUGIND,KCP SUGAR AND INDUSTRIES CORPORATION LIMITED,BE,EQ,02-DEC-2024,"-"
LOVABLE,LOVABLE LINGERIE LIMITED,BE,EQ,02-DEC-2024,"-"
MIRCELECTR,MIRC ELECTRONICS LIMITED,BE,EQ,02-DEC-2024,"-"
PRAENG,PRAJAY ENGINEERS SYNDICATE LIMITED,BE,EQ,02-DEC-2024,"-"
RANEENGINE,RANE ENGINE VALVE LIMITED,BE,EQ,02-DEC-2024,"-"
RUCHINFRA,RUCHI INFRASTRUCTURE LIMITED,BE,EQ,02-DEC-2024,"-"
SECL,SALASAR EXTERIORS AND CONTOUR LIMITED,SM,ST,02-DEC-2024,"-"
SGL,STL GLOBAL LIMITED,BE,EQ,02-DEC-2024,"-"
SHREEPUSHK,SHREE PUSHKAR CHEMICALS & FERTILISERS LIMITED,BE,EQ,02-DEC-2024,"-"
SUNDRMBRAK,SUNDARAM BRAKE LININGS LIMITED,BE,EQ,02-DEC-2024,"-"
WANBURY,WANBURY LIMITED,BE,EQ,02-DEC-2024,"-"
ZODIAC,ZODIAC ENERGY LIMITED,BE,EQ,02-DEC-2024,"-"
