"Security Name","Symbol Name","Trade Date","Quantity"
"BHARAT ELECTRONICS LTD","BEL","29-Nov-2024","2600"
"IRFC","IRFC","29-Nov-2024","740250"
"PETRONET LNG LIMITED","PETRONET","29-Nov-2024","2965"
"SHREE RENUKA SUGARS LTD","RENUKA","29-Nov-2024","5"
"CHAMBAL FERTILIZERS LTD","CHAMBLFERT","29-Nov-2024","500"
"MOREPEN LAB. LTD         ","MOREPENLAB","29-Nov-2024","1"
"JSW HOLDINGS LIMITED","JSWHL","29-Nov-2024","3"
"HINDUSTAN OIL EXPLORATION","HINDOILEXP","29-Nov-2024","3"
"JIO FIN SERVICES LTD","JIOFIN","29-Nov-2024","1"
"MSTC LIMITED","MSTCLTD","29-Nov-2024","399"
"SJVN","SJVN","29-Nov-2024","472500"
"NAVIN FLUORINE INT. LTD","NAVINFLUOR","29-Nov-2024","5"
"APOLLO TYRES LTD","APOLLOTYRE","29-Nov-2024","60"
"ADANI GREEN ENERGY LTD","ADANIGREEN","29-Nov-2024","5"
"TATA CONSULTANCY SERV LT","TCS","29-Nov-2024","100"
"OIL INDIA LTD","OIL","29-Nov-2024","14"
"TATA POWER CO LTD","TATAPOWER","29-Nov-2024","2819"
"DELHIVERY LIMITED","DELHIVERY","29-Nov-2024","183000"
"MAHINDRA & MAHINDRA LTD","M&M","29-Nov-2024","175"
"NTPC LTD","NTPC","29-Nov-2024","1270"
"PRAJ INDUSTRIES LTD","PRAJIND","29-Nov-2024","275"
"GOLDMANAMC - CPSEETF","CPSEETF","29-Nov-2024","1765"
"BANCO PRODUCTS (I) LTD","BANCOINDIA","29-Nov-2024","44"
"ASHOK LEYLAND LTD","ASHOKLEY","29-Nov-2024","3900"
"VOLTAS LTD","VOLTAS","29-Nov-2024","100"
"POONAWALLA FINCORP LTD","POONAWALLA","29-Nov-2024","69600"
"GUJARAT NARMADA FERT. CO","GNFC","29-Nov-2024","1220"
"POWER GRID CORP. LTD.","POWERGRID","29-Nov-2024","9"
"OBEROI REALTY LIMITED","OBEROIRLTY","29-Nov-2024","50"
