1,AARTIPHARM,INE0LRU01027,626.25,20
2,DEEPAKNTR,INE288B01029,2714.9,20
3,TVSSCS,INE395N01027,176.82,20
4,RELINFRA,INE036A01016,271.75,100
5,NFL,INE870D01012,115.85,21.84
6,MARUTI,INE585B01010,10943.95,9
7,RAJESHEXPO,INE343B01030,229.95,20
8,BLUESTARCO,INE472A01039,1814.55,20
9,SGBJAN29IX,IN0020200377,8005.89,10
10,ITI,INE248A01017,278.43,23.74
11,BECTORFOOD,INE495P01012,1763.35,20
12,SGBMAR25,IN0020160126,7898.65,10
13,INDIAGLYCO,INE560A01015,1196.45,20
14,PGEL,INE457L01029,676.35,22.5
15,PREMIERENE,INE0BS701011,1100.85,20
16,SGBSEP27,IN0020190115,7950.34,10
17,SGBNOV25VI,IN0020170083,7900,10
18,RECLTD,INE020B01018,520.05,20
19,SGBAUG27,IN0020190107,8322.75,10
20,SGBMAY26,IN0020180033,8199.99,10
21,FLUOROCHEM,INE09N301011,3857.95,20
22,GSEC10IETF,INF109KC18O0,241.71,80
23,CHEMPLASTS,INE488A01050,498.45,20
24,PAGEIND,INE761H01022,45487.35,20
25,EICHERMOT,INE066A01021,4931.75,10.15
26,GUJALKALI,INE186A01019,766.95,20
27,NMDC,INE584A01023,226.72,20
28,KIRLOSENG,INE146L01010,1109.05,20
29,MOIL,INE490G01020,304.1,20
30,ANANTRAJ,INE242C01024,662.05,20
31,LMW,INE269B01029,15835.65,20
32,TIINDIA,INE974X01010,3429.2,20
33,STANLEY,INE01A001028,421.55,20
34,CHAMBLFERT,INE085A01013,479.8,20
35,SGBNOV25,IN0020170091,8000,10
36,RCF,INE027A01015,161.29,21.13
37,NCC,INE868B01028,296.35,20
38,IREDA,INE202E01016,190.43,21.16
39,STOVEKRAFT,INE00IN01015,785,20
40,VENUSPIPES,INE0JA001018,1668.95,20
41,TITAN,INE280A01028,3327.5,9
42,BASF,INE373A01013,5740.65,20
43,NIFTYIETF,INF109K012R6,269.2,6
44,HDFCBANK,INE040A01034,1785.55,9
45,HINDALCO,INE038A01020,666.1,13.11
46,LIQUIDBEES,INF732E01037,1000,5
47,POWERINDIA,INE07Y701011,12337.2,20.01
48,TATACONSUM,INE192A01025,963.55,9.49
49,SUBEXLTD,INE754A01055,23.83,20.21
50,SGBMAR30X,IN0020210319,8009.07,10
51,TANLA,INE483C01032,705.85,20
52,TORNTPHARM,INE685A01028,3225.55,20
53,YESBANK,INE528G01035,20.14,20
54,COLPAL,INE259A01022,2952.6,20
55,NRBBEARING,INE349A01021,283.3,20
56,ROSSARI,INE02A801020,826.85,20
57,SGBJUN30,IN0020220045,8050,10
58,SHRIRAMPPS,INE217L01019,103.37,20.07
59,SGBOCT25IV,IN0020170067,8249.99,10
60,DMART,INE192R01011,3659.15,20
61,SULA,INE142Q01026,400.5,20
62,ABSLLIQUID,INF209KB18T9,999.99,5
63,INDUSTOWER,INE121J01017,340.95,20
64,RICOAUTO,INE209B01025,88.23,21
65,UCOBANK,INE691A01018,43.81,20
66,DOMS,INE321T01012,2970.85,20
67,AADHARHFC,INE883F01010,406.2,20
68,JUNIORBEES,INF732E01045,742.52,6.39
69,KFINTECH,INE138Y01010,1157,20
70,FORTIS,INE061F01013,664.6,20
71,BERGEPAINT,INE463A01038,486.95,20
72,OIL,INE274J01014,504.3,20
73,ITC,INE154A01025,477,9
74,LICNETFGSC,INF767K01MV5,26.46,80
75,EMAMILTD,INE548C01032,659.05,20
76,EBBETF0431,INF754K01LE1,1281.24,20
77,IMFA,INE919H01018,840.2,20
78,DRREDDY,INE089A01031,1208.65,9
79,3MINDIA,INE470A01017,31747.75,20
80,CONFIPET,INE552D01024,73.09,20
81,GUJGASLTD,INE844O01030,475.35,20
82,SETF10GILT,INF200KA1JT1,240,80
83,WHIRLPOOL,INE716A01013,1816.2,20
84,SOTL,INE035D01020,491.45,20
85,LTF,INE498L01015,140.6,20
86,ADVENZYMES,INE837H01020,379.45,20
87,VTL,INE825A01020,470.35,20
88,ICICIB22,INF109KB15Y7,113.03,20
89,JYOTHYLAB,INE668F01031,402.3,20
90,INDIANB,INE562A01011,562.15,20
91,MANKIND,INE634S01028,2580.6,20
92,SARDAEN,INE385C01021,431.5,20.06
93,LAOPALA,INE059D01020,319.85,20
94,GMDCLTD,INE131A01031,341.9,20.98
95,ASTRAL,INE006I01046,1803.2,20
96,SONACOMS,INE073K01018,675.85,20
97,HAVELLS,INE176B01034,1711.2,20
98,INTELLECT,INE306R01017,724.05,20
99,SAFARI,INE429E01023,2507.15,20
100,PFIZER,INE182A01018,5263.5,20
101,MCX,INE745G01035,6033.6,20
102,ARVIND,INE034A01011,373.75,20
103,NORTHARC,INE850M01015,229.05,20
104,DCBBANK,INE503A01015,119.94,20
105,RRKABEL,INE777K01022,1461.3,20
106,JSWINFRA,INE880J01026,307.3,20
107,BIOCON,INE376G01013,352.65,20
108,BIRLACORPN,INE340A01012,1146.8,20
109,PIIND,INE603J01030,4103.8,20
110,INDUSINDBK,INE095A01012,1009.6,13.79
111,TATAPOWER,INE245A01021,410.3,20
112,FILATEX,INE816B01035,64.65,20
113,BRITANNIA,INE216A01030,5013.6,9
114,MSTCLTD,INE255X01014,663.9,22.17
115,IOLCP,INE485C01011,355.3,20
116,SGBNOV258,IN0020170109,8000,10
117,SGBOCT27VI,IN0020190388,7994.23,10
118,BPCL,INE029A01011,293.85,13.17
119,SGBDE30III,IN0020220110,8119.91,10
120,ABB,INE117A01022,7329.7,20
121,APTUS,INE852O01025,309.95,20
122,GOLDBEES,INF204KB17I5,63.39,20
123,CEATLTD,INE482A01020,2932.85,20
124,NSLNISP,INE0NNS01018,44.87,20
125,SGBOCT25V,IN0020170075,7803,10
126,MRF,INE883A01011,124173.2,20
127,SGBJUN28,IN0020200104,8026.25,10
128,SYNGENE,INE398R01022,910.6,20
129,INOXINDIA,INE616N01034,1138.05,20
130,ACC,INE012A01025,2116.2,20
131,GRINDWELL,INE536A01023,2072.35,20
132,SHREECEM,INE070A01015,24980.65,20
133,ITIETF,INF109KC16I6,47.38,20
134,PHARMABEES,INF204KC1089,22.41,20
135,CLEAN,INE227W01023,1292.15,20
136,KROSS,INE0O6601022,224.91,20
137,HCLTECH,INE860A01027,1899.55,9
138,JUBLPHARMA,INE700A01033,1150.05,20
139,TIMKEN,INE325A01013,3328.6,20
140,SGBMAR28X,IN0020190552,8001.99,10
141,SGBSEP31II,IN0020230093,8209.71,10
142,IIFL,INE530B01024,411.4,20.85
143,SBFC,INE423Y01016,87.63,20
144,ARE&M,INE885A01032,1231.4,20
145,ADANIENSOL,INE931S01010,600.75,25.15
146,KAYNES,INE918Z01012,5985.65,20
147,STARCEMENT,INE460H01021,172.61,20
148,SGBJUL25,IN0020170034,7925.06,10
149,ANDHRAPAP,INE435A01051,96.79,20
150,TI,INE133E01013,383.95,20.06
151,EXIDEIND,INE302A01020,425.8,20
152,ABREL,INE055A01016,2599.45,20
153,THERMAX,INE152A01029,4633.95,20
154,NEXT50IETF,INF109KC1NS5,72.47,6.67
155,GOKEX,INE887G01027,904.15,20
156,GILLETTE,INE322A01010,10046.7,20
157,DHAMPURSUG,INE041A01016,180.2,20
158,MOTILALOFS,INE338I01027,912.05,21.26
159,ZAGGLE,INE07K301024,467.5,100
160,SGBOCT27,IN0020190370,8000,10
161,VEEDOL,INE484C01030,1753.9,20
162,JSWSTEEL,INE019A01038,963.6,10.65
163,TDPOWERSYS,INE419M01027,450.95,20
164,BAJAJHLDNG,INE118A01012,10476.25,20
165,TTML,INE517B01013,80.59,21.31
166,IDEAFORGE,INE349Y01013,569.4,20
167,M&MFIN,INE774D01024,270.3,20
168,MOM30IETF,INF109KC17C7,34.44,7.35
169,KNRCON,INE634I01029,321.25,20
170,NAVKARCORP,INE278M01019,133.35,24.45
171,HATHWAY,INE982F01036,18.53,20
172,RAIN,INE855B01025,150.68,20
173,DISHTV,INE836F01026,10.7,20.6
174,IRFC,INE053F01010,146.69,20.61
175,WIPRO,INE075A01022,589,10.68
176,TATATECH,INE142M01025,942.9,20
177,ATUL,INE100A01010,7387.3,20
178,GMRINFRA,INE776C01039,80.19,20
179,NEWGEN,INE619B01017,1142.95,20.65
180,NIACL,INE470Y01017,189.23,22.19
181,INTERARCH,INE00M901018,1466.35,20
182,DIVISLAB,INE361B01024,6072.5,20
183,ASTERDM,INE914M01019,439.85,20
184,SENCO,INE602W01019,1144.2,20
185,JTLIND,INE391J01032,97.69,21.5
186,SHARDACROP,INE221J01015,837.35,20
187,SGBAPR28I,IN0020200062,8002.17,10
188,ABSLAMC,INE404A01024,845.35,20
189,AARTIDRUGS,INE767A01016,454.1,20
190,BANKBEES,INF204KB15I9,535.07,20
191,SGBAUG29V,IN0020210129,8078.63,10
192,ABDL,INE552Z01027,318.85,20
193,TRENT,INE849A01020,6669.35,13.99
194,EBBETF0430,INF754K01KO2,1430.66,20
195,MFSL,INE180A01020,1177.9,20
196,GLS,INE03Q201024,1068.2,20
197,BANSALWIRE,INE0B9K01025,421,20
198,FINCABLES,INE235A01022,1121.25,20
199,PVRINOX,INE191H01014,1479.7,20
200,TATACHEM,INE092A01019,1095.3,20
201,KAJARIACER,INE217B01036,1222.5,20
202,SILVERBEES,INF204KC1402,86.01,20
203,APLLTD,INE901L01018,1098.7,20
204,CAPLIPOINT,INE475E01026,2113.95,20
205,SGBNV29VII,IN0020210178,8024.1,10
206,POLYCAB,INE455K01017,6872.65,20
207,BSOFT,INE836A01035,592.4,20
208,AJANTPHARM,INE031B01049,2996.75,20
209,PVTBANIETF,INF109KC18U7,25.5,20
210,ACI,INE128X01021,708.55,20
211,HONAUT,INE671A01010,41461.15,20
212,SIEMENS,INE003A01024,7242.5,20
213,HAL,INE066F01020,4364.55,20
214,MAZDOCK,INE249Z01012,4234.15,25.23
215,HINDCOPPER,INE531E01026,279.4,20.3
216,TRIDENT,INE064C01022,31.97,20
217,SGBJUN29II,IN0020210061,8114.52,10
218,AUBANK,INE949L01017,591.6,20
219,MOREPENLAB,INE083A01026,75.07,21.41
220,UPL,INE628A01036,551.75,20
221,SGBJUL27,IN0020190081,8100,10
222,MARKSANS,INE750C01026,337.5,20.69
223,SANSTAR,INE08NE01025,112.36,20
224,SAREGAMA,INE979A01025,484,20
225,HCC,INE549A01026,37.95,25.27
226,POLICYBZR,INE417T01026,1850.8,20
227,CENTURYPLY,INE348B01021,726.25,20
228,HDFCLIFE,INE795G01014,682.4,9.62
229,BAJAJELEC,INE193E01025,766.75,20
230,ECLERX,INE738I01010,3378.5,20
231,HIKAL,INE475B01022,390.45,20
232,NAUKRI,INE663F01024,8247.55,20
233,APARINDS,INE372A01015,9727.55,20
234,TRITURBINE,INE152M01016,823.95,20.34
235,SOUTHBANK,INE683A01023,23.12,20
236,ALPHA,INF174KA1IA5,52.91,7.69
237,HOMEFIRST,INE481N01025,1108.95,20
238,PNGJL,INE953R01016,666.45,20
239,LTFOODS,INE818H01020,362.35,20
240,PEL,INE140A01024,1198.15,20
241,GMMPFAUDLR,INE541A01023,1225.65,20
242,AEROFLEX,INE024001021,186.95,20
243,SUMICHEM,INE258G01013,543.25,20
244,EMCURE,INE168P01015,1374.2,20
245,APLAPOLLO,INE702C01027,1482,20
246,GOODLUCK,INE127I01024,962.3,20
247,KTKBANK,INE614B01018,205.34,20
248,ORIENTCEM,INE876N01018,329.45,20
249,POLYPLEX,INE633B01018,1254.4,20
250,KOPRAN,INE082A01010,214.8,100
251,FEDFINA,INE007N01010,94.73,20
252,BOMDYEING,INE032A01023,210.93,20.66
253,GIPCL,INE162A01010,199.06,20
254,SGBJUL28IV,IN0020200146,8020,10
255,TRIVENI,INE256C01024,393.2,20
256,PSPPROJECT,INE488V01015,620.65,20
257,SGBOCT25,IN0020170059,7815.01,10
258,MASTEK,INE759A01021,3221.45,20
259,CARTRADE,INE290S01011,1341.2,20
260,LODHA,INE670K01029,1276.05,20
261,RADICO,INE944F01028,2358.25,20
262,PERSISTENT,INE262H01021,5968.95,20
263,RTNINDIA,INE834M01019,62.9,21.43
264,GALAXYSURF,INE600K01018,2819.1,20
265,SGBD29VIII,IN0020210228,8050,10
266,GODIGIT,INE03JT01014,340.8,20
267,SMALLCAP,INF769K01LC3,49.72,6.51
268,HBLPOWER,INE292B01021,578.95,21.06
269,NATCOPHARM,INE987B01026,1355.25,20
270,BANDHANBNK,INE545U01014,170.35,20
271,SGBAUG28V,IN0020200161,8029.87,10
272,MGL,INE002S01010,1176.45,20
273,MAHABANK,INE457A01014,55.17,20
274,GODREJIND,INE233A01035,1057.6,20
275,SHRIRAMFIN,INE721A01013,3046.35,13.89
276,FEDERALBNK,INE171A01029,213.64,20
277,LLOYDSENGG,INE093R01011,68.68,23.9
278,BFUTILITIE,INE243D01012,958.55,100
279,SGBMAY25,IN0020170018,7881.04,10
280,BHARTIHEXA,INE343G01021,1308.65,20
281,HDFCSILVER,INF179KC1DI2,86.18,20
282,ALKYLAMINE,INE150B01039,1943.3,20
283,PETRONET,INE347G01014,328.9,20
284,ESCORTS,INE042A01014,3618.65,20
285,FCL,INE045J01026,337.85,20
286,BORORENEW,INE666D01022,436.3,20
287,SETFNIF50,INF200KA1FS1,255.72,6
288,SGBN28VIII,IN0020200286,8005,10
289,GREENPANEL,INE08ZM01014,342.05,20
290,LIQUIDBETF,INF0QA701854,1002.23,5
291,NOCIL,INE163A01018,258.65,20
292,CGPOWER,INE067A01029,735.45,20
293,ACLGATI,INE152B01027,94.13,20
294,PRAKASH,INE603A01013,168.73,20.97
295,CHOLAFIN,INE121A01024,1265.45,20
296,SHARDAMOTR,INE597I01028,2045.45,20
297,SEQUENT,INE807F01027,197.7,100
298,M&M,INE101A01026,2985.2,12.13
299,UNOMINDA,INE405E01023,1077.45,20
300,JWL,INE209L01016,456.25,22.98
301,AWL,INE699H01024,290.45,20
302,MMTC,INE123F01029,77.89,23.67
303,ELGIEQUIP,INE285A01027,653.65,20
304,MID150BEES,INF204KB1V68,213.35,6.19
305,PGHH,INE179A01014,15918.1,20
306,SANSERA,INE953O01021,1558.35,20
307,TVSMOTOR,INE494B01023,2424.6,20
308,PNCINFRA,INE195J01029,300.3,20
309,SDBL,INE480C01038,103.14,20
310,GAEL,INE036B01030,123.45,20
311,SRF,INE647A01010,2234.65,20
312,CHALET,INE427F01016,892.05,20
313,BANKINDIA,INE084A01016,107.79,20
314,ZYDUSLIFE,INE010B01027,953,20
315,GABRIEL,INE524A01029,434.25,20
316,CANBK,INE476A01022,101.79,20
317,KARURVYSYA,INE036D01028,230.04,20
318,ADANIENT,INE423A01024,2150.5,22.76
319,GODFRYPHLP,INE260B01028,5771.6,23.06
320,SOBHA,INE671H01015,1621.65,20
321,PGHL,INE199A01012,5298.95,20
322,CDSL,INE736A01011,1587.6,20
323,MUTHOOTFIN,INE414G01012,1951.8,20
324,MAHLIFE,INE813A01018,479.6,20
325,JKTYRE,INE573A01042,370.95,20
326,UBL,INE686F01025,1903.25,20
327,TIPSMUSIC,INE716B01029,882.35,20
328,WESTLIFE,INE274F01020,742.35,20
329,COFORGE,INE591G01017,8616.55,20
330,AAVAS,INE216P01012,1657.6,20
331,ENGINERSIN,INE510A01028,184.01,21
332,KELLTONTEC,INE164B01022,147.1,22.42
333,AFFLE,INE00WC01027,1590.8,20
334,VAIBHAVGBL,INE884A01027,275.3,20
335,WSTCSTPAPR,INE976A01021,562.25,20
336,KPRMILL,INE930H01031,954.2,20
337,LIQUIDSHRI,INF680P01422,1024.53,5
338,CYIENTDLM,INE055S01018,630.95,20
339,MHRIL,INE998I01010,355.35,20
340,ONGC,INE213A01029,254.25,13.86
341,GODREJCP,INE102D01028,1240.1,20
342,ANGELONE,INE732I01013,2909.2,21.46
343,MOGSEC,INF247L01AK4,57.95,80
344,HEROMOTOCO,INE158A01026,4838.7,10.14
345,IONEXCHANG,INE570A01022,643.2,20
346,GODREJPROP,INE484J01027,2901.95,20
347,RBA,INE07T201019,85.4,20
348,EVEREADY,INE128A01029,382.15,20
349,IGL,INE203G01027,320,20
350,GICRE,INE481Y01014,398.25,20
351,APOLLOHOSP,INE437A01024,7076.55,9.33
352,KEC,INE389H01022,1024,20
353,SAIL,INE114A01011,115.83,20
354,SPIC,INE147A01011,74.03,20
355,MASFIN,INE348L01012,279,20
356,LICHSGFIN,INE115A01026,621.5,20
357,INDIGO,INE646L01027,4229.6,20
358,TATASTEEL,INE081A01020,144.47,11.64
359,SGBMAY29I,IN0020210053,7987.25,10
360,IDBI,INE008A01015,81.83,20
361,SGBJAN26,IN0020170166,7886.78,10
362,ZENSARTECH,INE520A01027,747.85,20
363,FIEMIND,INE737H01014,1481.65,20
364,MEDPLUS,INE804L01022,750.35,20
365,CARYSIL,INE482D01024,759.1,20
366,YATHARTH,INE0JO301016,604.6,20
367,SHK,INE500L01026,279.35,20.07
368,NUVOCO,INE118D01016,339.4,20
369,CUB,INE491A01021,179.19,20
370,FIVESTAR,INE128S01021,639.65,20
371,UTKARSHBNK,INE735W01017,35.93,20
372,RVNL,INE415G01027,434,24.83
373,SATIN,INE836B01017,155.18,20
374,BAJAJFINSV,INE918I01026,1594.4,9.44
375,NEULANDLAB,INE794A01010,14941.1,24.05
376,BEML,INE258A01016,4015.25,22.02
377,GPPL,INE517F01014,181.5,20
378,SUNDARMFIN,INE660A01013,4160.05,20
379,EBBETF0425,INF754K01LD3,1255,20
380,RBLBANK,INE976G01028,158.11,20
381,OLECTRA,INE260D01016,1493.6,20
382,HONASA,INE0J5401028,225.1,20.71
383,MINDACORP,INE842C01021,485.4,20
384,VINATIORGA,INE410B01037,1862.15,20
385,RELIANCE,INE002A01018,1295.7,9
386,IMAGICAA,INE172N01012,72.37,20.98
387,ANURAS,INE930P01018,732.65,20
388,AHLUCONT,INE758C01029,983.65,20
389,SIGNATURE,INE903U01023,1315.25,20
390,DEEPAKFERT,INE501A01019,1306.15,20
391,HAPPSTMNDS,INE419U01012,727.05,20
392,UNIPARTS,INE244O01017,408.45,20
393,SFL,INE916U01025,799.8,20
394,WELSPUNLIV,INE192B01031,148.13,20
395,SUVENPHAR,INE03QK01018,1287.15,20
396,KOTAKBANK,INE237A01028,1783.6,9
397,INFY,INE009A01021,1924.15,9.25
398,UNIECOM,INE00U401027,174.86,20
399,LIQUID,INF769K01KS1,999.99,5
400,WCIL,INE0CJF01024,117.4,20
401,SHAREINDIA,INE932X01026,285.35,20
402,VARROC,INE665L01035,514.1,20
403,KANSAINER,INE531A01024,275.3,20
404,SBIN,INE062A01020,839.4,11.28
405,ENTERO,INE010601016,1312.7,20
406,DELTACORP,INE124G01033,113.3,20
407,LINDEINDIA,INE473A01011,6789,20
408,CAMLINFINE,INE052I01032,121.9,20
409,PRESTIGE,INE811K01011,1706.15,20
410,GRASIM,INE047A01021,2617.2,9.09
411,NHPC,INE848E01016,81.23,20
412,SHILPAMED,INE790G01031,888.4,20
413,TECHM,INE669C01036,1745.4,10.22
414,SGBDEC2513,IN0020170158,8000,10
415,REDINGTON,INE891D01026,197.96,20
416,ALKEM,INE540L01014,5484.4,20
417,NTPC,INE733E01010,361.65,11.89
418,JIOFIN,INE758E01017,326.05,20
419,PIDILITIND,INE318A01026,3012.05,20
420,RENUKA,INE087H01022,42.42,20
421,GANECOS,INE845D01014,2317.25,20
422,LICI,INE0J1Y01017,907.2,20
423,PPLPHARMA,INE0DK501011,248.85,20
424,JINDALSAW,INE324A01032,306.5,20
425,JBCHEPHARM,INE572A01036,1749.7,20
426,UNITDSPR,INE854D01024,1511.15,20
427,SGBNOV26,IN0020180314,7900,10
428,SGBSEP28VI,IN0020200195,8004.96,10
429,RELAXO,INE131B01039,643.7,20
430,SGBDEC25,IN0020170125,7899,10
431,JAMNAAUTO,INE039C01032,102.9,20
432,MANGLMCEM,INE347A01017,855.75,20
433,BAJAJHFL,INE377Y01014,128.89,20
434,CMSINFO,INE925R01014,484.8,20
435,MUTHOOTMF,INE046W01019,188.02,20
436,ARVINDFASN,INE955V01021,570.45,20
437,SBICARD,INE018E01016,699,20
438,TEGA,INE011K01018,1789.35,20
439,LOWVOLIETF,INF109KC19U5,21.14,6.82
440,PHOENIXLTD,INE211B01039,1644,20
441,AUROPHARMA,INE406A01037,1227.45,20
442,CERA,INE739E01017,7239.25,20
443,VPRPL,INE0AE001013,288.65,20.15
444,GATEWAY,INE079J01017,83.07,20
445,SUPRAJIT,INE399C01030,450.55,20
446,ORIENTPPR,INE592A01026,38.33,20
447,TBOTEK,INE673O01025,1520.7,20
448,AVANTEL,INE005B01027,153.54,20
449,HINDUNILVR,INE030A01027,2479.2,9
450,LUPIN,INE326A01037,2036,20
451,TIRUMALCHM,INE338A01024,344.7,20
452,ITBEES,INF204KB15V2,47.46,20
453,ALPL30IETF,INF109KC17V7,28.55,6
454,VRLLOG,INE366I01010,546.35,20
455,SETFGOLD,INF200KA16D8,65.33,20
456,MIDCAPETF,INF769K01IC9,21.01,6.37
457,SUDARSCHEM,INE659A01023,981.6,20
458,KSB,INE999A01023,834.15,20
459,LAURUSLABS,INE947Q01028,546.25,20
460,SUPREMEIND,INE195A01028,4571.6,20
461,LTIM,INE214T01019,6227.15,20
462,SYMPHONY,INE225D01027,1338.05,20
463,SGBOCT26,IN0020180249,8100,10
464,HINDOILEXP,INE345A01011,187.96,20
465,MON100,INF247L01AP3,172.21,6.97
466,VIPIND,INE054A01027,495.25,20
467,SUPRIYA,INE07RO01027,794.9,20.05
468,PTC,INE877F01012,167.98,20
469,HDFCAMC,INE127D01025,4238.45,20
470,JUSTDIAL,INE599M01018,1113,20
471,GOLD1,INF174KA1HJ8,63.74,20
472,ACE,INE731H01025,1260.85,20.4
473,SGBJ28VIII,IN0020190537,8087,10
474,LIQUIDETF,INF740KA1EU7,1000,5
475,UJJIVANSFB,INE551W01018,33.46,20
476,KALYANKJIL,INE303R01014,693.35,20
477,SYRMA,INE0DYJ01015,545.9,20
478,SPANDANA,INE572J01011,368.55,20
479,BALRAMCHIN,INE119A01028,563.4,20
480,PATELENG,INE244B01030,51.48,20.95
481,TATAELXSI,INE670A01012,6713.75,20
482,SGBMAR31IV,IN0020220169,8122.13,10
483,DBL,INE917M01012,447.7,20
484,SGBJAN30IX,IN0020210236,8077.89,10
485,PNBHOUSING,INE572E01012,859.55,20
486,PSUBNKBEES,INF204KB16I7,75.37,20
487,ADANIPORTS,INE742F01042,1128.85,17.56
488,HINDZINC,INE267A01025,494.45,20
489,ORCHPHARMA,INE191A01027,1570.1,20
490,NYKAA,INE388Y01029,168.06,20
491,JISLJALEQS,INE175A01038,70.96,22.67
492,J&KBANK,INE168A01041,97.11,20
493,SGBSEP29VI,IN0020210145,8005,10
494,PSB,INE608A01012,48.89,20.42
495,KIMS,INE967H01025,599.1,20
496,VIJAYA,INE043W01024,1157.5,20
497,BANCOINDIA,INE213C01025,1126.95,21.95
498,METROPOLIS,INE112L01020,2157.95,20
499,TTKPRESTIG,INE690A01028,848.8,20
500,HGINFRA,INE926X01010,1330.35,20
501,PCBL,INE602A01031,411.35,20
502,TATACOMM,INE151A01013,1765.05,20
503,PITTIENG,INE450D01021,1372.25,20
504,GROWWLIQID,INF666M01IP5,101.15,5
505,ATGL,INE399L01023,579.45,20.86
506,DATAPATTNS,INE0IX101010,2357.6,20.24
507,RAINBOW,INE961O01016,1644.45,20
508,TEXRAIL,INE621L01012,200.45,22.53
509,SUNDRMFAST,INE387A01021,1147.25,20
510,ASHOKLEY,INE208A01029,231.54,20
511,AMBER,INE371P01015,6445.5,20
512,VESUVIUS,INE386A01015,5320.6,20
513,GSPL,INE246F01010,345.7,20
514,SGBDC27VII,IN0020190461,8040,10
515,TATAMOTORS,INE155A01022,783,11.77
516,SGBNOV25IX,IN0020170117,7808.33,10
517,ASKAUTOLTD,INE491J01022,450.1,20
518,FORCEMOT,INE451A01017,6987.9,23.18
519,BATAINDIA,INE176A01028,1365.95,20
520,INFIBEAM,INE483S01020,26.59,20
521,ORIENTELEC,INE142Z01019,239.39,20
522,CSBBANK,INE679A01013,306.35,20
523,MOLDTKPAC,INE893J01029,687.65,20
524,JKCEMENT,INE823G01014,4183.15,20
525,WABAG,INE956G01038,1688.55,20
526,KRN,INE0Q3J01015,742.7,20
527,AVANTIFEED,INE871C01038,584.15,20
528,ASHOKA,INE442H01029,241.18,20
529,RATNAMANI,INE703B01027,3471.2,20
530,POLYMED,INE205C01021,2763.9,20
531,COROMANDEL,INE169A01031,1767.6,20
532,CIEINDIA,INE536H01010,476.2,20
533,SGBDEC26,IN0020180389,8400,10
534,GLENMARK,INE935A01035,1521.45,20
535,SAMHI,INE08U801020,186.43,20
536,LT,INE018A01030,3702.6,10.65
537,STARHEALTH,INE575P01011,458.2,20
538,AXISBANK,INE238A01034,1144.8,9.67
539,RAILTEL,INE0DD101019,392.95,23.83
540,JSWENERGY,INE121E01018,657.4,20
541,ELECTCAST,INE086A01029,144.07,21.51
542,CAPACITE,INE264T01014,401.25,20
543,BSE,INE118H01025,4431.1,23.1
544,IPCALAB,INE571A01038,1566.15,20
545,FDC,INE258B01022,511.9,20
546,CENTRALBK,INE483A01010,56.07,20
547,DBREALTY,INE879I01012,162.38,24.75
548,HINDPETRO,INE094A01015,379.6,20
549,BAJFINANCE,INE296A01024,6617.95,10.32
550,NLCINDIA,INE589A01014,259,20.64
551,SURYAROSNI,INE335A01020,540.15,20
552,LTGILTBEES,INF204KB1882,26.91,10
553,KESORAMIND,INE087A01019,212.92,20
554,INGERRAND,INE177A01018,4580.5,20
555,ABBOTINDIA,INE358A01014,27503.75,20
556,PARADEEP,INE088F01024,104.61,20
557,DEN,INE947J01015,44.49,20
558,SCI,INE109A01011,224.75,22.34
559,IOC,INE242A01010,136.96,20
560,OBEROIRLTY,INE093I01010,1979.25,20
561,BALKRISIND,INE787D01026,2762.45,20
562,IEX,INE022Q01020,166.13,20
563,EMBDL,INE069I01010,129.76,23.54
564,ENDURANCE,INE913H01037,2404.5,20
565,MIDHANI,INE099Z01011,324.05,20
566,DREAMFOLKS,INE0JS101016,418.05,20
567,ANUP,INE294Z01018,3578.3,21.97
568,STYLEBAAZA,INE01FR01028,326.25,20
569,INDHOTEL,INE053A01029,796.75,20
570,AUTOBEES,INF204KC1337,239.39,20
571,GENESYS,INE727B01026,878.15,24.16
572,PNB,INE160A01022,105.11,20
573,ISGEC,INE858B01029,1310.4,20
574,FSL,INE684F01012,358.3,20
575,ULTRACEMCO,INE481G01011,11121.05,9
576,ASTRAZEN,INE203A01020,6458.8,20
577,PRINCEPIPE,INE689W01016,424.4,20
578,BANKBARODA,INE028A01039,247.5,20
579,ICICIGI,INE765G01017,1854.45,20
580,GHCL,INE539A01019,575.55,20
581,SUNPHARMA,INE044A01036,1761.6,9
582,LIQUIDCASE,INF0R8F01034,105.58,5
583,RAMCOCEM,INE331A01037,959.85,20
584,GLAND,INE068V01023,1740.6,20
585,BEL,INE263A01024,297.9,14.96
586,SKIPPER,INE439E01022,551.95,25.72
587,BCLIND,INE412G01024,53.97,20
588,CONCOR,INE111A01025,799.3,20
589,SWARAJENG,INE277A01016,3037.65,20
590,SGBDEC25XI,IN0020170133,7800,10
591,INDGN,INE065X01017,666.5,20
592,SAMMAANCAP,INE148I01020,160.7,20
593,FMCGIETF,INF109KC19V3,60.81,20
594,GAIL,INE129A01019,193.97,20
595,REDTAPE,INE0LXT01019,811.7,20
596,PATANJALI,INE619A01035,1754.9,20
597,CREDITACC,INE741K01010,973.15,20
598,DELHIVERY,INE148O01028,336.65,20
599,ABFRL,INE647O01011,307.45,20
600,FINPIPE,INE183A01024,263.5,20
601,SGBJU29III,IN0020210087,8033.49,10
602,IOB,INE565A01014,52.45,20.36
603,TMB,INE668A01016,448.85,20
604,SCHAEFFLER,INE513A01022,3409.95,20
605,ICICIPRULI,INE726G01019,691.25,20
606,GRWRHITECH,INE291A01017,4742.45,24.44
607,QUICKHEAL,INE306L01010,596.15,23.69
608,CHOICEIN,INE102B01014,527.15,20
609,ISEC,INE763G01038,876.2,20
610,ABCAPITAL,INE674K01013,191.24,20
611,PRECWIRE,INE372C01037,176.57,22.66
612,UTIAMC,INE094J01016,1282.75,20
613,TIMETECHNO,INE508G01029,424.5,20.72
614,BAJAJCON,INE933K01021,211.38,20
615,GLOBUSSPR,INE615I01010,843.15,20.47
616,MANINFRA,INE949H01023,198.22,20
617,BALUFORGE,INE011E01029,734.55,20
618,DIXON,INE935N01020,15501.1,20
619,CONCORDBIO,INE338H01029,2072.7,20
620,MSUMI,INE0FS801015,62.57,20
621,CYIENT,INE136B01020,1868.7,20
622,SGBMAY28,IN0020200088,7980,10
623,SHRIPISTON,INE526E01018,2100,20
624,NATIONALUM,INE139A01034,249.95,20
625,KSCL,INE455I01029,886,20
626,MEDIASSIST,INE456Z01021,585.45,20
627,BHARTIARTL,INE397D01024,1577.25,9
628,DALBHARAT,INE00R701025,1826.2,20
629,BEPL,INE922A01025,125.42,20
630,DALMIASUG,INE495A01022,425.25,20
631,SILVER,INF209KB19F6,89.25,20
632,STAR,INE939A01011,1426.35,20
633,PRAJIND,INE074A01025,802.85,20
634,AKUMS,INE09XN01023,641.65,20
635,MRPL,INE103A01014,153.56,21.38
636,LIQUID1,INF174KA1LV5,1020.81,5
637,DCW,INE500A01029,95.33,22.36
638,BHARATFORG,INE465A01025,1322.15,20
639,VEDL,INE205A01025,448.4,20
640,GPIL,INE177H01039,187.34,20
641,WONDERLA,INE066O01014,840.8,20
642,AMBUJACEM,INE079A01024,493.7,20
643,VOLTAS,INE226A01021,1674.1,20
644,NAM-INDIA,INE298J01013,705.85,20
645,CANFINHOME,INE477A01020,821.05,20
646,SILVERIETF,INF109KC1Y56,89.43,20
647,MAPMYINDIA,INE0BV301023,1738.4,20
648,DLF,INE271C01023,827.35,20
649,CARBORUNIV,INE120A01034,1409.5,20
650,NESCO,INE317F01035,1047.15,20
651,SGBJUN27,IN0020190073,8005,10
652,MAHSEAMLES,INE271B01025,650.05,20
653,VBL,INE200M01039,614.25,20
654,BALAMINES,INE050E01027,2021.15,20
655,NAVINFLUOR,INE048G01026,3451.9,20
656,SGBJUL29IV,IN0020210111,8050,10
657,JMFINANCIL,INE780C01023,133,20
658,CEIGALL,INE0AG901020,328.95,20
659,SIGACHI,INE0D0K01022,47.9,20
660,LIQUIDIETF,INF109KC1KT9,1000,5
661,LALPATHLAB,INE600L01024,3097.95,20
662,JKPAPER,INE789E01012,410.6,20
663,EMSLIMITED,INE0OV601013,803.7,20
664,INDIACEM,INE383A01012,359.7,20
665,BLUEDART,INE233B01017,7492.55,20
666,RELIGARE,INE621H01010,248.55,20
667,HITECH,INE106T01025,169.05,20
668,APTECHT,INE266F01018,166.69,20
669,MOM100,INF247L01023,59.98,6.22
670,KOLTEPATIL,INE094I01018,364.8,20
671,RALLIS,INE613A01020,325.7,20
672,EMIL,INE02YR01019,173.05,20
673,FINEORG,INE686Y01026,5091.5,20
674,CIPLA,INE059A01026,1492.7,10.01
675,LXCHEM,INE576O01020,257.5,20
676,GREENPLY,INE461C01038,326.25,20
677,DEEDEV,INE841L01016,286.1,20
678,MANAPPURAM,INE522D01027,155.52,20
679,STLTECH,INE089C01029,117.41,20
680,LIQUIDADD,INF740KA1UM0,1043.01,5
681,TCS,INE467B01029,4352.7,9
682,EIDPARRY,INE126A01031,858.55,20
683,PNBGILTS,INE859A01011,115.92,20
684,LLOYDSME,INE281B01032,958.15,20
685,DWARKESH,INE366A01041,61.65,20
686,HUDCO,INE031A01017,212.89,23.66
687,SGBFEB28IX,IN0020190545,8300,10
688,POWERMECH,INE211R01019,2629.05,20
689,ADANIGREEN,INE364U01010,898.55,23.3
690,IDFCFIRSTB,INE092T01019,65.14,20
691,AWFIS,INE108V01019,719.45,20
692,BAJAJ-AUTO,INE917I01010,9137.45,11.42
693,WELENT,INE625G01013,501.5,20
694,PRICOLLTD,INE726V01018,467.45,20
695,JKLAKSHMI,INE786A01032,775.75,20
696,PRSMJOHNSN,INE010A01011,181.97,20
697,GANDHAR,INE717W01049,207.33,20
698,CIGNITITEC,INE675C01017,1623.85,20
699,GRAVITA,INE024L01027,2148.5,24
700,BHEL,INE257A01026,243.97,20
701,USHAMART,INE228A01035,380.8,20
702,BOSCHLTD,INE323A01026,34988.25,20
703,BIKAJI,INE00E101023,781.95,20
704,RATEGAIN,INE0CLI01024,687.9,20
705,MAHSCOOTER,INE288A01013,9385.95,20
706,DABUR,INE016A01026,525.35,20
707,CHENNPETRO,INE178A01016,609.45,22.02
708,EQUITASBNK,INE063P01018,62.92,20
709,KRBL,INE001B01026,302.85,20
710,NIFTYBEES,INF204KB14I2,270.54,6
711,CPSEETF,INF457M01133,91.33,20
712,KEI,INE878B01027,4071.4,20
713,ARKADE,INE0QRL01017,142.48,20
714,DODLA,INE021O01019,1229.05,20
715,SGBNOV24,IN0020160076,7758.2,10
716,JUBLFOOD,INE797F01020,646.9,20
717,SBILIFE,INE123W01016,1506.75,9.46
718,SOLARINDS,INE343H01029,10233.3,20
719,PARAGMILK,INE883N01014,207.27,20
720,ZEEL,INE256A01028,120.58,22.17
721,SONATSOFTW,INE269A01021,597.95,20
722,MAHLOG,INE766P01016,389.3,20
723,CCL,INE421D01022,753.6,20
724,OFSS,INE881D01027,11742.4,20
725,JBMA,INE927D01044,1488.55,20
726,HEMIPROP,INE0AJG01018,167.96,20
727,CUMMINSIND,INE298A01020,3463.2,20
728,SGBDE31III,IN0020230168,8301.42,10
729,NBCC,INE095N01031,94.55,22.26
730,REPCOHOME,INE612J01015,464.7,20
731,AWHCL,INE01BK01022,631.55,21.91
732,CAMS,INE596I01012,4751.6,20
733,INDIGOPNTS,INE09VQ01012,1485.2,20
734,SGBOC28VII,IN0020200203,8016.53,10
735,NAZARA,INE418L01021,996.25,20
736,STYRENIX,INE189B01011,2419.3,20
737,ECOSMOBLTY,INE06HJ01020,335.6,20
738,MPHASIS,INE356A01018,2999.1,20
739,JUBLINGREA,INE0BY001018,742.95,20
740,SGBAUG30,IN0020220078,8218.6,10
741,SSWL,INE802C01033,205.82,20
742,BBTC,INE050A01025,2516,20.04
743,BLSE,INE0NLT01010,207.08,20
744,GSEC5IETF,INF109KC14A8,58.59,80
745,ZOMATO,INE758T01015,280.11,20
746,BAYERCROP,INE462A01022,5804.7,20
747,HFCL,INE548A01028,128.23,22.28
748,CRISIL,INE007A01025,5372.4,20
749,POWERGRID,INE752E01010,338.8,11.52
750,GESHIP,INE017A01032,1111.6,20
751,APOLLOTYRE,INE438A01022,519.95,20
752,CELLO,INE0LMW01024,755.25,20
753,ANANDRATHI,INE463V01026,4112.05,20
754,SGBDEC2512,IN0020170141,8350,10
755,EMUDHRA,INE01QM01018,895.35,20
756,SUNTV,INE424H01027,751.3,20
757,SGBFEB32IV,IN0020230184,8342.23,10
758,ITDCEM,INE686A01026,495.4,23.1
759,RHIM,INE743M01012,532.15,20
760,ROUTE,INE450U01017,1461.35,20
761,BAJAJHIND,INE306A01021,32.45,22.56
762,AGI,INE415A01038,916,20
763,BRIGADE,INE791I01019,1206.95,20
764,GULFOILLUB,INE635Q01029,1107,20
765,NH,INE410P01011,1264.1,20
766,SGBMR29XII,IN0020200427,7966.37,10
767,GILT5YBEES,INF204KC1030,58.41,10
768,GOLDIETF,INF109KC1NT3,65.41,20
769,ASTRAMICRO,INE386C01029,760,20
770,KIRLOSBROS,INE732A01036,2228.4,23.39
771,EKC,INE184H01027,218.27,23.05
772,SHREDIGCEM,INE232A01011,86.11,20
773,NESTLEIND,INE239A01024,2265.25,9
774,UNIONBANK,INE692A01016,121.4,20
775,PRUDENT,INE00F201020,3053.35,21.46
776,SANGHVIMOV,INE989A01032,314.65,23.12
777,MOTHERSON,INE775A01035,166.32,20
778,ERIS,INE406M01024,1476.3,20
779,EIHOTEL,INE230A01023,362.75,20
780,TITAGARH,INE615H01020,1147.2,22.26
781,CHOLAHLDNG,INE149A01033,1532.55,20
782,DEVYANI,INE872J01023,166,20
783,EPIGRAL,INE071N01016,2006.15,20.91
784,SKFINDIA,INE640A01023,4954.45,20
785,SGBJUN31I,IN0020230069,8204.11,10
786,TATAGOLD,INF277KA1976,7.45,20
787,METROBRAND,INE317I01021,1198.15,20
788,TORNTPOWER,INE813H01021,1555.2,20
789,IRCON,INE962Y01021,197.59,22.8
790,NAVA,INE725A01022,1027.5,20.43
791,POONAWALLA,INE511C01022,363.6,20
792,LEMONTREE,INE970X01018,128.01,20
793,JINDALSTEL,INE749A01030,892.8,20
794,360ONE,INE466L01038,1092.15,20
795,BLS,INE153T01027,394.55,20
796,INDIAMART,INE933S01016,2334.15,20
797,VGUARD,INE951I01027,415.5,20
798,QUESS,INE615P01015,651.6,20
799,GRINFRA,INE201P01022,1595.4,20
800,MANYAVAR,INE825V01034,1415.8,20
801,INDIASHLTR,INE922K01024,655.45,20
802,DYNAMATECH,INE221B01012,7260.65,20
803,CESC,INE486A01021,172,20
804,SJS,INE284S01014,1186.65,20
805,KRSNAA,INE08LI01020,998.5,20
806,VENKEYS,INE398A01010,1702.3,20
807,ADANIPOWER,INE814H01011,437.65,20
808,HEIDELBERG,INE578A01017,214.34,20
809,OLAELEC,INE0LXG01040,73.42,20
810,LUXIND,INE150G01020,1842.75,20
811,GSFC,INE026A01025,201.91,20
812,ALEMBICLTD,INE426A01027,129.11,20
813,COALINDIA,INE522F01014,411.5,12.75
814,SUNTECK,INE805D01034,523.7,20
815,MEDANTA,INE474Q01031,1102.2,20
816,AEGISLOG,INE208C01025,822.5,20.22
817,GLAXO,INE159A01016,2393.65,20
818,VSTIND,INE710A01016,321.85,20
819,ASAHIINDIA,INE439A01020,663.65,20
820,PFC,INE134E01011,484.4,20
821,SNOWMAN,INE734N01019,71.52,20
822,CRAFTSMAN,INE00LO01017,5094.9,20
823,LIQUIDSBI,INF200KA13Z8,1000,5
824,SGBFEB29XI,IN0020200393,8138,10
825,KCP,INE805C01028,240.22,20
826,SGBJAN27,IN0020180462,8150,10
827,ZYDUSWELL,INE768C01010,1931.9,20
828,SAPPHIRE,INE806T01020,316.75,20
829,LUMAXTECH,INE872H01027,512.8,20
830,ICIL,INE483B01026,325.1,20
831,SUBROS,INE287B01021,612.65,20
832,SHYAMMETL,INE810G01011,838.1,20
833,CROMPTON,INE299U01018,408.55,20
834,AUTOIETF,INF109KC10V2,23.96,20
835,HEG,INE545A01024,411.15,20
836,WELCORP,INE191B01025,755.45,20
837,HDFCGOLD,INF179KC1981,65.42,20
838,CAMPUS,INE278Y01022,268.75,20
839,AMIORG,INE00FF01017,2147.5,20
840,FIRSTCRY,INE02RE01045,571.95,20
841,JSL,INE220G01021,688.7,20
842,SGBFEB27,IN0020180561,8095,10
843,ESAFSFB,INE818W01011,39.22,20
844,GREAVESCOT,INE224A01026,179.09,20
845,MOL,INE0CT101020,95.78,20
846,EASEMYTRIP,INE07O001026,32.64,20
847,ELECON,INE205B01031,570.4,20.54
848,MTARTECH,INE864I01014,1778.6,20
849,KPIL,INE220B01022,1134.25,20
850,AARTIIND,INE769A01020,451.35,20
851,VOLTAMP,INE540H01012,10202.65,22.19
852,IRCTC,INE335Y01020,814.95,20
853,NUVAMA,INE531F01015,6529,20
854,RKFORGE,INE399G01023,966.3,20
855,SGBJAN29X,IN0020200385,8037.34,10
856,TEAMLEASE,INE985S01024,2729.95,20
857,GNFC,INE113A01013,593.05,20
858,ETHOSLTD,INE04TZ01018,3026.4,20
859,KPITTECH,INE04I401011,1391.35,20
860,DCMSHRIRAM,INE499A01024,1159.75,20
861,LTTS,INE010V01017,5489.7,20
862,GRAPHITE,INE371A01025,480.9,20
863,MAXHEALTH,INE027H01010,985.75,20
864,GODREJAGRO,INE850D01014,738.95,20
865,JKIL,INE576I01022,752.35,20
866,SJVN,INE002L01015,112.83,21.26
867,AIAENG,INE212H01026,3490.2,20
868,UFLEX,INE516A01017,572.4,20
869,ALLCARGO,INE418H01029,52.61,20
870,RITES,INE320J01015,286.45,20.24
871,EPL,INE255A01020,273.55,20
872,IKIO,INE0LOJ01019,256.25,20
873,MARICO,INE196A01026,628.35,20
874,GRANULES,INE101D01020,595.3,20
875,ICICIBANK,INE090A01021,1304.95,9
876,AXITA,INE02EZ01022,12.02,20
877,HDFCSML250,INF179KC1FB2,174.81,6.39
878,ASIANPAINT,INE021A01026,2505,9
879,RIIL,INE046A01015,1140.6,20
880,BALMLAWRIE,INE164A01016,222.43,20
881,GICHSGFIN,INE289B01019,212.02,20
882,SURYODAY,INE428Q01011,139.35,20
883,CASTROLIND,INE172A01027,196.89,20
884,HDFCLIQUID,INF179KC1HE2,1000,5
885,IRB,INE821I01022,51.67,20.46