Confirmed list of securities to be auctioned in A 2024223 to be held on Nov 27 2024.

Sr No,Symbol,Series,Total Qty
1,3IINFOLTD,EQ,350
2,3MINDIA,EQ,11
3,3PLAND,EQ,2388
4,63MOONS,EQ,7
5,AAATECH,EQ,1
6,AARON,EQ,57
7,AARTECH,EQ,408
8,ABAN,EQ,4
9,ABFRL,EQ,75
10,ABSLPSE,EQ,493
11,ACMESOLAR,EQ,276
12,ADANIENSOL,EQ,2496
13,ADANIPORTS,EQ,72500
14,ADANIPOWER,EQ,900
15,AEGISLOG,EQ,1
16,AGROPHOS,EQ,249
17,AHLEAST,EQ,150
18,AIRAN,EQ,351
19,AIROLAM,EQ,16
20,AKI,EQ,4
21,AKSHARCHEM,EQ,17
22,AKUMS,EQ,14
23,ALEMBICLTD,EQ,18
24,AMBUJACEM,EQ,1000
25,AMJLAND,EQ,25
26,ANGELONE,EQ,2
27,ANURAS,EQ,1
28,ARCHIDPLY,EQ,86
29,ARENTERP,EQ,37
30,AROGRANITE,EQ,2
31,ARTNIRMAN,EQ,2
32,ARVEE,EQ,1
33,ARVSMART,EQ,9
34,ASHOKA,EQ,60
35,ASHOKLEY,EQ,1
36,ASIANHOTNR,EQ,8
37,ASMS,EQ,352
38,ASTEC,EQ,4
39,ASTRAZEN,EQ,1
40,ASTRON,EQ,1036
41,AWL,EQ,368
42,AXISBANK,EQ,19
43,AXISBPSETF,EQ,1087
44,AXISHCETF,EQ,2
45,AXISILVER,EQ,220
46,AXSENSEX,EQ,1
47,BAJAJFINSV,EQ,37
48,BAJAJHIND,EQ,757
49,BAJFINANCE,EQ,11
50,BALAJEE,EQ,4
51,BALAXI,EQ,129
52,BALRAMCHIN,EQ,200
53,BANARBEADS,EQ,68
54,BBETF0432,EQ,14
55,BBNPPGOLD,EQ,1
56,BBOX,EQ,50
57,BDL,EQ,1
58,BEL,EQ,1
59,BHARATRAS,EQ,2
60,BIOCON,EQ,50
61,BIRLACABLE,EQ,25
62,BIRLACORPN,EQ,1
63,BLKASHYAP,EQ,1
64,BOMDYEING,EQ,500
65,BPL,EQ,30
66,BSE500IETF,EQ,375
67,BSLGOLDETF,EQ,294
68,BTML,EQ,525
69,BUTTERFLY,EQ,6
70,CANFINHOME,EQ,109
71,CAPITALSFB,EQ,21
72,CARTRADE,EQ,3
73,CDSL,EQ,10
74,CENTURYPLY,EQ,1
75,CHALET,EQ,8
76,CHEMFAB,EQ,2
77,CHEVIOT,EQ,4
78,CIGNITITEC,EQ,25
79,COALINDIA,EQ,142
80,COFORGE,EQ,10
81,COLPAL,EQ,300
82,COMMOIETF,EQ,1
83,COMSYN,EQ,140
84,CONS,EQ,8
85,CROMPTON,EQ,4
86,CYBERMEDIA,EQ,457
87,CYIENT,EQ,4
88,DCAL,EQ,100
89,DELTAMAGNT,EQ,1
90,DEVIT,EQ,38
91,DHRUV,EQ,313
92,DIFFNKG,EQ,224
93,DIVGIITTS,EQ,1
94,DJML,EQ,1
95,DNAMEDIA,EQ,8
96,DOLATALGO,EQ,136
97,DREDGECORP,EQ,32
98,EBBETF0425,EQ,10
99,EGOLD,EQ,16
100,ELGIEQUIP,EQ,105
101,EMAMIREAL,EQ,2
102,EMBDL,EQ,17
103,EMULTIMQ,EQ,96
104,ENERGYDEV,EQ,88
105,ENIL,EQ,54
106,ENTERO,EQ,72
107,ESABINDIA,EQ,1
108,ESG,EQ,22
109,ESILVER,EQ,108
110,EXICOM,EQ,1928
111,FCSSOFT,EQ,2785
112,FEDERALBNK,EQ,1
113,FIBERWEB,EQ,64
114,FINIETF,EQ,12
115,FSL,EQ,50
116,FUSION,EQ,200
117,GANECOS,EQ,50
118,GARUDA,EQ,1
119,GATEWAY,EQ,14
120,GILT5YBEES,EQ,171
121,GLOBE,EQ,2267
122,GMMPFAUDLR,EQ,5
123,GMRP&UI,EQ,4179
124,GOCOLORS,EQ,4
125,GODAVARIB,EQ,2903
126,GODREJAGRO,EQ,8
127,GODREJPROP,EQ,39
128,GOLD1,EQ,484
129,GOLDBEES,EQ,262
130,GOLDCASE,EQ,1632
131,GOLDETF,EQ,264
132,GOLDIETF,EQ,600
133,GSEC10IETF,EQ,42
134,GSEC10YEAR,EQ,15
135,HAL,EQ,6
136,HATHWAY,EQ,68
137,HBLPOWER,EQ,5
138,HDFCGOLD,EQ,300
139,HDFCGROWTH,EQ,24
140,HDFCLIFE,EQ,283
141,HDFCMID150,EQ,390
142,HDFCMOMENT,EQ,580
143,HDFCNIF100,EQ,519
144,HDFCNIFTY,EQ,74
145,HDFCPSUBK,EQ,56
146,HDFCPVTBAN,EQ,776
147,HEROMOTOCO,EQ,10
148,HILTON,EQ,60
149,HIMATSEIDE,EQ,100
150,HINDCOPPER,EQ,535
151,HINDOILEXP,EQ,4
152,HINDPETRO,EQ,1
153,HNGSNGBEES,EQ,179
154,HONASA,EQ,64
155,HPIL,EQ,1
156,HYUNDAI,EQ,1001
157,ICICIGI,EQ,72
158,ICICIPRULI,EQ,75
159,IDFNIFTYET,EQ,3
160,IEL,EQ,2322
161,INDIANHUME,EQ,1299
162,INDIGRID,IV,19234
163,INDOBORAX,EQ,255
164,INDOUS,EQ,39
165,INFRABEES,EQ,93
166,INOXWIND,EQ,73
167,IRCON,EQ,100
168,ISEC,EQ,5
169,ITIETF,EQ,222
170,IZMO,EQ,5589
171,JAGRAN,EQ,119
172,JAICORPLTD,EQ,100
173,JAIPURKURT,EQ,52000
174,JASH,EQ,20
175,JGCHEM,EQ,60
176,JINDALSTEL,EQ,25
177,JINDWORLD,EQ,1
178,JIOFIN,EQ,15
179,JSWSTEEL,EQ,1
180,JUSTDIAL,EQ,190
181,JYOTISTRUC,EQ,50406
182,KALYANIFRG,EQ,36
183,KALYANKJIL,EQ,1
184,KANSAINER,EQ,1
185,KCP,EQ,200
186,KEI,EQ,1
187,KERNEX,EQ,661
188,KILITCH,EQ,32
189,KIRIINDUS,EQ,1
190,KITEX,EQ,1418
191,KREBSBIO,EQ,33008
192,KRITINUT,EQ,1
193,KRONOX,EQ,40
194,KRYSTAL,EQ,36
195,LAURUSLABS,EQ,4000
196,LGBBROSLTD,EQ,4
197,LIBAS,EQ,589
198,LICHSGFIN,EQ,90
199,LICI,EQ,186
200,LICMFGOLD,EQ,2
201,LICNFNHGP,EQ,4
202,LICNMID100,EQ,20
203,LIQUIDADD,EQ,4
204,LIQUIDBEES,EQ,302
205,LIQUIDBETF,EQ,18
206,LIQUIDIETF,EQ,20
207,LODHA,EQ,125
208,LORDSCHLO,EQ,17
209,LPDC,EQ,11724
210,LT,EQ,15
211,LTF,EQ,706
212,LTTS,EQ,6
213,LUMAXIND,EQ,8
214,M&M,EQ,49
215,M&MFIN,EQ,45
216,MADHAV,EQ,370
217,MAGNUM,EQ,242
218,MAHABANK,EQ,7
219,MAHKTECH,EQ,865
220,MANAKCOAT,EQ,7921
221,MANALIPETC,EQ,750
222,MANBA,EQ,34
223,MANGALAM,EQ,18
224,MARICO,EQ,1
225,MARINE,EQ,852
226,MARKSANS,EQ,383
227,MCLEODRUSS,EQ,319
228,MEDICO,EQ,66
229,MEGASTAR,EQ,43
230,MFSL,EQ,72
231,MHRIL,EQ,7
232,MICROPRO,SM,12800
233,MIDQ50ADD,EQ,40
234,MINDTECK,EQ,821
235,MITCONPP,E1,1
236,MMTC,EQ,1
237,MNC,EQ,344
238,MOL,EQ,8
239,MONQ50,EQ,280
240,MONTECARLO,EQ,100
241,MOVALUE,EQ,236
242,MPHASIS,EQ,15
243,MTNL,EQ,201
244,MUKKA,EQ,76
245,MVGJL,EQ,3
246,NAHARCAP,EQ,15
247,NAVA,EQ,1
248,NAVINIFTY,EQ,4
249,NBIFIN,EQ,21
250,NDLVENTURE,EQ,239
251,NEOGEN,EQ,5
252,NETF,EQ,20
253,NIF5GETF,EQ,4
254,NIFTYBETF,EQ,7
255,NINSYS,EQ,18
256,NIPPOBATRY,EQ,12
257,NITINSPIN,EQ,7
258,NITIRAJ,EQ,46
259,NV20,EQ,32
260,NYKAA,EQ,1
261,OCCLLTD,EQ,1
262,OLAELEC,EQ,500
263,OLECTRA,EQ,9
264,OMAXE,EQ,768
265,ONELIFECAP,EQ,16
266,ORIENTELEC,EQ,300
267,ORIENTHOT,EQ,814
268,ORIENTTECH,EQ,652
269,PAKKA,EQ,33
270,PARAGMILK,EQ,150
271,PDMJEPAPER,EQ,100
272,PEL,EQ,175
273,PERSISTENT,EQ,4
274,PFC,EQ,100
275,PGHH,EQ,8
276,PGHL,EQ,100
277,PILITA,EQ,2761
278,PIXTRANS,EQ,10
279,POLICYBZR,EQ,21
280,PONNIERODE,EQ,51
281,PPAP,EQ,5
282,PRAJIND,EQ,103
283,PRECAM,EQ,13
284,PREMEXPLN,EQ,144
285,PRUDENT,EQ,1
286,PURVA,EQ,872
287,QGOLDHALF,EQ,159
288,QUAL30IETF,EQ,917
289,QUICKHEAL,EQ,1
290,RADIANTCMS,EQ,22
291,RAMAPHO,EQ,1
292,RBLBANK,EQ,315
293,RCF,EQ,50
294,RECLTD,EQ,301
295,REDTAPE,EQ,1
296,RELCHEMQ,EQ,45
297,RELIABLE,EQ,65
298,RELIANCE,EQ,101
299,REMSONSIND,EQ,66
300,RENUKA,EQ,500
301,REPCOHOME,EQ,1
302,REPRO,EQ,9
303,RIIL,EQ,434
304,RKFORGE,EQ,64
305,ROML,EQ,1
306,RPPINFRA,EQ,25078
307,RSYSTEMS,EQ,1
308,RUBYMILLS,EQ,9064
309,RVHL,EQ,57
310,SADBHAV,EQ,3202
311,SAGILITY,EQ,393024
312,SAIL,EQ,5002
313,SAKAR,EQ,34
314,SANGINITA,EQ,64
315,SANOFICONR,EQ,78
316,SASKEN,EQ,2
317,SBGLP,EQ,45
318,SBILIFE,EQ,7
319,SBINEQWETF,EQ,1
320,SBISILVER,EQ,224
321,SDL26BEES,EQ,77
322,SENSEXETF,EQ,60
323,SETFGOLD,EQ,1200
324,SGIL,EQ,200
325,SHAKTIPUMP,EQ,794
326,SHILPAMED,EQ,60
327,SHIVATEX,EQ,15
328,SHREECEM,EQ,7
329,SHRIRAMFIN,EQ,10
330,SIEMENS,EQ,1
331,SIGMA,EQ,1
332,SIGNPOST,EQ,2
333,SILVER1,EQ,221
334,SILVERADD,EQ,114
335,SILVERBEES,EQ,14
336,SILVERIETF,EQ,220
337,SILVRETF,EQ,452
338,SINDHUTRAD,EQ,134
339,SKFINDIA,EQ,155
340,SMALLCAP,EQ,808
341,SMCGLOBAL,EQ,117
342,SMLT,EQ,32
343,SMSPHARMA,EQ,50
344,SOLARAPP,E1,42
345,SONATSOFTW,EQ,2500
346,SPARC,EQ,2
347,SRGHFL,EQ,3
348,STARTECK,EQ,9
349,STEL,EQ,9
350,SUNDARMFIN,EQ,1
351,SUZLON,EQ,1
352,SWANENERGY,EQ,100
353,SWIGGY,EQ,140
354,TARC,EQ,2
355,TATACHEM,EQ,51
356,TATAGOLD,EQ,660
357,TATAPOWER,EQ,683
358,TATSILV,EQ,2266
359,THERMAX,EQ,25
360,THOMASCOTT,EQ,365
361,TIMESGTY,EQ,22
362,TIRUMALCHM,EQ,91
363,TNPETRO,EQ,200
364,TNPL,EQ,61
365,TOLINS,EQ,26490
366,TRITURBINE,EQ,35
367,TRIVENI,EQ,1
368,TTML,EQ,528014
369,UCOBANK,EQ,4494
370,UFO,EQ,1
371,UNICHEMLAB,EQ,2
372,UNIHEALTH,SM,1000
373,UNIVASTU,EQ,2
374,UTINIFTETF,EQ,35
375,UTISXN50,EQ,12
376,UTTAMSUGAR,EQ,1
377,VAKRANGEE,EQ,400
378,VEEDOL,EQ,1
379,VIKASECO,EQ,1552
380,VINCOFE,EQ,770
381,VPRPL,EQ,100
382,WELINV,EQ,28
383,WESTLIFE,EQ,1
384,WILLAMAGOR,EQ,2
385,WINDMACHIN,EQ,2554
386,WIPL,EQ,3
387,WOCKPHARMA,EQ,4331
388,XTGLOBAL,EQ,1
389,YAARI,EQ,9748
390,YASHO,EQ,2
391,YESBANK,EQ,50000
392,ZEELEARN,EQ,2506
393,ZOMATO,EQ,95
394,ZUARI,EQ,13
395,ZYDUSWELL,EQ,41
