SERIES,SYMBOL,SECURITY,RECORD_DT,BC_STRT_DT,BC_END_DT,EX_DT,ND_STRT_DT,ND_END_DT,PURPOSE
BE,EASEMYTRIP,Easy Trip Planners Ltd,29/11/2024, , ,29/11/2024, , ,BONUS 1:1                
BE,HAPPSTMNDS,Happiest Minds Techno Ltd,27/11/2024, , ,27/11/2024, , ,INTDIV - RS 2.50 PER SH  
BE,PGHL,PROCTER & GAMBLE HEALTH L, ,29/11/2024,05/12/2024,28/11/2024, , ,AGM/DIV - RS 60 PER SH   
BE,JINDALSAW,Jindal Saw Limited, ,30/11/2024,06/12/2024,29/11/2024, , ,EGM                      
BE,GFSTEELS,Grand Foundry Ltd, ,23/11/2024,29/11/2024,22/11/2024, , ,EGM                      
BE,GLOBAL,Global Education Limited,10/12/2024, , ,10/12/2024, , ,FV SPLT FRM RS 5 TO RS 2 
BE,VHLTD,Viceroy Hotels Limited,29/11/2024, , ,29/11/2024, , ,RIGHTS 7:10 @PRM RS 102  
BE,WIPRO,WIPRO LTD,03/12/2024, , ,03/12/2024, , ,BONUS 1:1                
BE,GILLETTE,GILLETTE INDIA LTD-Depo, ,27/11/2024,03/12/2024,26/11/2024, , ,AGM/DIV - RS 45 PER SH   
BE,CANFINHOME,Can Fin Homes Ltd,04/12/2024, , ,04/12/2024, , ,INTDIV - RS 6 PER SH     
BE,NATCOPHARM,Natco Pharma Limited,27/11/2024, , ,27/11/2024, , ,INTDIV - RS 1.50 PER SH  
BE,IPCALAB,Ipca Laboratories Ltd.,27/11/2024, , ,27/11/2024, , ,INTDIV - RS 2 PER SH     
BE,BAYERCROP,Bayer Cropscience Ltd,28/11/2024, , ,28/11/2024, , ,INTDIV - RS 90 PER SH    
BE,NATIONALUM,NATIONALUM - Depo,29/11/2024, , ,29/11/2024, , ,INTDIV - RS 4 PER SH     
BE,VRLLOG,VRL Logistics Limited,29/11/2024, , ,29/11/2024, , ,INTDIV - RS 5 PER SH     
BE,CAREERP,Career Point Limited,29/11/2024, , ,29/11/2024, , ,INTDIV - RE 1 PER SH     
BE,JAMNAAUTO,Jamna Auto Ind Ltd,28/11/2024, , ,28/11/2024, , ,INTDIV - RE 1 PER SH     
BE,SURYAROSNI,Surya Roshni Ltd,29/11/2024, , ,29/11/2024, , ,INTDIV - RS 2.50 PER SH  
BE,VENUSPIPES,Venus Pipes & Tubes Ltd,29/11/2024, , ,29/11/2024, , ,INTDIV - RE 0.50 PER SH  
BE,DYNAMATECH,Dynamatic Tech. Ltd.,29/11/2024, , ,29/11/2024, , ,INTDIV - RS 2 PER SH     
BE,EASTSILK,Eastern Silk Indust. Ltd.,30/11/2024, , , , , ,CAPITAL REDUCTION        
BE,DIACABS,Diamond Power Infra Ltd,03/12/2024, , ,03/12/2024, , ,FVSPLT FRM RS10 TO RE 1  
BE,TARACHAND,Tara Chand Infra Soln Ltd,05/12/2024, , ,05/12/2024, , ,FVSPLT FRM RS 10 TO RS 2 
BE,INGERRAND,INGERSOLL-RAND INDIA LTD,27/11/2024, , ,27/11/2024, , ,INTDIV - RS 55 PER SH    
BE,GODFRYPHLP,Godfrey Phillips-Depo,29/11/2024, , ,29/11/2024, , ,INTDIV - RS 35 PER SH    
BE,TALBROAUTO,Talbros Automotive Compon,29/11/2024, , ,29/11/2024, , ,INTDIV - RE 0.20 PER SH  
BE,PGIL,House of Pearl Fashions L,27/11/2024, , ,27/11/2024, , ,INT DIV - RS 5 PER SH    
EQ,EASEMYTRIP,Easy Trip Planners Ltd,29/11/2024, , ,29/11/2024, , ,BONUS 1:1                
EQ,PGIL,House of Pearl Fashions L,27/11/2024, , ,27/11/2024, , ,INT DIV - RS 5 PER SH    
EQ,PGHL,PROCTER & GAMBLE HEALTH L, ,29/11/2024,05/12/2024,28/11/2024, , ,AGM/DIV - RS 60 PER SH   
EQ,JINDALSAW,Jindal Saw Limited, ,30/11/2024,06/12/2024,29/11/2024, , ,EGM                      
EQ,GFSTEELS,Grand Foundry Ltd, ,23/11/2024,29/11/2024,22/11/2024, , ,EGM                      
EQ,GLOBAL,Global Education Limited,10/12/2024, , ,10/12/2024, , ,FV SPLT FRM RS 5 TO RS 2 
EQ,VHLTD,Viceroy Hotels Limited,29/11/2024, , ,29/11/2024, , ,RIGHTS 7:10 @PRM RS 102  
EQ,WIPRO,Wipro Ltd,03/12/2024, , ,03/12/2024, , ,BONUS 1:1                
EQ,GILLETTE,Gillette India Ltd., ,27/11/2024,03/12/2024,26/11/2024, , ,AGM/DIV - RS 45 PER SH   
EQ,CANFINHOME,Can Fin Homes Ltd,04/12/2024, , ,04/12/2024, , ,INTDIV - RS 6 PER SH     
EQ,NATCOPHARM,Natco Pharma Limited,27/11/2024, , ,27/11/2024, , ,INTDIV - RS 1.50 PER SH  
EQ,IPCALAB,Ipca Laboratories Ltd.,27/11/2024, , ,27/11/2024, , ,INTDIV - RS 2 PER SH     
EQ,BAYERCROP,Bayer Cropscience Ltd,28/11/2024, , ,28/11/2024, , ,INTDIV - RS 90 PER SH    
EQ,NATIONALUM,National Alum Co Ltd,29/11/2024, , ,29/11/2024, , ,INTDIV - RS 4 PER SH     
EQ,VRLLOG,VRL Logistics Limited,29/11/2024, , ,29/11/2024, , ,INTDIV - RS 5 PER SH     
EQ,CAREERP,Career Point Limited,29/11/2024, , ,29/11/2024, , ,INTDIV - RE 1 PER SH     
EQ,JAMNAAUTO,Jamna Auto Ind Ltd,28/11/2024, , ,28/11/2024, , ,INTDIV - RE 1 PER SH     
EQ,SURYAROSNI,Surya Roshni Ltd,29/11/2024, , ,29/11/2024, , ,INTDIV - RS 2.50 PER SH  
EQ,VENUSPIPES,Venus Pipes & Tubes Ltd,29/11/2024, , ,29/11/2024, , ,INTDIV - RE 0.50 PER SH  
EQ,DYNAMATECH,Dynamatic Tech. Ltd.,29/11/2024, , ,29/11/2024, , ,INTDIV - RS 2 PER SH     
EQ,DIACABS,Diamond Power Infra Ltd,03/12/2024, , ,03/12/2024, , ,FVSPLT FRM RS10 TO RE 1  
EQ,EASTSILK,Eastern Silk Indust. Ltd.,30/11/2024, , , , , ,CAPITAL REDUCTION        
EQ,TARACHAND,Tara Chand Infra Soln Ltd,05/12/2024, , ,05/12/2024, , ,FVSPLT FRM RS 10 TO RS 2 
EQ,INGERRAND,Ingersoll Rand Ltd.,27/11/2024, , ,27/11/2024, , ,INTDIV - RS 55 PER SH    
EQ,GODFRYPHLP,Godfrey Phillips Ltd.,29/11/2024, , ,29/11/2024, , ,INTDIV - RS 35 PER SH    
EQ,TALBROAUTO,Talbros Automotive Compon,29/11/2024, , ,29/11/2024, , ,INTDIV - RE 0.20 PER SH  
EQ,HAPPSTMNDS,Happiest Minds Techno Ltd,27/11/2024, , ,27/11/2024, , ,INTDIV - RS 2.50 PER SH  
GS,GS121224C,GOI STRIPS C 121224,10/12/2024, , , , , ,REDEMPTION               
GS,GS071224C,GOI STRIPS C 071224,05/12/2024, , , , , ,REDEMPTION               
GS,662GS2051,GOI LOAN 6.62% 2051,27/11/2024, , ,27/11/2024, , ,INTEREST PAYMENT         
GS,GS171224C,GOI STRIPS C 171224,13/12/2024, , , , , ,REDEMPTION               
GS,GS231224C,GOI STRIPS C 231224,20/12/2024, , , , , ,REDEMPTION               
GS,GS151224C,GOI STRIPS C 151224,11/12/2024, , , , , ,REDEMPTION               
GS,GS311224C,GOI STRIPS C 311224,27/12/2024, , , , , ,REDEMPTION               
N2,NTPC,8.48%S-R-NCD Series 2A,02/12/2024, , ,02/12/2024, , ,INTEREST PAYMENT         
N3,CREDITACC,Sec Re NCD 9.60% Sr. III,02/12/2024, , ,02/12/2024, , ,INTEREST PAYMENT         
N3,NTPC,8.66%S-R-NCD Series 3A,02/12/2024, , ,02/12/2024, , ,INTEREST PAYMENT         
N3,TATACAPHSG,Sec Red NCD 7.92% Sr.II,28/11/2024, , ,28/11/2024, , ,INTEREST PAYMENT         
N3,932AEL27,Sec Re NCD 9.32% Sr III,27/11/2024, , ,27/11/2024, , ,INTEREST PAYMENT         
N4,TATACAPHSG,Sec Red NCD 8.01% Sr.II,28/11/2024, , ,28/11/2024, , ,INTEREST PAYMENT         
N5,NTPC,8.73%S-R-NCD Series 2B,02/12/2024, , ,02/12/2024, , ,INTEREST PAYMENT         
N5,CREDITACC,Sec Re NCD 10% Sr. V,02/12/2024, , ,02/12/2024, , ,INTEREST PAYMENT         
N6,956AEL29,Sec Re NCD 9.56% Sr VI,27/11/2024, , ,27/11/2024, , ,INTEREST PAYMENT         
N6,NTPC,8.91%S-R-NCD Series 3B,02/12/2024, , ,02/12/2024, , ,INTEREST PAYMENT         
N7,TATACAPHSG,Sec Red NCD 8.01% Sr.IV,28/11/2024, , ,28/11/2024, , ,INTEREST PAYMENT         
N8,TATACAPHSG,Sec Red NCD 8.10% Sr.IV,28/11/2024, , ,28/11/2024, , ,INTEREST PAYMENT         
N9,NAVIFIN,Sec Re NCD 10.00% Sr. I,28/11/2024, , ,28/11/2024, , ,INTEREST PAYMENT         
NA,NAVIFIN,Sec Re NCD 10.40% Sr.II,28/11/2024, , ,28/11/2024, , ,INTEREST PAYMENT         
NC,NAVIFIN,Sec Re NCD 10.65% Sr.IV,28/11/2024, , ,28/11/2024, , ,INTEREST PAYMENT         
SG,692AS24,SDL AS 6.92% 2024,21/12/2024, , , , , ,REDEMPTION               
SM,EMKAYTOOLS,Emkay Tap & Cut. Tool Ltd,04/12/2024, , ,04/12/2024, , ,DEMERGER                 
SM,GIRIRAJ,Giriraj Civil Devp Ltd, ,20/11/2024,27/11/2024,19/11/2024, , ,ANNUAL GENERAL MEETING   
SQ,EMKAYTOOLS,Emkay Tap & Cut. Tool Ltd,04/12/2024, , ,04/12/2024, , ,DEMERGER                 
SQ,GIRIRAJ,Giriraj Civil Devp Ltd, ,20/11/2024,27/11/2024,19/11/2024, , ,ANNUAL GENERAL MEETING   
ST,GIRIRAJ,Giriraj Civil Devp Ltd, ,20/11/2024,27/11/2024,19/11/2024, , ,ANNUAL GENERAL MEETING   
ST,EMKAYTOOLS,Emkay Tap & Cut. Tool Ltd,04/12/2024, , ,04/12/2024, , ,DEMERGER                 
U2,NTPC,8.48%S-R-NCD Series 2A,02/12/2024, , ,02/12/2024, , ,INTEREST PAYMENT         
U3,NTPC,8.66%S-R-NCD Series 3A,02/12/2024, , ,02/12/2024, , ,INTEREST PAYMENT         
U3,932AEL27,Sec Re NCD 9.32% Sr III,27/11/2024, , ,27/11/2024, , ,INTEREST PAYMENT         
U3,TATACAPHSG,Sec Red NCD 7.92% Sr.II,28/11/2024, , ,28/11/2024, , ,INTEREST PAYMENT         
U3,CREDITACC,Sec Re NCD 9.60% Sr. III,02/12/2024, , ,02/12/2024, , ,INTEREST PAYMENT         
U4,TATACAPHSG,Sec Red NCD 8.01% Sr.II,28/11/2024, , ,28/11/2024, , ,INTEREST PAYMENT         
U5,NTPC,8.73%S-R-NCD Series 2B,02/12/2024, , ,02/12/2024, , ,INTEREST PAYMENT         
U5,CREDITACC,Sec Re NCD 10% Sr. V,02/12/2024, , ,02/12/2024, , ,INTEREST PAYMENT         
U6,956AEL29,Sec Re NCD 9.56% Sr VI,27/11/2024, , ,27/11/2024, , ,INTEREST PAYMENT         
U6,NTPC,8.91%S-R-NCD Series 3B,02/12/2024, , ,02/12/2024, , ,INTEREST PAYMENT         
U7,TATACAPHSG,Sec Red NCD 8.01% Sr.IV,28/11/2024, , ,28/11/2024, , ,INTEREST PAYMENT         
U8,TATACAPHSG,Sec Red NCD 8.10% Sr.IV,28/11/2024, , ,28/11/2024, , ,INTEREST PAYMENT         
U9,NAVIFIN,Sec Re NCD 10.00% Sr. I,28/11/2024, , ,28/11/2024, , ,INTEREST PAYMENT         
UA,NAVIFIN,Sec Re NCD 10.40% Sr.II,28/11/2024, , ,28/11/2024, , ,INTEREST PAYMENT         
UC,NAVIFIN,Sec Re NCD 10.65% Sr.IV,28/11/2024, , ,28/11/2024, , ,INTEREST PAYMENT         

