SYMBOL,SERIES,SECURITY,HIGH/LOW,INDEX FLAG
AAREYDRUGS,BE,AAREY DRUGS & PHARM LTD,H
AARTECH,EQ,AARTECH SOLONICS LIMITED,H
ABMINTLLTD,BE,ABM INTERNATIONAL LTD,H
ACCURACY,EQ,ACCURACY SHIPPING LIMITED,H
ADANIENSOL,EQ,ADANI ENERGY SOLUTION LTD,H
ADANIGREEN,EQ,ADANI GREEN ENERGY LTD,H
ADANIPOWER,EQ,ADANI POWER LTD,H
ADROITPP1,X1,ADROITINFO RS. 5 PPD UP,H
AIMTRON,ST,AIMTRON ELECTRONICS LTD,H
AKANKSHA,ST,AKANKSHA POWER N INFRA L,H
ALLETEC,ST,ALL E TECHNOLOGIES LTD,H
ALUWIND,ST,ALUWIND ARCHITECTURAL LTD,H
AMBANIORGO,SM,AMBANI ORGOCHEM LIMITED,H
ARCHIES,BE,ARCHIES LTD,H
ARENTERP,EQ,RAJDARSHAN INDUSTRIES LTD,H
ASHALOG,ST,ASHAPURA LOGISTICS LTD,H
ASHIMASYN,BE,ASHIMA LTD,H
ASLIND,SM,ASL INDUSTRIES LIMITED,H
ATGL,EQ,ADANI TOTAL GAS LIMITED,H
AURUMPP1,X1,AURUM RS. 3.12 PPD UP,H
AVONMORE,EQ,AVONMORE CAP&MGT SERV LTD,H
AVROIND,BE,AVRO INDIA LIMITED,H
BBOX,EQ,BLACK BOX LIMITED,H
BPL,EQ,BPL LTD,H
CCCL,BE,CONS. CONST. CONSORT LTD,H
CINEVISTA,EQ,CINEVISTA LIMITED,H
CMMIPL,SM,CMM INFRAPROJECTS LIMITED,H
COCHINSHIP,BE,COCHIN SHIPYARD LIMITED,H
CONTI,ST,CONTINENTAL SEED CHEM LTD,H
COOLCAPS,ST,COOL CAPS INDUSTRIES LTD,H
CPS,ST,C P S SHAPERS LIMITED,H
CYBERTECH,BE,CYBERTECH SYSTEMS & SOFTW,H
DHRUV,EQ,DHRUV CONSULTANCY SER LTD,H
DRONE,ST,DRONE DESTINATION LIMITED,H
DUCOL,SM,DUCOL ORGS AND COLOURS LT,H
E2E,BE,E2E NETWORKS LIMITED,H
EMKAY,BE,EMKAY GLOBAL FIN SERV LTD,H
ENERGYDEV,EQ,ENERGY DEVE. CO.LTD,H
ENFUSE,SM,ENFUSE SOLUTIONS LIMITED,H
EXCEL,BE,EXCEL REALTY N INFRA LTD,H
FEDFINA,EQ,FEDBANK FINANCIAL SER L,H
FEL,BZ,FUTURE ENTERPRISES LTD,H
FELDVR,BE,FUTURE ENTERPRISES LTD,H
FOCE,ST,FOCE INDIA LIMITED,H
GATECHDVR,BE,GACM TECHNOLOGIES LIMITED,H
GAYAPROJ,BZ,GAYATRI PROJECTS LTD,H
GILLANDERS,EQ,GILLANDERS ARBUTHNOT LTD,H
GLFL,BE,GUJARAT LEASE FINANCING L,H
GLOBALVECT,BE,GLOBAL VEC HELICORP LTD,H
GLOBE,EQ,GLOBE TEXTILES (I) LTD.,H
GMRP&UI,EQ,GMR POW AND URBAN INFRA L,H
HINDNATGLS,BE,HIND NATL GLASS & IND LTD,H
HRHNEXT,ST,HRH NEXT SERVICES LIMITED,H
ICDSLTD,EQ,ICDS LTD,H
IEL,EQ,INDIABULLS ENT LTD,H
IL&FSTRANS,BZ,IL&FS TRANS NET LTD,H
INDOWIND,EQ,INDOWIND ENERGY LTD,H
INFOMEDIA,BE,INFOMEDIA PRESS LIMITED,H
JAIBALAJI,EQ,JAI BALAJI INDUSTRIES LTD,H
JHS,EQ,JHS SVEND. LAB. LTD,H
JYOTISTRUC,EQ,JYOTI STRUCTURES LTD,H
KARMAENG,EQ,KARMA ENERGY LIMITED,H
KAVVERITEL,BE,KAVVERI TEL. LTD.,H
KCK,ST,KCK INDUSTRIES LTD,H
KCPSUGIND,BE,KCPSUGARINDUS,H
KERNEX,EQ,KERNEX MICROSYS(I) LTD,H
KREBSBIO,EQ,KREBS BIOCHEMICALS & IND,H
KRISHCA,SM,KRISHCA STRAPPING SLTN L,H
LAKPRE,BZ,LAKSHMI PRE SCRE LTD,H
LLOYDSENT,EQ,LLOYDS ENTERPRISES LTD,H
LOYALTEX,BE,LOYAL TEXTILE MILLS LTD,H
MAANALU,BE,MAAN ALUMINIUM LIMITED,H
MACPOWER,EQ,MACPOWER CNC MACHINES LTD,H
MAHKTECH,EQ,MIRAEAMC - MAHKTECH,H
MAKS,SM,MAKS ENERGY SOL INDIA LTD,H
MARINE,EQ,MARINE ELECTRICAL (I) LTD,H
MARSHALL,BE,MARSHALL MACHINES LTD,H
MBECL,BZ,MCNALLY BH. ENG. CO.LTD,H
MCLEODRUSS,EQ,MCLEOD RUSSEL INDIA LTD.,H
MEGATHERM,SM,MEGATHERM INDUCTION LTD,H
MKPL,BE,M K PROTEINS LIMITED,H
MOHITIND,EQ,MOHIT INDUSTRIES LTD,H
NAMOEWASTE,ST,NAMO EWASTE MANAGEMENT L,H
NBIFIN,EQ,N.B.I. IND. FIN. CO. LTD,H
NDRAUTO,EQ,NDR AUTO COMPONENTS LTD,H
NEELAM,ST,NEELAM LINENS & GAR (I) L,H
NILASPACES,BE,NILA SPACES LIMITED,H
NKIND,EQ,NK INDUSTRIES LTD,H
NTPCGREEN,EQ,NTPC GREEN ENERGY LIMITED,H
OLAELEC,EQ,OLA ELECTRIC MOBILITY LTD,H
OMAXAUTO,EQ,OMAX AUTOS LTD,H
OMAXE,EQ,OMAXE LIMITED,H
OSIAHYPER,BE,OSIA HYPER RETAIL LIMITED,H
OSWALSEEDS,BE,SHREEOSWAL S AND CHE LTD,H
PANSARI,BE,PANSARI DEVELOPERS LTD,H
PARAS,EQ,PARAS DEF AND SPCE TECH L,H
PCJEWELLER,BE,PC JEWELLER LTD,H
PROLIFE,SM,PROLIFE INDUSTRIES LTD,H
PRUDMOULI,BE,PRUDENTIAL SUGAR CORPORAT,H
PURVA,EQ,PURAVANKARA LIMITED,H
RAJRILTD,BE,RAJ RAYON INDUSTRIES LTD,H
RANEENGINE,BE,RANE ENG VALVE LTD,H
RBMINFRA,ST,RBM INFRACON LIMITED,H
RELIABLE,EQ,RELIABLE DATA SERVICE LTD,H
RELTD,BE,RAVINDRA ENERGY LIMITED,H
RETAIL,BE,JHS SVENDGAARD RETAIL V L,H
REXPIPES,SM,REX PIPES AND CABLES LTD,H
RPOWER,BE,RELIANCE POWER LTD.,H
RUCHINFRA,BE,RUCHI INFRASTRUCTURE LTD,H
SABAR,ST,SABAR FLEX INDIA LIMITED,H
SABEVENTS,BE,SAB EVENTS & GOVERNANCE,H
SADBHAV,EQ,SADBHAV ENGINEERING LTD,H
SAGILITY,EQ,SAGILITY INDIA LIMITED,H
SANWARIA,BZ,SANWARIA CONSUMER LIMITED,H
SECL,SM,SALASAR EXTERIOR CONT LTD,H
SHAILY,EQ,SHAILY ENG PLASTICS LTD,H
SHREEKARNI,SM,SHREE KARNI FABCOM LTD,H
SHREERAMA,EQ,SHREE RAMA MULTI TECH LTD,H
SIMPLEXINF,BE,SIMPLEX INFRASTRUCTURES L,H
SITINET,BE,SITI NETWORKS LIMITED,H
SLONE,ST,SLONE INFOSYSTEMS LIMITED,H
SMSLIFE,BE,SMS LIFESCIENCES (I) LTD,H
SPMLINFRA,EQ,SPML INFRA LIMITED,H
SPRL,ST,SP REFRACTORIES LIMITED,H
SRD,BE,SHANKAR LAL RAMPAL LTD,H
SURANI,ST,SURANI STEEL TUBES LTD.,H
SYSTANGO,SM,SYSTANGO TECHNOLOGIES LTD,H
TARC,EQ,TARC LIMITED,H
TARMAT,EQ,TARMAT LIMITED,H
TECHERA,ST,TECHERA ENGINEER (IND) L,H
TECHLABS,SM,TRIDENT TECHLABS LIMITED,H
THOMASCOTT,EQ,THOMAS SCOTT (INDIA) LTD,H
TIJARIA,BE,TIJARIA POLYPIPES LTD,H
TIL,BE,TIL LTD,H
TPLPLASTEH,EQ,TPL PLASTECH LIMITED,H
TRUST,SM,TRUST FINTECH LIMITED,H
UMESLTD,EQ,USHA MARTIN EDU & SOL LTD,H
UNITEDPOLY,BE,UNITED POLYFAB GUJ. LTD.,H
UNIVASTU,EQ,UNIVASTU INDIA LIMITED,H
UWCSL,SM,ULTRA WIRING CONN SYS LTD,H
VCL,BE,VAXTEX COTFAB LIMITED,H
VERTOZ,EQ,VERTOZ LIMITED,H
VHLTD,BE,VICEROY HOTELS LIMITED,H
VLINFRA,ST,V.L.INFRAPROJECTS LIMITED,H
WALCHANNAG,EQ,WALCHANDNAGAR INDUSTRIES,H
WINDMACHIN,EQ,WINDSOR MACHINES LIMITED,H
WINSOME,BZ,WINSOME YARNS LIMITED,H
WTICAB,ST,WISE TRAVEL INDIA LIMITED,H
YAARI,EQ,YAARI DIGI INT SER LTD,H
ZAGGLE,BE,ZAGGLE PREPA OCEAN SER L,H
ZEELEARN,EQ,ZEE LEARN LIMITED,H
21STCENMGM,BE,21ST CENTURY MGMT SERVICE,L
3PLAND,EQ,3P LAND HOLDINGS LIMITED,L
AGUL,SM,A G UNIVERSAL LIMITED,L
ANKITMETAL,BZ,ANKIT MET & POW LTD,L
CADSYS,ST,CADSYS (INDIA) LIMITED,L
CMRSL,SM,CYBER MEDIA RES & SER LTD,L
DIL,EQ,DEBOCK INDUSTRIES LIMITED,L
ELECTHERM,BE,ELECTROTHERM (I) LTD.,L
FICRF3GP,MF,FRANTEMAMC - FICRF3GP,L
GAYAPROJ,BZ,GAYATRI PROJECTS LTD,L
GTECJAINX,BE,G-TEC JAINX EDUCATION LTD,L
GVT&D,BE,GE VERNOVA T&D INDIA LTD,L
HATHWAY,EQ,HATHWAY CABLE & DATACOM,L
HBSL,EQ,HB STOCKHOLDINGS LIMITED,L
HRHNEXT,ST,HRH NEXT SERVICES LIMITED,L
IBLFL,ST,IBL FINANCE LIMITED,L
INDOTHAI,BE,INDO THAI SEC LTD,L
IPSL,ST,INTEGRATED PERSO SER LTD,L
JALAN,SM,JALAN TRANSOLU. INDIA LTD,L
JSWHL,BE,JSW HOLDINGS LIMITED,L
K2INFRA,SM,K2 INFRAGEN LIMITED,L
KORE,ST,JAY JALARAM TECHNO LTD,L
LAKPRE,BZ,LAKSHMI PRE SCRE LTD,L
LATTEYS,BE,LATTEYS INDUSTRIES LTD,L
LRRPL,ST,LEAD REC AND RUB PROD LTD,L
MANAV,SM,MANAV INFRA PROJECTS LTD,L
MEGAFLEX,ST,MEGA FLEX PLASTICS LTD,L
NAGREEKCAP,EQ,NAGREEKA CAP & INFR.LTD,L
ONYX,ST,ONYX BIOTEC LIMITED,L
PERFECT,ST,PERFECT INFRAENGINEER LTD,L
PIGL,BE,POWER INSTRUMENT (G) LTD,L
RAJRILTD,BE,RAJ RAYON INDUSTRIES LTD,L
RHFL,BE,RELIANCE HOME FINANCE LTD,L
ROCKINGDCE,SM,ROCKINGDEALS CIRCU ECO L,L
SHEKHAWATI,BE,SHEKHAWATI INDUSTRIES LTD,L
SKYGOLD,BE,SKY GOLD LIMITED,L
SPRL,ST,SP REFRACTORIES LIMITED,L
TECHLABS,SM,TRIDENT TECHLABS LIMITED,L
TIRUPATI,SM,SHREE TIRUPATI BALAJEE,L
VAISHALI,BE,VAISHALI PHARMA LIMITED,L
VEEKAYEM,ST,VEEKAYEM FASH & APP LTD,L
VIJIFIN,BE,VIJI FINANCE LIMITED,L
WOMANCART,ST,WOMANCART LIMITED,L
XELPMOC,BE,XELPMOC DESIGN & TECH LTD,L
