GAIN_LOSS,SECURITY,CLOSE_PRIC,PREV_CL_PR,PERCENT_CG
 ,Nifty 50 Sec., , , 
 , , , , 
G,ADANI ENTERPRISES LIMITED,      2397.80,      2150.50,11.5
G,ADANI PORT & SEZ LTD,      1199.95,      1128.85,6.3
G,BHARAT ELECTRONICS LTD,       307.35,       297.90,3.17
G,TRENT LTD,      6845.10,      6669.35,2.64
G,NTPC LTD,       369.30,       361.65,2.12
G,HDFC BANK LTD,      1812.30,      1785.55,1.5
G,COAL INDIA LTD,       417.15,       411.50,1.37
G,BAJAJ FINANCE LIMITED,      6705.20,      6617.95,1.32
G,MARUTI SUZUKI INDIA LTD.,     11058.35,     10943.95,1.05
G,HERO MOTOCORP LIMITED,      4871.25,      4838.70,.67
G,MAHINDRA & MAHINDRA LTD,      3004.80,      2985.20,.66
G,TECH MAHINDRA LIMITED,      1756.80,      1745.40,.65
G,BAJAJ AUTO LIMITED,      9190.35,      9137.45,.58
G,JSW STEEL LIMITED,       968.85,       963.60,.54
G,AXIS BANK LIMITED,      1149.65,      1144.80,.42
G,NESTLE INDIA LIMITED,      2273.95,      2265.25,.38
G,BAJAJ FINSERV LTD.,      1600.05,      1594.40,.35
G,HINDUSTAN UNILEVER LTD.,      2486.90,      2479.20,.31
G,GRASIM INDUSTRIES LTD,      2621.90,      2617.20,.18
G,ULTRATECH CEMENT LIMITED,     11139.90,     11121.05,.17
G,POWER GRID CORP. LTD.,       339.25,       338.80,.13
G,TATA MOTORS LIMITED,       783.95,       783.00,.12
G,TATA STEEL LIMITED,       144.53,       144.47,.04
G,BHARTI AIRTEL LIMITED,      1577.65,      1577.25,.03
G,OIL AND NATURAL GAS CORP.,       254.30,       254.25,.02
G,INFOSYS LIMITED,      1924.50,      1924.15,.02
 , , , , 
L,APOLLO HOSPITALS ENTER. L,      6982.70,      7076.55,-1.33
L,TITAN COMPANY LIMITED,      3291.65,      3327.50,-1.08
L,WIPRO LTD,       582.90,       589.00,-1.04
L,SHRIRAM FINANCE LIMITED,      3019.00,      3046.35,-0.9
L,INDUSIND BANK LIMITED,      1001.95,      1009.60,-0.76
L,HINDALCO  INDUSTRIES  LTD,       661.10,       666.10,-0.75
L,DR. REDDY S LABORATORIES,      1199.90,      1208.65,-0.72
L,SUN PHARMACEUTICAL IND L,      1749.45,      1761.60,-0.69
L,STATE BANK OF INDIA,       834.10,       839.40,-0.63
L,BRITANNIA INDUSTRIES LTD,      4984.15,      5013.60,-0.59
L,ASIAN PAINTS LIMITED,      2491.90,      2505.00,-0.52
L,TATA CONSULTANCY SERV LT,      4332.55,      4352.70,-0.46
L,HCL TECHNOLOGIES LTD,      1891.05,      1899.55,-0.45
L,TATA CONSUMER PRODUCT LTD,       960.05,       963.55,-0.36
L,ICICI BANK LTD.,      1300.70,      1304.95,-0.33
L,EICHER MOTORS LTD,      4917.50,      4931.75,-0.29
L,HDFC LIFE INS CO LTD,       680.55,       682.40,-0.27
L,RELIANCE INDUSTRIES LTD,      1293.20,      1295.70,-0.19
L,BHARAT PETROLEUM CORP  LT,       293.45,       293.85,-0.14
L,LARSEN & TOUBRO LTD.,      3698.70,      3702.60,-0.11
L,CIPLA LTD,      1491.15,      1492.70,-0.1
L,SBI LIFE INSURANCE CO LTD,      1505.40,      1506.75,-0.09
L,KOTAK MAHINDRA BANK LTD,      1783.20,      1783.60,-0.02
L,ITC LTD,       476.95,       477.00,-0.01
 , , , , 
 ,Nifty Next 50 Sec., , , 
 , , , , 
G,ADANI TOTAL GAS LIMITED,       694.05,       579.45,19.78
G,ADANI POWER LTD,       523.05,       437.65,19.51
G,ADANI GREEN ENERGY LTD,       988.40,       898.55,10
G,ADANI ENERGY SOLUTION LTD,       660.80,       600.75,10
G,AMBUJA CEMENTS LTD,       515.00,       493.70,4.31
G,SIEMENS LTD,      7436.80,      7242.50,2.68
G,INDIAN RAILWAY FIN CORP L,       150.49,       146.69,2.59
G,HINDUSTAN AERONAUTICS LTD,      4474.65,      4364.55,2.52
G,JSW ENERGY LIMITED,       673.30,       657.40,2.42
G,ABB INDIA LIMITED,      7496.20,      7329.70,2.27
G,NHPC LTD,        82.99,        81.23,2.17
G,TATA POWER CO LTD,       417.65,       410.30,1.79
G,SHREE CEMENT LIMITED,     25421.85,     24980.65,1.77
G,GODREJ CONSUMER PRODUCTS,      1261.60,      1240.10,1.73
G,ZOMATO LIMITED,       284.72,       280.11,1.65
G,BHEL,       247.66,       243.97,1.51
G,INDIAN OIL CORP LTD,       139.00,       136.96,1.49
G,POWER FIN CORP LTD.,       491.10,       484.40,1.38
G,UNION BANK OF INDIA,       122.88,       121.40,1.22
G,REC LIMITED,       526.35,       520.05,1.21
G,INFO EDGE (I) LTD,      8342.80,      8247.55,1.15
G,PIDILITE INDUSTRIES LTD,      3045.75,      3012.05,1.12
G,CHOLAMANDALAM IN & FIN CO,      1279.15,      1265.45,1.08
G,HAVELLS INDIA LIMITED,      1728.75,      1711.20,1.03
G,LIFE INSURA CORP OF INDIA,       916.30,       907.20,1
G,INDIAN RAIL TOUR CORP LTD,       822.60,       814.95,0.94
G,INTERGLOBE AVIATION LTD,      4267.90,      4229.60,0.91
G,JIO FIN SERVICES LTD,       328.90,       326.05,0.87
G,TVS MOTOR COMPANY  LTD,      2440.65,      2424.60,0.66
G,LTIMINDTREE LIMITED,      6261.70,      6227.15,0.55
 , , , , 
L,BAJAJ HOLDINGS & INVS LTD,     10221.85,     10476.25,-2.43
L,SAMVRDHNA MTHRSN INTL LTD,       163.60,       166.32,-1.64
L,ICICI PRU LIFE INS CO LTD,       680.80,       691.25,-1.51
L,DIVI S LABORATORIES LTD,      5999.20,      6072.50,-1.21
L,PUNJAB NATIONAL BANK,       104.38,       105.11,-0.69
L,VEDANTA LIMITED,       445.80,       448.40,-0.58
L,DLF LIMITED,       823.70,       827.35,-0.44
L,BANK OF BARODA,       246.45,       247.50,-0.42
L,JINDAL STEEL & POWER LTD,       889.55,       892.80,-0.36
L,BOSCH LIMITED,     34889.25,     34988.25,-0.28
L,CANARA BANK,       101.56,       101.79,-0.23
L,ZYDUS LIFESCIENCES LTD,       950.95,       953.00,-0.22
L,VARUN BEVERAGES LIMITED,       613.00,       614.25,-0.2
L,TORRENT PHARMACEUTICALS L,      3224.45,      3225.55,-0.03
 , , , , 
 ,OTHER SECURITIES, , , 
 , , , , 
G,OLA ELECTRIC MOBILITY LTD,        88.10,        73.42,19.99
G,SYSTANGO TECHNOLOGIES LTD,       259.05,       215.90,19.99
G,SEC RE NCD 10.75% SR XI,       980.00,       820.60,19.42
G,SHAILY ENG PLASTICS LTD,      1301.35,      1102.20,18.07
G,XPRO INDIA LIMITED,      1425.70,      1216.15,17.23
G,MICROPRO SOFTWARE SOL L,        38.40,        32.90,16.72
G,THE RUBY MILLS LTD,       287.66,       248.96,15.54
G,SARLA PERF. FIBERS LTD,       103.77,        90.06,15.22
G,SERENCD9.20%SRVIICIII&IV,       900.60,       786.00,14.58
G,SINCLAIRS HOTELS LIMITED,       106.59,        94.16,13.2
G,REPRO INDIA LIMITED,       572.95,       506.65,13.09
G,FEDBANK FINANCIAL SER L,       107.01,        94.73,12.96
G,AERON COMPOSITE LIMITED,       143.10,       127.05,12.63
G,NAHAR CAP & FIN.,       370.70,       330.00,12.33
G,SILGO RETAIL LIMITED,        42.66,        37.99,12.29
G,RAMKY INFRA LTD,       620.15,       556.35,11.47
G,AGRI-TECH (INDIA) LIMITED,       199.99,       179.78,11.24
G,RUBFILA INTERNATIONAL LTD,        84.21,        75.84,11.04
G,VODAFONE IDEA LIMITED,         8.34,         7.52,10.9
G,TALBROS AUTO. COMP. LTD,       331.55,       299.10,10.85
G,HINDUJA GLOBAL SOLS. LTD.,       702.40,       635.05,10.61
G,SHRI TECHTEX LIMITED,        63.40,        57.40,10.45
G,SEC RE NCD 9.71% SR VIII,       970.00,       880.00,10.23
G,NILA INFRASTRUCTURES LTD,        12.23,        11.10,10.18
G,RAJDARSHAN INDUSTRIES LTD,        57.38,        52.17,9.99
G,MM FORGINGS LTD,       505.25,       459.60,9.93
G,OMAX AUTOS LTD,       118.86,       108.14,9.91
G,JAY BHARAT MARUTI LTD,       101.88,        92.82,9.76
G,ENGINEERS INDIA LTD,       201.85,       184.01,9.7
G,NDTV LTD,       180.16,       164.74,9.36
 , , , , 
L,DEBOCK INDUSTRIES LIMITED,         4.60,         5.76,-20.14
L,ROCKINGDEALS CIRCU ECO L,       412.20,       506.65,-18.64
L,ZF COM VE CTR SYS IND LTD,     12427.95,     14394.75,-13.66
L,FRANTEMAMC - FICRF3GP,          .16,          .18,-11.11
L,3P LAND HOLDINGS LIMITED,        60.03,        66.70,-10
L,MITCON CON RS.2.50 PPD UP,        60.01,        66.28,-9.46
L,HATHWAY CABLE & DATACOM,        17.02,        18.53,-8.15
L,JAINAM FER ALLOYS (I) LTD,       156.00,       169.70,-8.07
L,NEXT MEDIAWORKS LIMITED,         9.64,        10.46,-7.84
L,MARVEL DECOR LIMITED,       102.00,       110.00,-7.27
L,SEC RE NCD 10.50% SR.VII,       944.95,      1019.00,-7.27
L,STEL HOLDINGS LIMITED,       448.25,       483.00,-7.19
L,2.50%GOLDBONDS2026SR-IV,      7826.01,      8400.00,-6.83
L,SHREE TIRUPATI BALAJEE,       740.00,       790.00,-6.33
L,UNSEC RE NCD 0% SR.III,      1175.70,      1252.00,-6.09
L,AFCONS INFRASTRUCTURE LTD,       495.40,       525.90,-5.8
L,TIPS FILMS LIMITED,       566.00,       600.45,-5.74
L,SHIGAN QUANTUM TECH LTD,       114.10,       121.00,-5.7
L,DEV INFO TECHNOLOGY LTD,       164.24,       173.02,-5.07
L,MANAV INFRA PROJECTS LTD,        18.95,        19.95,-5.01
L,NAGREEKA CAP & INFR.LTD,        36.62,        38.55,-5.01
L,INTEGRATED PERSO SER LTD,       292.80,       308.20,-5
L,CADSYS (INDIA) LIMITED,       115.25,       121.30,-4.99
L,CYBER MEDIA RES & SER LTD,        99.20,       104.40,-4.98
L,VEEKAYEM FASH & APP LTD,       262.85,       276.50,-4.94
L,A G UNIVERSAL LIMITED,        57.80,        60.80,-4.93
L,SEC RE NCD 9.90% SR IV,       770.20,       810.00,-4.91
L,PERFECT INFRAENGINEER LTD,        28.25,        29.70,-4.88
L,NALWA SONS INVESTMENT LTD,      8165.35,      8582.15,-4.86
L,IBL FINANCE LIMITED,        57.85,        60.80,-4.85
