SECURITY,NEW,PREVIOUS,NEW_STATUS
MAN COAT METAL & IND LTD,71.89,68.97,H
RADAAN MEDIAWORKS (I) LTD,4.9,4.81,H
NIP IND ETF IT,48,47.65,H
SURANI STEEL TUBES LTD.,184.7,175.95,H
SEC RE NCD SR III,999,991.91,H
SAGILITY INDIA LIMITED,34.69,32.87,H
GOI TBILL 182D-04/04/25,97.7,97.55,H
TRANSWORLD SHIP LINES LTD,418.9,399.95,H
XPRO INDIA LIMITED,1448,1297.8,H
TILAKNAGAR INDUSTRIES LTD,428.9,387,H
DHRUV CONSULTANCY SER LTD,145.42,138.5,H
SEC RE NCD 9% SR.IV,1035.55,1031.55,H
TERA SOFTWARE LIMITED,213.89,82.95,H
MUSIC BROADCAST LIMITED,119,112,H
NETWEB TECH INDIA LTD,3060,2980,H
EMKAY GLOBAL FIN SERV LTD,327.15,311.6,H
OIL COUNTRY TUBULAR LTD.,64.36,58.55,H
GSM FOILS LIMITED,95.8,93.95,H
GANESH HOUSING CORP LTD,1251.6,1250,H
SJS ENTERPRISES LIMITED,1279,1275.95,H
SBIAMC - SBIETFIT,474.9,474.29,H
J.G.CHEMICALS LIMITED,484.5,467.2,H
NITCO LIMITED,125.55,123.09,H
TOLINS TYRES LIMITED,233,212,H
SEC RE NCD 11% SR.V,1050.55,1038.5,H
ECLERX SERVICES LTD,3515.85,3443,H
PUDUMJEE PAPER PRO. LTD,151,150.74,H
3P LAND HOLDINGS LIMITED,71.66,66.7,H
SHRE PUSH CHEM & FERT LTD,300.85,295.2,H
ADIT BIRL SUN LIF AMC LTD,890,869.8,H
RAMDEVBABA SOLVENT LTD,144,137,H
TRIDENT TECHLABS LIMITED,1143.25,1088.85,H
SUPREME INFRA. LTD,128.4,126,H
FUTURE MKT NETWORKS LTD,17.96,17.61,H
GOI TBILL 91D-30/01/25,98.65,98.6,H
NILA SPACES LIMITED,14.51,13.82,H
INDO THAI SEC LTD,1149,1136.55,H
AXISAMC - AXISTECETF,472.99,471.89,H
SERENCD 8.60% SR.IV OP8,1081,1078.25,H
KOTAKMAMC - KOTAKIT,47.33,47.19,H
SEC RE NCD 8.5% SR.I,1066.45,1063,H
OBSC PERFECTION LIMITED,154.9,152.5,H
SEC RE NCD 9.48% SR V,1000,960,H
GOI LOAN   7.09% 2074,101.5,100.02,H
GENESYS INTL CORPN LTD,924,892.5,H
MARKSANS PHARMA LIMITED,351.5,344,H
AJMERA REALTY & INF I LTD,1064.95,1025,H
COFORGE LIMITED,8744.5,8680,H
COMPUTER AGE MNGT SER LTD,4998.75,4969.85,H
AARVEE DEN. & EXP. LTD,73.99,72.54,H
PRITIKA ENG COMPO LTD,208,206.95,H
SWIGGY LIMITED,508,489.4,H
GOI TBILL 182D-30/01/25,98.82,98.62,H
KERNEX MICROSYS(I) LTD,1057.9,1017.7,H
WINDSOR MACHINES LIMITED,346.01,329.54,H
ADITYA BIRLA MONEY LTD,179.98,172.92,H
KIRLOSKAR PNEUMATIC COM L,1751.9,1734.85,H
HDFCAMC - HDFCLIQUID,1030,1020,H
UNSEC RED NCD 10.0% SR. V,1015,1009,H
SLONE INFOSYSTEMS LIMITED,280.35,276,H
ZAGGLE PREPA OCEAN SER L,490.85,486.25,H
DIGICONTENT LIMITED,55.47,54.39,H
REVATHI EQUIPMENT INDIA L,1940,1919.95,H
AMJ LAND HOLDINGS LIMITED,66.4,65.31,H
CIGNITI TECHNOLOGIES LTD,1690.3,1648.95,H
MACPOWER CNC MACHINES LTD,1472.55,1438.3,H
TV VISION LIMITED,25.38,24.89,H
ICDS LTD,54.73,53.51,H
GOI TBILL 364D-02/01/25,99.31,98.78,H
SRI ADHIKARI BRO TELE N L,1857.75,1821.35,H
S J LOGISTICS (INDIA) LTD,669,668,H
KARNIKA INDUSTRIES LTD,299,297.75,H
NEELAM LINENS & GAR (I) L,50.8,48.4,H
GOI TBILL 182D-23/01/25,98.92,98.73,H
GOI TBILL 364D-18/07/25,95.43,94.43,H
IND SWIFT LABORATORIES LT,94.71,96.65,L
CADSYS (INDIA) LIMITED,115.25,121.3,L
MITCON CON RS.2.50 PPD UP,54.3,58,L
SEC RE NCD SR III,925,969.24,L
BAL PHARMA LTD.,129.07,131.71,L
UNIPARTS INDIA LIMITED,407.1,407.35,L
ADANI ENERGY SOLUTION LTD,588,593.05,L
SHREEOSWAL S AND CHE LTD,19.1,19.3,L
GACM TECHNOLOGIES LIMITED,0.7,0.71,L
MANDEEP AUTO INDUSTRIES L,34.15,34.3,L
INDIAN PHOSPHATE LIMITED,78,78.05,L
NECTAR LIFESCIENCES LTD.,31.87,32.3,L
PULZ ELECTRONICS LIMITED,72.55,74,L
Z-TECH (INDIA) LIMITED,371.6,379.15,L
PODDAR HOUSE & DVPT LTD,63.22,64.5,L
RACHANA INFRA LTD,41.2,42.05,L
KONTOR SPACE LIMITED,118.4,120.8,L
LAKSHYA POWERTECH LIMITED,246.3,247.65,L
JSW HOLDINGS LIMITED,14298,15050.5,L
UNILEX COLOURS AND CHEM L,65.7,67,L
SANGANI HOSPITALS LIMITED,68.05,69.4,L
HOAC FOODS INDIA LIMITED,105,108,L
RULKA ELECTRICALS LIMITED,295,295.8,L
MANGALAM ORGANICS LIMITED,445.8,454.9,L
MEDICAMEN ORGANICS LTD,47,47.9,L
S A TECH SOFTWARE INDIA L,129.55,132.2,L
NANDAN DENIM LIMITED,4.76,4.81,L
VCCL 12% 2027 SR C,99000,99500,L
SANGINITA CHEMICALS LTD,14.5,14.95,L
TRUST FINTECH LIMITED,162.25,164,L
G-TEC JAINX EDUCATION LTD,31.87,33.55,L
TREE HOUSE EDU LTD,15.09,15.2,L
KRISHNA DEF AND ALD IND L,619,626.75,L
REFRACTORY SHAPES LIMITED,104.85,106.95,L
GOI LOAN   7.09% 2074,99.5,100.01,L
SAAKSHI MEDTEC N PANELS L,176.05,177,L
SECUR CREDENTIALS LIMITED,3.1,3.14,L
BRACE PORT LOGISTICS LTD,112.5,113.5,L
MORARJEE TEXTILES LIMITED,8.55,8.56,L
TRUCAP FINANCE LIMITED,18.28,18.66,L
SEC RE NCD 10.25% SR II,996,997,L
DEBOCK INDUSTRIES LIMITED,4.6,5.28,L
YATRA ONLINE LIMITED,101.21,103.1,L
FRANTEMAMC - FICRF3GP,0.16,0.18,L
PATTECH FITWELL TUB COM L,121.75,124.2,L
ESCONET TECHNOLOGIES LTD,394.85,402.9,L
KORE DIGITAL LIMITED,1836.35,1873.8,L
KAMDHENU VENTURES LIMITED,16.9,17.04,L
USHA FINANCIAL SERVICES L,115.1,116,L
ASTRON PAPER BORD MIL LTD,16.73,17,L
V MARC INDIA LIMITED,399.65,407.8,L
VAISHALI PHARMA LIMITED,15.57,15.73,L
SHEKHAWATI INDUSTRIES LTD,34.42,35.8,L
VARANIUM CLOUD LIMITED,15.1,15.25,L

