SYMBOL,SYMBOL P/E,ADJUSTED P/E
INDIANB,7.93,7.93
LAOPALA,30.73,30.73
JKTYRE,13.41,12.91
NCLIND,15.17,13.85
ICRA,42.47,42.47
PHOENIXLTD,43.96,43.95
ZENITHSTL,18.34,18.34
SRHHYPOLTD,14.81,13.46
KMSUGAR,13.85,13.85
TIMETECHNO,26.2,26.2
NELCAST,20.38,32.3
TARMAT,,127.79
MEGASOFT,218.17,218.17
ALPA,11.14,11.16
CENTRALBK,14.54,14.54
KPRMILL,40.32,40.32
MAGNUM,22.65,45.38
CERA,38.38,38.38
ADANIPOWER,13.31,13.31
AMRUTANJAN,43.34,43.34
SHILPAMED,131,138.64
DLINKINDIA,19.99,19.99
BEARDSELL,19.17,19.17
VASCONEQ,22.74,22.74
LGBBROSLTD,13.94,14.49
KSL,18.65,18.65
UMESLTD,231.79,231.79
BLISSGVS,19.55,8.6
PRAKASHSTL,3.89,85.39
ORISSAMINE,316.74,316.74
RAMKY,15.45,15.45
JWL,52.24,52.24
PRESTIGE,77.92,77.92
GRAVITA,54.77,54.77
KIRLOSENG,31.2,31.31
SHEKHAWATI,.82,8.21
HFCL,49.36,49.36
MUTHOOTFIN,16.17,16.17
OMINFRAL,49.83,49.83
DELPHIFX,22.78,22.78
DHANUKA,25.94,25.94
LTF,13.62,13.62
SDBL,20.68,20.68
HATSUN,78.36,78.36
SUPERHOUSE,18.68,35.74
GOODLUCK,20.79,20.79
APOLSINHOT,51.63,51.63
MOLDTKPAC,36.25,36.25
HESTERBIO,99.72,99.72
IMAGICAA,57.14,47.69
LFIC,4.95,4.95
UFO,103.32,103.32
PNCINFRA,6.22,6.22
THERMAX,75.36,87.03
RIIL,165.05,165.05
RAYMOND,19.65,19.35
SHREDIGCEM,17.01,17.01
SMLISUZU,19.54,19.54
FACT,,521.81
LMW,84.49,84.49
NELCO,111.9,111.9
LUMAXIND,41.42,41.42
KECL,86.68,302.3
KCP,9.44,9.12
INFY,29.62,29.62
IONEXCHANG,44.05,44.05
IFBIND,53.9,53.9
GNFC,19.85,19.85
BHARATFORG,68.62,62.15
FORCEMOT,22.92,22.92
ARVIND,32.06,32.07
TATAMOTORS,8.69,8.66
LINDEINDIA,132.37,132.37
ESCORTS,35.9,35.9
ASHOKLEY,23.98,24.4
ZUARIIND,1.45,
SUNDARMFIN,28.98,27.85
VEDL,11.07,12.48
PFIZER,38.97,39.39
BATAINDIA,50.5,72.36
CARBORUNIV,61.01,61.01
BALMLAWRIE,19.21,19.21
MOTOGENFIN,59.32,59.32
RAMCOCEM,82.75,82.75
PGHL,40.4,38.81
ABREL,96.84,96.84
TORNTPHARM,60.58,63.15
EPL,33.98,32.47
VLSFINANCE,4.26,4.26
BALRAMCHIN,28.22,28.22
AEGISLOG,41.27,41.27
UNICHEMLAB,,105.19
BBOX,57.74,44.79
PRECOT,16.27,20.27
SANDESH,5.55,5.56
ASHIMASYN,6.11,6.11
ADANIENT,42.67,41.24
GVT&D,118.26,118.26
ONGC,7.81,7.56
TAINWALCHM,67.71,67.71
JINDALPOLY,15.77,28.55
BSL,20.46,20.46
APCOTEXIND,36.37,36.37
RCF,45.06,48.99
TATAPOWER,39.69,38.2
SUNFLAG,24.61,24.61
SIEMENS,94.9,94.9
TOKYOPLAST,131.85,131.85
SANOFI,33.6,31.27
HEIDELBERG,37.15,37.15
MANGLMCEM,43.92,43.92
PIDILITIND,79.35,77.35
HONDAPOWER,44.97,47.58
RUBYMILLS,21.41,21.41
IDBI,13.09,13.09
BRITANNIA,56.49,55.95
DCMSHRIRAM,34.68,34.68
COSMOFIRST,19.53,19.53
HEROMOTOCO,22.48,22.48
HARRMALAYA,,146.4
ITC,28.69,28.67
HINDCOMPOS,21,21
OSWALGREEN,144.67,144.67
HUHTAMAKI,5,26.79
RICOAUTO,30.61,29.84
IFBAGRO,207.18,207.18
SIYSIL,18.28,18.28
PRECWIRE,38.72,38.72
NCC,21.52,21.02
SEAMECLTD,18.98,20.01
BBTC,9.24,9.06
GICHSGFIN,6.93,6.93
BANARBEADS,29.91,29.91
WSTCSTPAPR,7.26,7.26
PRUDMOULI,29.41,27.41
PRAJIND,49.13,53.04
EVERESTIND,121.14,161.05
TRANSWORLD,136.34,136.34
PGHH,76.41,76.41
BOMDYEING,1.23,
NAVNETEDUL,4.05,14.92
AGI,22.2,22.2
GLAXO,60.07,53.73
TATACONSUM,75.86,64.23
INDHOTEL,69.22,82.17
LYKALABS,175.41,173.77
GILLETTE,72.42,72.42
FOSECOIND,40.27,40.44
GABRIEL,29.59,29.59
AMJLAND,20.07,20.07
KOPRAN,19.58,19.58
GODFRYPHLP,42.01,39.76
TIMKEN,63.35,63.35
SHREECEM,52.02,52.02
AKZOINDIA,37.75,37.75
GSFC,15.35,15.43
FINCABLES,24.54,35.22
DCM,33,33
HEUBACHIND,34.95,34.95
BHARATGEAR,33.75,
NAVA,9.96,10.71
AUTOAXLES,17.35,17.35
SWARAJENG,24.95,24.95
ANDHRSUGAR,40.59,37.8
AUSOMENT,13.66,13.66
JAYAGROGN,14.99,14.99
SILINV,22.12,22.12
BIOFILCHEM,188.8,188.8
MOTHERSON,31.71,31.71
SOMATEX,1.68,147.29
STERTOOLS,36.84,36.84
HITECHGEAR,26.62,26.57
SHRIRAMFIN,14.42,14.42
MIRZAINT,43.29,43.29
GUJAPOLLO,29.15,29.15
JCHAC,180.17,117.3
GUJRAFFIA,36.49,36.49
KOTHARIPET,17.77,17.69
BANKBARODA,6.46,6.46
INDNIPPON,22.12,22.12
CONCOR,38.7,37.91
KCPSUGIND,6.21,7.28
ADROITINFO,12.6,12.6
JAICORPLTD,87.49,87.49
MAHAPEXLTD,36.93,55.48
ASAHIINDIA,52.72,52.72
SOUTHBANK,4.99,4.99
ITDCEM,25.22,25.22
CYIENT,30.31,28.78
CYBERTECH,21.67,21.67
GOACARBON,16.18,16.18
SANGHVIMOV,15.25,15.25
RSSOFTWARE,22.53,22.53
NATIONALUM,14.49,16.12
ALEMBICLTD,26.32,26.32
ICDSLTD,42.76,42.76
BSOFT,26.48,26.48
STAR,44.1,41.01
ZYDUSLIFE,22.31,22.31
RAJESHEXPO,177.37,177.37
SHREERAMA,42.33,42.33
IOB,33.46,33.46
GEPIL,138.02,138.02
AJANTPHARM,42.78,42.78
CALSOFT,44.87,44.87
PNBGILTS,9.45,9.72
CHENNPETRO,13.6,13.6
KRBL,15.86,15.86
ACLGATI,150.59,
UNITDSPR,77.39,76.29
BHARTIARTL,87.23,74.59
APTECHT,48.23,42.1
OFSS,40.85,40.85
OMAXAUTO,6.7,
MARUTI,24.97,24.97
BAGFILMS,283.39,283.39
WELSPUNLIV,20.37,20.37
IGL,14.89,14.89
UNIENTER,348.09,348.09
PTC,9.87,9.64
MAHABANK,8.71,8.71
RKFORGE,47.25,47.17
CENTEXT,22.58,22.92
TCS,33.04,32.55
COFORGE,68.09,68.82
ASTRAMICRO,59.58,59.58
PATELENG,13.14,16.2
CONSOFINVT,7.03,7.03
EVEREADY,36.85,36.85
ALLDIGI,20.03,24.61
SHOPERSTOP,393.39,322.57
CYBERMEDIA,22.79,33.54
63MOONS,46.42,46.42
YESBANK,35.22,35.22
GOLDIAM,35.81,35.81
FCSSOFT,,59.14
AURIONPRO,54.77,54.77
NAHARINDUS,26.68,25.46
ORIENTCER,34,38.53
VIMTALABS,38.46,38.46
ROHLTD,18.7,18.7
GSPL,9.13,9.31
JKCEMENT,39.2,44.91
M&MFIN,15.76,15.76
KEI,58.88,58.87
SOLARINDS,87.42,87.42
SUNTV,16.22,16.22
EMKAY,12.39,12.39
KAMDHENU,21.51,21.51
EMAMILTD,36.96,36.73
TECHM,51.63,51.77
ANANTRAJ,64.39,64.39
ALICON,23.99,23.99
GESHIP,5.61,5.61
LTFOODS,22.21,22.21
VENUSREM,18.18,18.18
PARACABLES,21.63,21.63
VEEDOL,23.9,23.9
PTL,18.09,18.09
UNOMINDA,77.66,80.09
TIIL,21.23,20.7
REDINGTON,13.21,13.21
NAHARPOLY,144.02,144.02
BANSWRAS,21.28,21.28
NDLVENTURE,354.2,354.2
FORTIS,72.64,68.72
WEBELSOLAR,,97.51
V2RETAIL,105.56,105.56
CIEINDIA,22.15,22.15
INDOWIND,40.37,40.37
KSCL,15.14,15.14
MANGCHEFER,16.33,16.33
RELIGARE,26.5,64.27
EDELWEISS,17.74,17.74
RGL,22.25,22.25
COLPAL,54.67,54.67
ECLERX,30.93,30.85
TARIL,118.36,118.36
DVL,39.08,39.08
PATINTLOG,23.93,23.93
ARIES,17.36,17.36
CEATLTD,22.35,20.78
RPOWER,13.27,
KNRCON,7.37,7.29
SEPC,153.85,153.85
NAHARCAP,13.88,13.88
VGUARD,60.96,60.96
DPSCLTD,93.11,93.11
TITAGARH,49.43,49.16
BAJAJ-AUTO,32.43,32.43
RPGLIFE,47.51,42.78
RANEENGINE,17.67,14.93
VINYLINDIA,25.74,25.74
ZFCVINDIA,66.66,66.66
TPHQ,18.74,18.74
HINDNATGLS,2.91,1.19
MHRIL,63.59,63.59
EXCEL,111.49,111.49
GLOBUSSPR,39.76,39.76
EXPLEOSOL,19.13,19.13
RTNPOWER,.69,
REFEX,51.44,51.53
AHLUCONT,19.43,33.37
HINDCOPPER,67.07,67.07
NESTLEIND,67.42,68.75
WHIRLPOOL,74.78,71.57
THANGAMAYL,57.01,57.01
HATHWAY,41.65,41.29
KIRLOSBROS,45.15,45.29
MANAPPURAM,5.81,5.81
TI,42.69,40.79
BAJAJCON,20.56,20.56
GPPL,24.54,22.6
KILITCH,34.96,34.96
CAREERP,12.14,12.14
CANTABIL,31.53,32.16
BEDMUTHA,19.59,19.59
COALINDIA,7.38,7.38
JINDWORLD,76.62,76.62
A2ZINFRA,23.94,
KICL,37.6,49.49
PFS,17.43,17.43
RELAXO,88.5,88.5
ASHIANA,96.59,96.59
INVENTURE,15.19,13.12
BODALCHEM,572.54,572.54
FILATEX,24.83,24.83
VASWANI,13.96,13.96
SHAKTIPUMP,31.72,31.72
JISLDVREQS,1.68,1.68
RUPA,27.48,26.49
APLAPOLLO,70.56,70.56
THOMASCOTT,20.16,20.16
IRFC,29.44,29.44
COMPUSOFT,145.06,145.06
RHIM,,42.26
NBCC,52.41,44.35
TBZ,24.45,24.45
SWANENERGY,31.67,31.67
RTNINDIA,12.15,12.15
THEJO,42.05,42.05
MAYURUNIQ,18.62,18.62
DUCON,21.4,21.4
TVSHLTD,11.23,11.23
CARERATING,38.63,38.63
INDUSTOWER,11.92,11.92
PILITA,66.32,66.32
MITCON,17.7,17.7
JPOLYINVST,31.19,31.19
AGRITECH,11.67,11.67
IREDA,35.44,35.44
AGARIND,12.73,12.73
GOCLCORP,29.74,29.06
PDSL,34.61,35.29
MONTECARLO,31.55,31.55
GULPOLY,51.21,51.21
LAMBODHARA,23.47,23.47
GREENLAM,58.99,58.99
LINC,25.92,25.92
JMA,9.07,9.07
MANAKCOAT,35.45,37.69
INOXWIND,134.33,124.55
AVANTIFEED,17.49,17.49
PRIVISCL,52.58,52.58
ARROWGREEN,23.13,23.13
ALANKIT,21.94,21.94
AYMSYNTEX,48.91,77.56
SATIN,4.38,4.38
SHARDAMOTR,18.58,18.58
GUJGASLTD,25.84,26.76
INDIGO,24.63,24.63
PERFECT,63.28,63.28
SALZERELEC,27.04,27.04
ALKEM,30.34,29.63
PRECAM,62.09,88.62
BHAGERIA,32.58,32.58
SEQUENT,180.54,156.69
KDDL,25.35,25.33
WEALTH,29.51,29.51
SAGARDEEP,46.24,46.24
UNITEDPOLY,30.19,30.19
ALBERTDAVD,10.57,10.57
NAGAFERT,.27,.27
CONTROLPR,23.31,23.34
MGL,10.18,10.18
GPTINFRA,28.35,28.35
SOMICONVEY,35.08,35.08
LLOYDSENGG,81.95,81.95
LTIM,39.61,39.61
ADVENZYMES,30.16,28.14
NDGL,26.71,26.71
BIGBLOC,72.32,72.32
MBAPL,69.76,69.76
GNA,17.86,17.86
MARATHON,19.54,19.54
JAIPURKURT,10.83,10.83
SAKAR,51.57,51.57
AURDIS,13.45,13.45
PANSARI,55.16,55.16
ARTNIRMAN,116.23,116.23
ENDURANCE,43.97,43.97
PNBHOUSING,13.29,13.29
PODDARMENT,14.37,14.37
JETFREIGHT,8.02,11.19
TCIEXP,28.68,28.68
LIBAS,4.84,4.84
PROLIFE,14.99,14.99
CAPTRUST,83.7,83.7
MAHESHWARI,12.61,12.61
MCL,20.84,20.84
PRICOLLTD,34.29,34.29
STEELCITY,10.66,10.66
KRISHANA,30.05,30.05
GLOBAL,12.28,12.28
NITIRAJ,27.46,27.46
SANGINITA,100.67,100.67
RADIOCITY,68.37,68.37
INTENTECH,16.64,16.64
EIFFL,231.12,231.12
NRAIL,9.82,9.82
CREATIVE,22.9,22.9
DEVIT,21.83,21.83
MKPL,23.27,23.27
BHAGYANGR,30.83,30.83
JALAN,,6.86
VSCL,116.82,116.82
GLOBE,13.29,14.65
TEJASNET,50.21,50.21
DYNPRO,43.5,43.5
THEINVEST,32.27,32.27
WEWIN,32.18,32.18
SMSLIFE,15.91,15.91
VAISHALI,96.12,96.12
GEEKAYWIRE,12.21,12.21
SERVOTECH,194.34,194.34
PASHUPATI,148.65,148.65
CHOLAHLDNG,6.49,6.49
WORTH,11.21,11.21
SBILIFE,69.21,69.21
AARVI,19.65,19.65
TIRUPATI,75.69,75.69
AIROLAM,71.18,71.18
RKEC,9.65,9.65
JASH,47.05,47.03
CMMIPL,16.3,16.3
OMFURN,23.54,23.54
MASFIN,17.78,17.78
NAM-INDIA,33.9,33.9
HDFCLIFE,86.87,86.87
SILVERTUC,48.18,48.18
ZODIAC,54.68,54.68
INNOVANA,28.04,28.04
SHALBY,45.83,45.83
ONEPOINT,55.94,55.94
AJOONI,54.54,54.54
BCONCEPTS,69.29,69.29
APOLLO,61.42,61.42
AMJUMBO,648.53,648.53
SINTERCOM,366.46,366.46
SOUTHWEST,41.24,43.48
ARVEE,75.16,75.16
ASTERDM,48.36,48.36
HINDCON,43.75,43.75
SARVESHWAR,42.61,42.61
MACPOWER,47.22,47.22
SUNDARMHLD,31.03,31.03
HAL,34.42,34.43
MITTAL,34.23,50.29
GIRIRAJ,80.55,80.55
KAPSTON,43.89,43.89
CONTI,21.23,
LEMONTREE,55.57,55.57
AVG,15.7,23.75
MMP,27.17,27.17
NARMADA,20.07,20.07
PIGL,44.93,44.93
BSHSL,65.47,65.47
MAHICKRA,45.98,45.98
AAKASH,20.71,20.71
GODHA,43.54,43.54
SOFTTECH,175.24,175.24
E2E,228.33,228.33
INDOSTAR,36.19,36.19
SIRCA,38.76,38.76
SVLL,215.85,215.85
LATTEYS,129.39,129.39
SONAMLTD,54.72,54.72
PRITI,29.31,29.31
ACCURACY,15.05,15.05
FINEORG,35.36,35.32
GANGAFORGE,141.53,144
REPL,24.29,24.29
HBSL,3.17,3.17
AVROIND,46.83,46.83
CREDITACC,11.64,11.64
AARON,48.09,48.09
SUMIT,43.24,43.24
LAGNAM,13.94,13.94
RPPL,20.83,20.83
AKG,50.62,50.62
IRCON,22.17,22.17
AHLADA,9.34,9.34
SPECTRUM,127.92,127.92
RAJMET,152.31,152.31
KSHITIJPOL,33.39,
GRSE,45.84,45.84
SILGO,19.61,19.61
VINNY,39.71,39.71
MARINE,89.34,89.65
ATGL,93.08,93.08
TECHNOE,53.45,53.45
SHUBHLAXMI,18.44,18.44
SHRIRAMPPS,26.42,26.42
DALBHARAT,43.91,38.86
MSTCLTD,22.47,22.31
ANUP,59.77,59.77
ARVINDFASN,58.81,56.85
KHFM,56.24,56.24
RVNL,70.22,70.22
METROPOLIS,74.44,74.44
KPITTECH,51.82,51.82
NEOGEN,136.08,136.08
CONFIPET,31.65,31.65
INDIAMART,29.58,29.58
DCMNVL,68.12,223.61
WEL,155.79,155.79
CHEMCON,44.58,44.58
SPANDANA,27.53,27.53
DOLATALGO,8.87,8.87
UJJIVANSFB,5.56,5.56
MAZDOCK,35.04,35.04
SECL,253.3,253.3
SAFARI,76.52,76.52
DCI,34.01,34.01
IIFLSEC,14.14,14.14
SAMHI,,154.29
GREENPANEL,42.52,42.52
APOLLOPIPE,60.5,60.5
MGEL,14.53,13.46
ROUTE,23.18,24.33
HOMEFIRST,28.82,28.82
CSBBANK,9.61,9.61
EQUITASBNK,15.99,15.99
ROSSARI,33.12,33.12
HINDWAREAP,1003.42,1003.42
ESAFSFB,71.64,28.25
LIKHITHA,20.72,20.72
ARTEMISMED,68.39,68.39
SUMICHEM,56.04,56.04
LGHL,56.07,59.17
ASALCBR,29.53,29.53
SUVENPHAR,134.92,134.92
STOVEKRAFT,75.58,75.58
KSOLVES,31.54,31.54
HAPPSTMNDS,47.69,49.82
GLAND,41.47,41.47
BOROLTD,77.2,77.2
MAXHEALTH,90.49,90.49
PAVNAIND,64.8,64.8
KALYANKJIL,114.26,114.26
BTML,52.97,52.95
SHAREINDIA,13.51,13.49
SIGACHI,24.17,24.17
ANGELONE,19.93,19.93
SURYODAY,6.34,6.34
UTIAMC,17.74,17.74
BECTORFOOD,75.98,75.98
ORCHPHARMA,67.56,67.56
INDIGOPNTS,50.21,50.21
LXCHEM,53.19,53.19
MTARTECH,142.03,142.03
ANURAS,73.63,73.63
STYLAMIND,33.13,32.93
CLSEL,15,15
CARYSIL,33.67,33.67
SHAILY,69.2,69.2
MODISONLTD,27.12,27.09
FIBERWEB,12.99,12.99
BCLIND,14.37,14.37
BHAGCHEM,191.21,191.21
SBCL,42.05,42.05
SMCGLOBAL,7.15,7.15
QMSMEDI,18.72,18.72
NPST,173.56,173.56
ARIHANTCAP,13.29,13.29
NAZARA,85,84.23
IPL,29.91,29.91
GENCON,17.54,17.54
LODHA,61.16,58.44
HLEGLAS,61.33,58.9
SONACOMS,74.08,73.02
UTKARSHBNK,7.5,7.5
DRCSYSTEMS,21.05,21.05
PARAS,98.35,98.35
CRAFTSMAN,44.65,44.65
DODLA,34.24,34.24
JUBLINGREA,67.43,67.4
ROLEXRINGS,34.61,31.15
WALPAR,16.82,16.82
SHYAMMETL,27.94,27.94
KIMS,65.82,65.82
MAKS,111.28,56.54
JSFB,5.97,5.97
TATVA,112.02,112.02
CLEAN,53.31,53.31
GLS,30.91,30.91
ABSLAMC,27.21,27.21
DEEPINDS,22.41,22.48
ZOMATO,333.58,333.58
PIXTRANS,29.89,29.89
MEDIASSIST,47.31,47.31
WINDLAS,34.96,34.96
CARTRADE,64.31,64.31
KRSNAA,46.58,46.58
DEVYANI,,774.22
APTUS,22.94,22.94
SUPRIYA,40.62,40.62
ANMOL,11.95,11.95
BMETRICS,18.31,18.31
VIJAYA,89.11,88.12
AMIORG,91.81,91.57
IWEL,77.14,70.94
SANSERA,49.11,49.11
BAJAJHCARE,,32.16
PRITIKAUTO,20.09,20.09
AAREYDRUGS,25.68,25.68
GRINFRA,13.47,17.08
INTLCONV,6.2,6.2
STEELCAS,25.14,25.14
HPAL,35.95,35.95
UGROCAP,16.65,16.65
STARHEALTH,31.23,31.23
KPIGREEN,43.21,42.82
SGIL,50.64,50.64
SJS,35.22,35.22
FINOPB,31.81,31.81
NYKAA,862.97,862.97
AWL,39.56,39.56
SAPPHIRE,734.02,394.51
DKEGL,10.71,10.71
QUADPRO,28.27,28.27
PRUDENT,71.84,71.84
NUVOCO,247.13,247.13
TRACXN,3043.34,3043.34
COASTCORP,1006.55,1006.55
MEDPLUS,89.43,89.43
RATEGAIN,43.15,43.15
LATENTVIEW,53.58,53.58
MICEL,35.83,35.83
PASUPTAC,10.11,10.11
PARADEEP,23.49,23.49
JAINAM,22.49,22.49
ABMINTLLTD,985.52,985.52
KRITI,38.63,38.63
MANYAVAR,85.36,85.36
GVPTECH,66.2,66.2
MEDICAMEQ,99.09,99.09
FOCE,42.3,42.3
EMIL,36.31,36.31
PRECISION,17.03,17.03
DATAPATTNS,71.29,71.29
COOLCAPS,172.82,172.68
AHL,19.52,19.52
MALLCOM,26.86,26.86
SMLT,37.15,37.15
RADIANTCMS,18.63,18.63
EUROBOND,29.99,29.99
HARIOMPIPE,29.48,29.48
CAPITALSFB,10.65,10.65
DCMSRIND,12.94,12.94
EMUDHRA,90.74,90.74
DYCL,49.72,49.72
STARTECK,23.37,23.37
VIRINCHI,34.18,34.18
DHRUV,44.47,44.47
ELIN,62.62,62.62
SHIGAN,30.93,30.93
MADHAVBAUG,50.67,50.67
MHLXMIRU,12.83,12.83
RELCHEMQ,64.24,64.24
GATEWAY,18.35,18.35
ZIMLAB,33.17,33.17
CAMPUS,84.34,84.34
RAINBOW,71.87,71.87
AETHER,133.45,68
ROTO,41.98,41.98
GSTL,59.2,59.2
INDOBORAX,14.45,14.45
RACE,125.76,125.76
AVONMORE,13.46,13.46
DREAMFOLKS,31.17,31.17
AGSTRA,106.4,106.4
SONUINFRA,9.31,9.31
LEMERITE,163.09,163.09
DHARMAJ,24.65,24.65
OBCL,62.54,62.54
KCK,217.57,217.57
LICI,13.82,13.82
INDOAMIN,23.11,23.11
PROPEQUITY,22.87,22.87
INOXGREEN,178.37,178.37
FEDFINA,13.15,13.15
BIKAJI,67.77,67.77
RITCO,30.83,30.83
SURAJEST,29.07,29.07
VEEKAYEM,29.85,29.85
CHEVIOT,9.32,9.32
HMAAGRO,20.8,20.8
MWL,15.81,15.81
KFINTECH,66.21,66.21
DCXINDIA,65.97,65.97
YATRA,90.58,90.58
ARISTO,22.13,22.13
NGLFINE,27.42,27.42
SABAR,5.74,5.74
FIDEL,31.23,31.23
AXITA,34.97,34.97
PLAZACABLE,161.91,161.91
SENCO,43.4,43.4
RADHIKAJWE,23.23,23.23
SPLPETRO,32.34,32.34
RAMRAT,40.4,40.4
CSLFINANCE,9.74,9.74
AGNI,165.6,165.6
KORE,61.5,61.33
GOYALALUM,64.14,64.14
RUSTOMJEE,65.93,65.93
GENSOL,43.71,43.65
DBOL,79.92,79.92
KANDARP,36.86,36.86
GSLSU,111.15,111.15
SPORTKING,12.92,12.92
ALLETEC,46.48,46.48
MANORAMA,120.06,120.06
INNOVACAP,50.39,50.39
GRMOVER,18.88,18.88
SYNCOMF,55.81,55.78
DJML,60.74,60.74
BAHETI,40.12,40.12
SULA,39.47,39.47
SIGNATURE,339.84,339.84
KRITINUT,13.34,13.34
MEGAFLEX,35.73,35.73
KALAMANDIR,29,29
AVALON,207.92,207.92
RITEZONE,14.09,14.09
CONCORDBIO,65.97,65.97
BAIDFIN,20.2,20.2
QUICKTOUCH,10.19,10.19
AMIABLE,9.78,9.78
BLUEJET,54.32,52.17
MVGJL,12.72,12.72
JIWANRAM,18.64,18.64
SCPL,16.87,16.87
SUKHJITS,15.13,15.13
FROG,36.16,36.16
MANKIND,48.66,48.66
SKYGOLD,71.62,71.62
SATINDLTD,17.38,17.36
DIVGIITTS,61.26,61.26
USK,15.24,15.24
ANLON,44.02,44.02
MOTISONS,73,73.78
SRIVASAVI,23.53,23.53
DIACABS,249.2,255.43
IKIO,36.83,36.83
MANOMAY,19.82,19.82
FAZE3Q,27.74,27.74
LLOYDSME,34.14,34.14
AARTIPHARM,24.88,24.88
RHL,41.82,41.82
SAHYADRI,15.45,15.45
SAHANA,99.88,99.88
NINSYS,48.05,48.05
DUCOL,31.86,31.86
SBFC,31.39,31.39
SBGLP,114.81,114.81
ASMS,189.74,215.5
SHERA,50.49,50.49
LRRPL,85.86,85.86
ZAGGLE,80.47,80.47
GANDHAR,17.81,17.81
AGARWALFT,45.33,45.33
HONASA,93.67,93.67
RISHABH,77.78,77.78
IRMENERGY,22.41,22.41
SAH,314.21,314.21
DENEERS,21.36,21.36
CYIENTDLM,74.42,74.42
AGUL,16.22,16.22
AKI,95.09,147.98
RPTECH,12.88,13.49
SYSTANGO,17.14,17.14
RATNAVEER,35.13,35.13
SECMARK,47.08,47.08
AUROIMPEX,18.66,18.66
SOTAC,31.23,30.59
IDEAFORGE,194.81,194.81
SHRITECH,9.75,9.75
INFINIUM,45.13,45.13
AARTECH,69.51,69.51
KRISHCA,30.9,30.9
DOLPHIN,94.59,97.04
TATATECH,59.13,59.13
REDTAPE,71.23,71.23
PENTAGON,21.43,21.43
SEL,71.98,71.98
TRIDHYA,14.21,14.21
PROV,58.75,58.75
PTCIL,389.04,389.04
PYRAMID,28.54,28.54
MAGSON,34.85,34.85
AEROFLEX,53.56,53.56
EFACTOR,24.18,24.18
GHCLTEXTIL,18.92,18.92
VPRPL,29.25,29.25
DENTALKART,56.92,56.92
SYNOPTICS,16.09,16.09
KIRLPNU,56.75,54.99
RRKABEL,62.81,62.81
COMMITTED,11.54,11.54
JLHL,54.07,54.53
NUVAMA,28.09,28.09
DRONE,63.26,63.26
SERVICE,39.72,39.72
KEL,48.91,48.91
NIITMTS,27.12,26.58
VINSYS,20.8,20.8
MARINETRAN,64.51,64.51
SAROJA,29.93,29.93
ORIANA,44.82,44.82
ASKAUTOLTD,42.67,42.67
CHAVDA,16.32,16.32
BAWEJA,32.62,32.62
SANDUMA,22.05,22.05
PLADAINFO,10.42,10.42
OLIL,22.53,22.53
KODYTECH,129.38,129.38
KARNIKA,22.93,22.93
SCML,18.23,18.23
MUFIN,101.42,98.74
MAL,14.5,14.5
HIGREEN,60.73,60.73
FLAIR,26.14,26.14
CELLECOR,49.55,49.55
MUTHOOTMF,7.65,7.65
JIOFIN,176.32,176.32
NEWJAISA,45.95,45.95
GOYALSALT,22.38,22.38
RCDL,33.37,33.37
BLSE,40.59,40.59
HOLMARC,47.34,47.34
TREL,5.11,32.66
MARCO,41.81,41.81
VISHNUINFR,23.98,23.98
EPACK,73.46,73.46
IBLFL,65.29,65.29
INDIASHLTR,22.43,22.43
CELLO,45.9,45.9
CANARYS,20.6,20.6
DIGIDRIVE,26.33,26.33
DOMS,93.09,93.09
MAITREYA,53.33,53.33
DIGIKORE,28.92,28.92
AMNPLST,34.97,34.97
SARTELE,42.62,42.62
VINYAS,132.17,132.17
SAIFL,12.03,12.03
PARAGON,21.26,21.26
INOXINDIA,53.02,53.02
GRAPHISAD,18.5,17.92
SHEETAL,27.31,27.31
ROXHITECH,11.32,11.32
JYOTICNC,102.68,100.14
BAJEL,144.56,120.18
APS,62.93,62.93
TECHLABS,118.16,118.16
SIGNPOST,27.81,27.81
ROCKINGDCE,41.16,41.16
BABAFP,16.07,16.07
SHREEOSFM,20.61,20.61
MEGATHERM,25.85,25.85
KLL,17.43,17.43
AZAD,145.11,145.11
KONSTELEC,17.55,17.55
FONEBOX,39.36,39.36
ITALIANE,22.36,22.36
SUPREMEPWR,35.9,35.9
KCEIL,38.58,38.58
ACCENTMIC,15.85,15.85
COMSYN,32.15,32.15
LAWSIKHO,60.94,60.94
DAVANGERE,45.86,45.86
MAXPOSURE,46.7,46.7
DELAPLEX,17.1,17.1
RELIANCE,22.72,22.72
BOSCHLTD,49.52,51.64
DEEPAKFERT,23.76,23.76
MAHSEAMLES,10.21,10.18
DICIND,121.58,56.92
VTL,18.09,18.09
HONAUT,69.47,69.47
SUNPHARMA,37.95,37.43
ARE&M,23.25,23.25
INDBANK,18.66,18.66
NEULANDLAB,68.54,72.64
BERGEPAINT,51.79,51.84
KPIL,35.26,35.26
NKIND,464.71,464.71
HSCL,51.04,51.04
ARENTERP,15.31,15.31
THOMASCOOK,32.49,32.49
BHARATRAS,35.16,35.17
JUBLPHARMA,32,26.31
SOMANYCERA,31.18,32.48
HLVLTD,45.35,49.97
KAJARIACER,49.17,49.14
PCBL,31.04,31.04
JINDALSAW,10.47,10.47
STYRENIX,19.73,19.73
CANFINHOME,13.33,13.33
DABUR,52.89,52.89
JAYSREETEA,30.33,
ESABINDIA,54.45,54.45
ANDHRAPAP,10.11,10.11
PRAKASH,8.63,8.63
HEG,58.38,58.38
GLFL,169.18,169.18
IPCALAB,59.31,63.46
HINDUNILVR,56.64,56.57
EIDPARRY,11.07,11.07
BIRLACORPN,28.5,29.11
GREENPLY,33.66,36.76
PEARLPOLY,36.24,36.24
NATCOPHARM,12.49,12.49
GARFIBRES,40.59,40.59
TTKPRESTIG,54.83,54.83
SKFINDIA,43.71,43.71
EIMCOELECO,28.47,28.47
CUBEXTUB,27.73,27.73
SAMBHAAV,34.9,39.43
KEYFINSERV,6.02,6.02
SANGAMIND,47.34,40.36
CREST,14.65,14.65
WENDT,76.84,76.84
TVSSRICHAK,43.2,40.32
PUNJABCHEM,30.95,30.95
GANESHHOUC,20.99,20.99
MPHASIS,35.65,35.65
INDRAMEDCO,26.75,26.75
SKMEGGPROD,13.5,13.5
HUDCO,17.28,17.28
REPRO,260.11,260.11
GAEL,16.74,16.74
TIPSMUSIC,74.14,74.14
HIKAL,65.49,65.49
SMARTLINK,24.63,24.63
PNB,8.95,8.95
UNIONBANK,6.08,6.08
DIVISLAB,87.8,87.8
UCOBANK,24,24
JAIBALAJI,18.77,18.77
SIL,42.19,42.19
BIOCON,22.38,23.1
POONAWALLA,67.75,67.75
EXCELINDUS,24.62,24.62
AMBICAAGAR,8.29,8.29
TEXINFRA,367.62,367.62
WELENT,18.62,18.62
INDOCO,98.92,124.21
JSWSTEEL,45.05,43.52
SAKSOFT,29.79,29.79
WELCORP,23.34,23.1
PRIMESECU,24.32,26.29
GEOJITFSL,18,18
RML,572.27,333.03
INSPIRISYS,29.96,29.96
TORNTPOWER,32.31,32.31
SOBHA,319.66,319.7
PLASTIBLEN,18.46,18.46
WANBURY,14.24,27.52
IZMO,13.01,12.51
PGIL,26.95,27.03
PFC,7.26,7.26
NILKAMAL,25.9,25.9
ICIL,20.81,20.81
ELGIEQUIP,63.98,63.98
AUROPHARMA,19.81,19.45
EIHOTEL,34,33.49
LICHSGFIN,7.01,7.01
BEPL,17.4,17.4
MOREPENLAB,31.22,31.22
21STCENMGM,1.73,1.73
VENKEYS,22.1,22.1
GHCL,10.4,10.4
HIL,88.86,37.54
BPL,27.13,27.13
VESUVIUS,41.27,41.27
TFCILTD,16.54,16.54
GTL,1.26,3.87
ZEEL,28.93,26.05
CHOLAFIN,27.74,27.74
FMGOETZE,15.1,15.1
ORIENTHOT,76.94,76.94
KANSAINER,36.42,36.42
3MINDIA,59.7,59.7
SCHAEFFLER,58.49,58.28
RALLIS,42.51,42.51
MFSL,97.62,97.62
GREAVESCOT,234.43,
SURYAROSNI,18.33,18.33
TATAINVEST,119.36,119.36
SAKHTISUG,4.71,
INGERRAND,59.96,59.96
HINDZINC,23.91,23.74
GRASIM,20.32,19.32
AMBUJACEM,31.52,32.26
DCW,331.38,298.08
CESC,15.44,15.44
BHEL,503.12,503.12
BAJFINANCE,26.64,26.64
TNPL,15.65,15.65
REMSONSIND,38.16,39.32
DALMIASUG,12.42,12.42
KHAITANLTD,9.97,9.97
MRF,27.04,27.04
TNPETRO,19.51,16.3
STARPAPER,5.57,5.43
MARICO,50.45,50.45
SUNDRMBRAK,47.59,47.59
AARTIDRUGS,27.22,27.22
INDIANCARD,2.09,
DENORA,36.16,36.16
DYNAMATECH,53.73,98.01
MMFL,16.76,16.83
JAGSNPHARM,75.97,68.75
RUCHINFRA,156.4,156.4
HERITGFOOD,25.23,24.85
MADRASFERT,19.47,11.88
BANKINDIA,6.52,6.52
SAREGAMA,49.56,49.56
FDC,26.33,26.33
ENGINERSIN,37.18,37.18
GMDCLTD,17.12,17.12
INDUSINDBK,9.65,9.65
TRIGYN,70.37,59.51
J&KBANK,5.27,5.27
CUB,12.55,12.55
ASTRAZEN,197.11,89.54
AXISBANK,12.67,12.67
SONATSOFTW,60.68,4.7
KOKUYOCMLN,65.58,65.58
DHANBANK,33.86,33.86
STCINDIA,19,12.18
IVC,70.55,70.55
JINDALSTEL,18,18
NIPPOBATRY,2.57,2.57
HCLTECH,30.61,30.61
ACCELYA,23.44,23.5
NRBBEARING,10.58,26.72
MOTILALOFS,16.1,16.1
CENTUM,,403.59
DELTACORP,19.72,26.53
ADANIPORTS,24.5,23.34
OIL,9.93,9.94
ZYDUSWELL,38.51,39.24
DBCORP,12,12
TRF,17.36,17.36
UNITEDTEA,12.57,12.57
EMMBI,25.77,25.77
TEXMOPIPES,59.21,15.52
ISFT,18.52,18.52
HMVL,27.07,27.07
IITL,10.44,13.81
WELINV,89.69,89.69
SASTASUNDR,,6.86
WABAG,40.23,40.02
RESPONIND,35.73,35.73
RPPINFRA,11.55,11.55
MOIL,17.8,17.8
SUMMITSEC,32.51,29.8
DHUNINV,26.47,26.47
PIIND,35.21,35.21
RUSHIL,20.98,20.98
SREEL,24.48,24.48
GULFOILLUB,16.34,16.34
CIGNITITEC,31.98,31.35
GRPLTD,75.13,69.09
GANECOS,69.94,69.94
MANAKSTEEL,33.82,34.57
VIPULLTD,1.44,1.43
NILAINFRA,22.9,22.9
PENINLAND,25.81,25.67
WHEELS,19.54,19.54
PREMIERPOL,25.41,25.41
SESHAPAPER,10.54,10.54
SUNDRMFAST,43.8,43.8
EXIDEIND,42.95,42.95
ELECON,36.91,36.91
CRISIL,58.68,58.68
PEL,,52.57
MASTEK,26.71,27.31
MAHSCOOTER,66.83,69.68
TRENT,141.46,205.01
CUMMINSIND,56.86,56.81
JAYBARMARU,38.94,38.94
JBCHEPHARM,44.49,44.49
INDIAGLYCO,22.78,22.78
IGPL,30.77,30.77
HIMATSEIDE,21.79,21.79
BPCL,10.82,10.45
ORICONENT,122.63,41.42
ADANIENSOL,231.1,36.81
MUTHOOTCAP,11.96,11.96
POWERMECH,29.71,29.66
SHREEPUSHK,19.96,19.96
SHK,190.67,22.94
TTKHLTCARE,26,32.13
PILANIINVS,40.97,40.97
LALPATHLAB,63.68,63.68
NH,33.15,33.15
TEAMLEASE,44.24,45.7
HITECH,55.72,55.72
NECCLTD,25.49,25.49
GOKULAGRO,23.89,23.89
PDMJEPAPER,10.82,10.82
HECPROJECT,21.56,21.56
CROMPTON,52.67,52.67
ARMANFIN,9.9,9.9
SALONA,23.04,23.04
INCREDIBLE,28.48,28.48
TASTYBITE,183.19,183.19
AIRAN,13.25,13.25
CLEDUCATE,45.14,49.19
SIKKO,27.05,27.05
INFOBEAN,30.07,30.07
STARCEMENT,35.98,35.98
ACEINTEG,53.9,53.9
SALASAR,51.45,51.45
GANGESSECU,37.51,37.51
TOTAL,643.12,643.12
COCHINSHIP,43.5,43.5
DIXON,127.38,168.19
ICICIGI,83.7,83.7
DPWIRES,19.15,19.15
GATECHDVR,7.31,7.31
TCPLPACK,23.92,23.92
DPABHUSHAN,43.01,43.01
NIACL,22.71,22.71
VERTOZ,58.79,58.79
ICEMAKE,49.91,49.91
TOUCHWOOD,49.99,49.99
SHIVATEX,164.65,164.65
MOKSH,12.69,12.69
SILLYMONKS,69.85,69.85
GALAXYSURF,31.9,31.9
KRITIKA,28.11,28.11
BBTCL,44.25,44.25
IRISDOREME,43.78,43.78
UNIPARTS,18.32,18.32
AWHCL,21.76,21.76
RPSGVENT,71.27,71.27
CHALET,258.83,258.83
OSIAHYPER,20.17,20.17
PAR,19.42,19.42
POLYCAB,56.89,56.89
EMAMIPAP,7.19,7.19
PPL,12.25,12.25
OAL,46.32,46.32
SATIA,6.78,6.78
AFFLE,65.12,65.12
WESTLIFE,534.45,534.45
HNDFDS,64.69,64.69
IRCTC,54.34,54.21
360ONE,45.84,42.91
HPIL,85.6,85.6
FLUOROCHEM,103.35,103.35
KUANTUM,7.17,7.17
CHEMBOND,18.49,19.01
SBICARD,30.08,30.08
SIGMA,21.9,21.9
EASEMYTRIP,63.33,36.39
PRINCEPIPE,35.64,35.64
PARKHOTELS,47.08,47.08
PATANJALI,63.9,63.9
ATALREAL,38.23,38.23
UNIVPHOTO,11.11,11.11
BAFNAPH,455.39,246.41
POWERINDIA,262.3,262.3
RAJRATAN,34.15,34.15
AARTISURF,34.87,50
NDRAUTO,44.51,44.51
AAATECH,41.06,41.06
UNIDT,33.95,33.95
ADL,169.39,169.39
CAMS,55.85,55.85
ROML,52.19,52.19
RAILTEL,48.32,45.93
HERANBA,28.01,28.01
FAIRCHEMOR,24.26,24.26
ISGEC,31.97,31.97
PAKKA,27.24,27.24
YUKEN,53.68,53.68
ANANDRATHI,64.5,64.5
POLICYBZR,402.62,482.64
MONARCH,19.38,19.37
EPIGRAL,29.59,29.59
GOCOLORS,68.54,68.54
CMSINFO,22.12,22.12
TARSONS,60.32,60.32
TEGA,72.58,72.58
METROBRAND,78.36,78.36
FOODSIN,31.64,31.64
MAPMYINDIA,68.86,68.86
TMB,6.3,6.3
GANESHBE,14.92,14.92
DMCC,54.99,54.99
SHIVALIK,50.78,50.78
MEDANTA,60.66,60.66
ASIANENE,35.57,33.9
NRL,54.57,54.57
CHOICEIN,66.46,66.46
GRWRHITECH,35.97,35.97
DELHIVERY,1870.06,611.88
FIVESTAR,19.24,19.24
SBC,52.33,52.33
ELDEHSG,24.22,24.22
SYRMA,77.5,77.5
JTLIND,32.06,32.06
VENUSPIPES,34.15,34.15
MEGASTAR,59.16,59.16
LANDMARK,79.28,
ETHOSLTD,113.57,113.57
MSUMI,41.9,41.9
HARSHA,33.32,33.32
GMRP&UI,4.04,
TVSSCS,232.93,131.18
ACI,39.73,35.09
SADHNANIQ,652.46,652.46
HARDWYN,85.27,85.27
MEDICO,50,50
YATHARTH,40.18,40.18
KAYNES,161.37,161.37
ATAM,26.94,26.94
LAL,25.36,25.36
POCL,43.75,43.75
NOVAAGRI,19.16,19.16
NETWEB,165.15,165.15
EMSLIMITED,26,26
UDS,27.58,27.58
ATL,24.69,24.54
JSWINFRA,51.51,51.51
YASHO,58,58
SINDHUTRAD,19.73,19.73
MUFTI,18.56,18.56
SRGHFL,20.08,20.08
DIAMINESQ,82.26,82.26
HAPPYFORGE,39.73,39.73
BASF,38.23,38.83
ATUL,58.7,58.7
ACC,19.53,22.1
SCI,10.47,10.47
MRPL,30.42,30.19
HINDPETRO,21.29,21.29
RELINFRA,3.14,
BAJAJHLDNG,78.09,78.09
EMKAYTOOLS,14.54,14.54
KKVAPOW,84.17,84.17
GICL,44.46,44.46
ASLIND,,2108.2
ACCORD,51.92,51.92
MPTODAY,5.64,5.66
GOLDSTAR,84.88,84.88
BETA,51.4,51.4
SOLEX,77.68,77.68
MHHL,8.63,8.63
MDL,48.94,47.59
PARIN,225.44,225.44
SURANI,73.84,73.84
PARTYCRUS,16.35,16.35
SIDDHIKA,15.4,15.4
BEWLTD,18.42,18.42
DUGLOBAL,99.27,99.27
KOTYARK,36.19,36.19
JSLL,56.98,56.98
NIDAN,,12.75
TIMESCAN,10.65,10.65
SPRL,18.36,18.36
KNAGRI,21.1,21.1
KRISHIVAL,49.25,49.25
AMEYA,24.01,24.01
SKP,390.64,390.64
CMRSL,12.24,9.88
SWASTIK,39.55,39.55
USASEEDS,20.73,20.73
ARABIAN,12.17,12.17
ANNAPURNA,44.72,44.72
PHANTOMFX,15.73,15.73
DOLLEX,23.92,23.92
ARHAM,41.89,41.89
PRITIKA,90.27,90.27
RBMINFRA,46.47,46.47
HOMESFY,17.76,17.36
VIAZ,31.22,31.22
MCON,45.29,45.29
QFIL,17.21,17.21
YCCL,128.97,128.97
MOS,58.51,58.51
CRAYONS,15.81,15.81
INFOLLION,39.7,39.7
ESFL,152.72,152.72
REMUS,37.91,37.91
CELLPOINT,235.91,235.91
GREENCHEF,35.12,35.12
MONOPHARMA,21.43,21.43
CLSL,26.58,26.58
SAHAJ,20.5,20.5
GLOBALPET,62.74,62.74
PRAMARA,27.74,27.74
ZEAL,15.8,15.8
UNIHEALTH,19.83,19.83
ONDOOR,24.95,24.79
TRANSTEEL,7.64,7.61
AKANKSHA,306.47,306.47
SAAKSHI,34.93,34.93
BASILIC,31.62,31.62
INDIFRA,76.12,76.12
MADHUSUDAN,23.96,23.96
WOMANCART,30.25,30.25
SHANTHALA,47.21,47.21
MICROPRO,12.28,12.28
VOLTAS,80.64,80.64
TITAN,91.11,91.11
TATASTEEL,69.99,60.4
SPIC,18.78,12.48
SBIN,10.27,9.58
NOCIL,30.68,30.68
DRREDDY,18.65,18.65
CHAMBLFERT,13.7,13.7
HINDOILEXP,14.74,18.08
COROMANDEL,36.99,36.99
VINDHYATEL,22.63,22.63
ASIANPAINT,53.52,52.02
ADORWELD,37.17,33.54
TATACHEM,,45.42
ATFL,509.26,1912.9
SUPREMEIND,60.23,60.23
BIRLACABLE,87.02,87.02
WEIZMANIND,22.65,22.65
JTEKTINDIA,45.95,46.22
TATAELXSI,51.19,51.19
SHREYANIND,5.27,5.27
HCC,13.45,
APOLLOHOSP,85.02,85.02
BALKRISIND,32.78,32.78
RAJSREESUG,43.43,43.43
TIL,6.97,
BANARISUG,33.65,33.65
JYOTISTRUC,91.25,91.25
BLUEDART,62.84,62.84
JAYNECOIND,160.12,92.4
SOTL,19.93,19.93
KARURVYSYA,10.28,10.28
DECCANCE,48.19,28.25
WSI,19.81,18.87
ADVANIHOTR,28.34,28.34
SUBROS,31.04,31.04
SIMPLEXINF,21.33,21.33
WIPRO,26.01,26.01
VSTIND,22.49,22.49
UNIVCABLES,47.1,47.1
MURUDCERA,39.14,39.14
IFCI,56.68,56.87
M&M,32.06,32.06
KABRAEXTRU,50.72,50.72
POLYPLEX,12.72,12.72
3PLAND,57.72,57.72
EIHAHOTELS,28.98,27.82
SAIL,24.1,16.73
ABB,92.02,92.02
GRAPHITE,20.25,20.25
BBL,35.43,35.43
DHAMPURSUG,16.39,16.39
CIPLA,26.88,26
HDFCBANK,19.4,19.12
GMBREW,11.62,11.62
GIPCL,13.98,13.98
INDIANHUME,20.76,20.76
IOC,12.2,13.09
KAMATHOTEL,11.8,37.1
BANCOINDIA,23.44,23.44
MANINDS,18.37,18.37
APOLLOTYRE,22.78,21.55
SHANTIGEAR,43.31,43.31
ONWARDTEC,30.63,30.63
REPCOHOME,6.89,6.89
JUSTDIAL,18.82,18.82
ATULAUTO,105.06,105.06
ORIENTCEM,44.34,44.34
ORBTEXP,14.05,14.05
NATHBIOGEN,8.49,9.12
CASTROLIND,21.69,21.69
WONDERLA,34.49,34.49
CAPLIPOINT,32.34,32.34
SNOWMAN,135.77,135.77
SHARDACROP,34.69,34.69
INTELLECT,35.46,35.48
FCL,31.05,31.05
GENUSPAPER,199.3,199.3
VISHNU,25.52,25.52
MENONBE,9.31,9.31
MANAKALUCO,32.69,32.69
ZENTEC,78.13,78.83
BYKE,63.15,63.15
VRLLOG,56.59,56.59
TPLPLASTEH,35.44,35.44
SKIPPER,52.86,52.86
SYNGENE,76.06,79.86
RAMASTEEL,70.24,70.24
PKTEA,14.27,14.27
ARVSMART,56.2,56.2
IDFCFIRSTB,20.56,20.56
BALAXI,12.71,13.71
LUXIND,34.72,34.72
UMANGDAIRY,31.7,31.7
KRIDHANINF,,85.2
LINCOLN,13.03,13.03
OCCL,9.6,9.6
QUICKHEAL,99.55,99.55
VIDHIING,62.73,62.73
KELLTONTEC,19.99,19.99
SIMBHALS,6.54,6.54
HCG,108.32,113.61
BHARATWIRE,17.6,17.6
THYROCARE,52.2,52.12
SHRIPISTON,19.8,19.8
BLS,36.99,36.99
PREMEXPLN,95.61,95.61
MAHASTEEL,100.13,138.86
DAMODARIND,40.55,40.55
MOLDTECH,22.54,22.54
POKARNA,26.2,26.2
QUESS,26.4,25.8
GROBTEA,7.83,7.83
MINDTECK,34.6,32.79
DBL,12.56,24.68
SPAL,24.67,24.67
RBLBANK,8.06,8.06
CUPID,24.12,24.12
LTTS,44.28,44.28
ICICIPRULI,153.9,153.9
HPL,53.61,53.61
MAZDA,18.15,18.15
VBL,80.41,80.41
KINGFA,26.13,26.13
NBIFIN,96.89,96.89
SFL,53.52,83.88
LAURUSLABS,225.82,225.82
ITDC,76.08,76
HISARMETAL,19.71,19.71
SPCENET,108.49,108.49
BHANDARI,25.01,25.01
BSE,81.59,81.59
JITFINFRA,28.24,36.66
DMART,88.63,88.63
ARIHANTSUP,26.36,26.36
DOLLAR,31.22,31.26
SCHAND,19.38,19.38
PSPPROJECT,26.73,26.73
CDSL,62.49,62.49
AUBANK,24.18,23.38
STEELXIND,50.34,50.34
MAGADSUGAR,9.58,9.58
SIS,41.3,41.3
APEX,147.63,147.63
CAPACITE,19.12,19.12
GODREJAGRO,43.66,43.66
IEX,38.86,38.86
GICRE,9.6,9.6
IFGLEXPOR,33.97,33.97
KHADIM,118.08,118.08
DNAMEDIA,.47,
NEWGEN,55,55
GMMPFAUDLR,54.76,54.76
HGINFRA,16.22,16.57
BDL,68.34,68.34
BANDHANBNK,9.84,9.84
SANDHAR,23.93,24.77
ISEC,13.84,13.84
MIDHANI,69.36,69.36
CHEMFAB,100.54,100.54
ORIENTELEC,82.5,82.5
ADANIGREEN,112.16,89.56
RITES,31.69,31.75
VARROC,15.69,15.69
HDFCAMC,41,41
SIGIND,16.21,16.21
AAVAS,24.6,24.6
NILASPACES,26.99,26.99
BEML,58.56,58.56
CENTENKA,19.28,19.28
FEDERALBNK,12.54,12.54
SRF,58.66,58.66
RANEHOLDIN,10.28,43.62
IVP,18.97,18.97
EICHERMOT,36.2,36.2
ZENSARTECH,26.16,26.16
IGARASHI,106.49,106.49
MUNJALSHOW,18.61,18.61
RANASUG,20.61,20.61
UFLEX,,9.41
SPMLINFRA,57.11,61.28
TATACOMM,55.33,66.96
LIBERTSHOE,72.74,50.25
OSWALAGRO,361.24,358.9
ELECTCAST,10.22,10.22
KOTAKBANK,16.23,18.69
GOLDENTOBC,9.6,10.89
AARTIIND,36.76,37.02
KSB,66.81,66.81
SUDARSCHEM,51.49,49.62
HINDALCO,11.99,11.43
FINPIPE,21.03,36.47
CGPOWER,126.13,125.24
BEL,48.41,48.41
ASHAPURMIN,14.05,22.8
ELECTHERM,3.13,3.24
ALKYLAMINE,59.08,59.08
RAMCOIND,30.11,30.11
GAIL,13.02,13.02
KTKBANK,5.78,5.78
BLBLIMITED,9.68,9.68
BLUESTARCO,71.1,71.1
TVSMOTOR,56.11,56.11
PNC,61.86,61.86
NLCINDIA,18.74,18.74
HAVELLS,76.09,76.09
USHAMART,28.14,28.14
MRO-TEK,14.87,14.87
KHANDSE,69.6,69.6
TRIDENT,50.05,50.05
GODREJCP,,62.94
LUPIN,35.02,35.02
TCI,27.75,27.55
ASAL,51.63,51.63
PONNIERODE,9.51,9.51
SURANAT&P,26.58,26.58
NUCLEUS,17.94,17.94
CANBK,5.5,5.5
GODREJIND,26.21,26.21
RADICO,109.11,109.11
VARDHACRLC,25.29,25.29
JSL,23.17,23.16
MUKANDLTD,19.77,19.77
VAIBHAVGBL,37.09,35.45
XPROINDIA,57.3,55.17
CCL,36.73,36.73
LT,31.52,31.66
APARINDS,45.96,45.96
NIITLTD,60.66,60.66
GULFPETRO,12.81,12.81
INDSWFTLTD,2.02,2.02
NTPC,16.77,16.77
JBMA,84.99,84.99
XCHANGING,40.93,40.93
JINDALPHOT,61.77,61.77
GOKEX,49.69,49.69
IIFL,14.3,7.45
SSWL,4.88,14.6
SURYALAXMI,88.73,31.78
JKPAPER,8.87,8.87
GRANULES,29.62,29.62
VHL,,1703.95
GENUSPOWER,82.33,82.33
SPLIL,12.76,12.75
IMPAL,18.75,18.75
SUZLON,90.36,87.9
TRIVENI,28.07,28.07
AIAENG,30.91,30.93
EKC,21.1,20.75
NITINSPIN,14.3,14.3
ENIL,36.8,36.8
JAGRAN,11.27,11.27
GVKPIL,1.34,103696.06
SAKUMA,16.04,16.04
KEC,64.66,64.66
INDOTECH,49.34,49.34
BLKASHYAP,27.81,29.99
CENTURYPLY,74.99,72.86
VAKRANGEE,408.06,426.34
GALLANTT,24.18,24.18
UTTAMSUGAR,14.42,14.42
KKCL,22.8,22.8
GPIL,14.1,14.1
RSYSTEMS,40.18,40.18
LOKESHMACH,44.4,44.4
SWELECTES,27.57,62.21
RATNAMANI,45.81,45.81
PIONEEREMB,42.27,42.27
JKLAKSHMI,24.9,25.34
ALLCARGO,103,84.21
MUNJALAU,24.43,15.35
GRINDWELL,61.23,61.19
VOLTAMP,42.98,42.98
SELAN,22.75,22.75
ACE,41.06,41.06
HOVS,28.29,28.29
BINANIIND,29.42,
TALBROAUTO,18.36,25.78
GEECEE,16.93,16.93
JMFINANCIL,,13.37
FIEMIND,20.98,20.98
DCBBANK,6.61,6.61
NAUKRI,155.55,169.69
MANALIPETC,60.85,52.93
RUCHIRA,7.66,7.66
HIRECT,84.75,70.01
NFL,21.07,21.07
TANLA,17.53,17.53
AVTNPL,25.93,25.93
SARLAPOLY,13.46,13.46
AUTOIND,19.28,20.26
GANDHITUBE,17.3,17.3
ORIENTBELL,1507.87,1507.87
FSL,46.62,46.62
TFL,49.89,49.89
SMSPHARMA,38.25,38.25
PAGEIND,81.7,81.7
AMDIND,78.26,78.26
ASTRAL,92.64,92.64
THEMISMED,80.91,80.91
BALAMINES,30.42,30.42
BFUTILITIE,15.42,15.42
ALPHAGEO,15.88,11.15
HILTON,44.82,44.82
INSECTICID,16.54,16.54
NAVINFLUOR,66.22,80.69
NAGREEKEXP,22.73,22.73
DLF,85.71,85.71
ADSL,29.73,29.73
PURVA,130.26,130.26
NAGREEKCAP,1.3,1.3
POWERGRID,19.99,19.99
CCCL,.95,
MAANALU,31.95,31.95
BAJAJELEC,82.13,82.13
ENERGYDEV,46.84,46.84
BVCL,27.7,27.7
KAUSHALYA,2.91,2.91
JYOTHYLAB,39.31,39.31
KALYANIFRG,34.86,34.86
HITECHCORP,25.69,26.69
BRIGADE,63.77,63.77
MANAKSIA,8.67,6.37
AMBIKCO,13.07,13.07
BIRLAMONEY,13.09,13.09
JKIL,15.86,15.86
CORDSCABLE,21.14,21.14
HERCULES,23.6,23.6
IRB,33.22,33.22
NMDC,10.99,10.62
GSS,21.39,21.39
RECLTD,9.2,9.2
NESCO,19.65,19.65
BAJAJFINSV,15.42,15.42
GOKUL,47.07,47.07
RBL,15.58,15.27
LOTUSEYE,102.81,104.11
UBL,106.28,106.28
JOCIL,101.37,101.37
COUNCODOS,71.6,71.6
MAWANASUG,9.95,9.95
AJMERA,28.35,28.35
GKWLIMITED,138.23,138.23
VINATIORGA,52.23,52.23
NHPC,23.92,23.92
SUNTECK,51.68,51.68
DEN,9.65,9.65
SARDAEN,26.12,26.03
JSWENERGY,58.39,58.39
GODREJPROP,55.81,55.81
MMTC,93.85,89.96
MBLINFRA,2.77,
JUBLFOOD,109.41,184.92
DBREALTY,26.67,25.58
MANINFRA,30.06,30.06
PERSISTENT,75.46,75.46
SJVN,44.65,47.71
KIRLOSIND,14.08,13.46
IMFA,11.03,11.03
AHLEAST,11.5,11.5
ADFFOODS,45.52,45.52
DEEPAKNTR,43.43,46.75
GREENPOWER,75.23,79.01
ASHOKA,6.75,7.31
OBEROIRLTY,31.12,31.12
CGCL,40.49,40.49
IOLCP,20.9,20.9
PENIND,24.63,24.63
JAMNAAUTO,20.96,20.96
ZEELEARN,1.6,6.97
PSB,49.11,49.11
SURANASOL,421.7,421.7
STEL,56.19,56.19
TEXRAIL,48.79,48.79
VADILALIND,18.98,18.98
SYMPHONY,39.44,39.44
VSTTILLERS,32.62,32.55
MAITHANALL,3.75,3.75
ELGIRUBCO,38.92,
ASAHISONG,69.36,67.7
TDPOWERSYS,51.96,51.96
APLLTD,33.45,33.98
PGEL,90.65,90.65
PANAMAPET,10.51,10.51
PAISALO,24.77,24.81
TRITURBINE,83.01,83.01
INDOTHAI,65.36,65.36
DSSL,27.34,27.34
POLYMED,95.67,95.67
VIKASECO,34.61,34.61
KANANIIND,213.95,213.95
MINDACORP,45.78,45.78
DBSTOCKBRO,18.15,18.15
SCHNEIDER,97.46,97.5
VSSL,20.4,20.4
SPECIALITY,26.65,26.65
KITEX,47.58,47.58
ZUARI,7.35,7.35
VETO,14.77,14.77
PCJEWELLER,447.21,447.21
ICICIBANK,18.6,18.6
TAJGVK,25.88,25.88
AXISCADES,39.99,39.8
MARKSANS,44.02,44.02
JISLJALEQS,121.32,121.32
MPSLTD,29.64,29.64
OLECTRA,111.1,119.67
TIMESGTY,63.41,63.41
GENESYS,74.32,74.32
NSIL,53.75,53.75
TVTODAY,11.98,11.6
PETRONET,12.73,12.73
DATAMATICS,18.18,17.92
ULTRACEMCO,49.11,48.91
GUFICBIO,48.33,48.33
KOTARISUG,33.35,33.35
SUPRAJIT,44.75,44.75
JPPOWER,8.61,6.67
MANGALAM,17.93,17.93
JSWHL,96.08,96.08
MSPL,110.61,110.79
SASKEN,51.85,51.85
DONEAR,13.82,13.82
JINDRILL,22.48,22.48
HBLPOWER,53.48,50.22
LUMAXTECH,18.13,18.13
PITTIENG,43.36,43.36
TTL,30.8,80.61
INFIBEAM,36.2,36.2
PARAGMILK,24.62,24.62
ASPINWALL,13.56,13.56
URJA,437.54,437.54
SHANKARA,20.49,20.49
WIPL,55.53,55.53
ERIS,54.77,54.77
GTPL,23.03,23.03
AVADHSUGAR,13.95,13.95
OPTIEMUS,89.64,89.64
ABCAPITAL,14.26,14.26
MATRIMONY,28.98,28.98
DIAMONDYD,63.65,78.38
TIINDIA,64.65,64.33
5PAISA,24.26,24.26
AMBER,106.3,106.3
