"Security Name","Symbol Name","Trade Date","Quantity"
"RBL BANK LIMITED    ","RBLBANK","26-Nov-2024","315"
"ADANI POWER LTD","ADANIPOWER","26-Nov-2024","900"
"ASHOK LEYLAND LTD","ASHOKLEY","26-Nov-2024","150"
"BHARTI AIRTEL LIMITED","BHARTIARTL","26-Nov-2024","35"
"CAN FIN HOMES LTD        ","CANFINHOME","26-Nov-2024","109"
"NAVIN FLUORINE INT. LTD","NAVINFLUOR","26-Nov-2024","8"
"PAISALO DIGITAL LIMITED","PAISALO","26-Nov-2024","662"
"J & K BANK LTD.","J&KBANK","26-Nov-2024","1000"
"NATIONAL ALUMINIUM CO LTD","NATIONALUM","26-Nov-2024","10"
"SUN PHARMACEUTICALS IND.","SUNPHARMA","26-Nov-2024","1"
"L&T FINANCE LIMITED","LTF","26-Nov-2024","706"
"INDUS","INDUSTOWER","26-Nov-2024","30"
"HCL TECHNOLOGIES LTD","HCLTECH","26-Nov-2024","22"
"MAHANAGAR TELEPHONE NIGAM","MTNL","26-Nov-2024","201"
"TATA STEEL LIMITED","TATASTEEL","26-Nov-2024","230"
"KOTAK PSU BANK","PSUBANK","26-Nov-2024","287"
"JSW STEEL LIMITED","JSWSTEEL","26-Nov-2024","1"
"TATA TELESERV(MAHARASTRA)","TTML","26-Nov-2024","2784"
"INFOSYS TECHNOLOGIES LTD","INFY","26-Nov-2024","20"
"GLENMARK PHARMACEUTICALS LIMITED","GLENMARK","26-Nov-2024","20"
"MAX FINANCIAL SERV LTD","MFSL","26-Nov-2024","1"
"ADANI GREEN ENERGY LTD","ADANIGREEN","26-Nov-2024","50"
"IRFC","IRFC","26-Nov-2024","10"
"NATIONAL FERT. LTD","NFL","26-Nov-2024","7"
"AUROBINDO PHARMA LTD","AUROPHARMA","26-Nov-2024","32"
"RURAL ELEC CORP. LTD.","RECLTD","26-Nov-2024","202"
"HDFC STANDARD LIFE INSURANCE COMPANY LIMITED","HDFCLIFE","26-Nov-2024","283"
"HINDUSTAN AERONAUTICS LTD","HAL","26-Nov-2024","1"
"MAHINDRA & MAHINDRA FINANCIAL SERVICES LIMITED","M&MFIN","26-Nov-2024","45"
"GARDEN REACH SHIP&ENG LTD","GRSE","26-Nov-2024","100"
"SRF LTD","SRF","26-Nov-2024","4"
"JIO FIN SERVICES LTD","JIOFIN","26-Nov-2024","195"
"JSW HOLDINGS LIMITED","JSWHL","26-Nov-2024","1"
