1,AARTIPHARM,INE0LRU01027,632.35,20
2,DEEPAKNTR,INE288B01029,2571.25,20
3,TVSSCS,INE395N01027,169.84,20
4,NFL,INE870D01012,115.45,21.03
5,MARUTI,INE585B01010,10896,9
6,HYUNDAI,INE0V6F01027,1777.8,20
7,RAJESHEXPO,INE343B01030,235.81,20
8,BLUESTARCO,INE472A01039,2039.2,20
9,SGBJAN29IX,IN0020200377,8018.28,10
10,ITI,INE248A01017,333.95,25.12
11,BECTORFOOD,INE495P01012,1623.7,20
12,SGBMAR25,IN0020160126,7821,10
13,INDIAGLYCO,INE560A01015,1273.05,20
14,PGEL,INE457L01029,962.6,22.69
15,PREMIERENE,INE0BS701011,1285.95,20
16,SGBSEP27,IN0020190115,8050,10
17,SGBNOV25VI,IN0020170083,7800.24,10
18,RECLTD,INE020B01018,519.1,20
19,SGBAUG27,IN0020190107,8199,10
20,SGBMAY26,IN0020180033,7963.02,10
21,FLUOROCHEM,INE09N301011,4359.4,20
22,CHEMPLASTS,INE488A01050,493.1,20
23,PAGEIND,INE761H01022,47083.35,20
24,EICHERMOT,INE066A01021,4801.35,9.74
25,GUJALKALI,INE186A01019,756,20
26,NMDC,INE584A01023,214.45,20
27,KIRLOSENG,INE146L01010,1023.4,20
28,SAGILITY,INE0W2G01015,51.3,20
29,MOIL,INE490G01020,329.15,20
30,ANANTRAJ,INE242C01024,818.9,20
31,LMW,INE269B01029,16937.3,20
32,TIINDIA,INE974X01010,3636.9,20
33,STANLEY,INE01A001028,421.7,20
34,CHAMBLFERT,INE085A01013,500.4,20
35,SGBNOV25,IN0020170091,8000,10
36,RCF,INE027A01015,169.03,20.65
37,NCC,INE868B01028,284.5,20
38,IREDA,INE202E01016,199.18,20.56
39,STOVEKRAFT,INE00IN01015,835.7,20
40,VENUSPIPES,INE0JA001018,1520.6,20
41,TITAN,INE280A01028,3323.05,9
42,BASF,INE373A01013,5624.1,20
43,NIFTYIETF,INF109K012R6,264.31,6
44,HDFCBANK,INE040A01034,1790.75,9
45,HINDALCO,INE038A01020,628.75,12.58
46,LIQUIDBEES,INF732E01037,1000,5
47,POWERINDIA,INE07Y701011,14332.3,20
48,TATACONSUM,INE192A01025,900.95,9.43
49,SUBEXLTD,INE754A01055,22.18,20
50,SGBMAR30X,IN0020210319,8035.48,10
51,TANLA,INE483C01032,674.3,20
52,TORNTPHARM,INE685A01028,3421.35,20
53,YESBANK,INE528G01035,19.8,20
54,COLPAL,INE259A01022,2719.2,20
55,NRBBEARING,INE349A01021,279.35,20
56,ROSSARI,INE02A801020,793.45,20
57,SGBJUN30,IN0020220045,8111.36,10
58,SHRIRAMPPS,INE217L01019,103.14,20
59,SGBOCT25IV,IN0020170067,7843.78,10
60,DMART,INE192R01011,3511.65,20
61,SULA,INE142Q01026,408.9,20
62,ABSLLIQUID,INF209KB18T9,1000,5
63,INDUSTOWER,INE121J01017,332.35,20
64,RICOAUTO,INE209B01025,84.7,20.07
65,UCOBANK,INE691A01018,43.26,20
66,DOMS,INE321T01012,2553.6,20
67,AADHARHFC,INE883F01010,426.2,20
68,JUNIORBEES,INF732E01045,738.22,6.3
69,KFINTECH,INE138Y01010,1592.2,20
70,FORTIS,INE061F01013,672.2,20
71,BERGEPAINT,INE463A01038,441,20
72,OIL,INE274J01014,427.05,20
73,ITC,INE154A01025,476.95,9
74,EMAMILTD,INE548C01032,588.55,20
75,EBBETF0431,INF754K01LE1,1286.11,20
76,IMFA,INE919H01018,841.1,20
77,DRREDDY,INE089A01031,1355.15,9
78,3MINDIA,INE470A01017,30978.3,20
79,CONFIPET,INE552D01024,71.08,20
80,GUJGASLTD,INE844O01030,509,20
81,WHIRLPOOL,INE716A01013,1871.5,20
82,CONSUMBEES,INF204KA1LD7,125.26,20
83,LTF,INE498L01015,136.82,20
84,ADVENZYMES,INE837H01020,353.6,20
85,VTL,INE825A01020,512.4,20
86,ICICIB22,INF109KB15Y7,108.68,20
87,JYOTHYLAB,INE668F01031,370.5,20
88,INDIANB,INE562A01011,543.8,20
89,MANKIND,INE634S01028,2916.65,20
90,SARDAEN,INE385C01021,488.75,20
91,GODAVARIB,INE497S01012,316.85,20
92,GMDCLTD,INE131A01031,325.65,20.09
93,ASTRAL,INE006I01046,1671.5,20
94,SONACOMS,INE073K01018,593.55,20
95,HAVELLS,INE176B01034,1676.4,20
96,INTELLECT,INE306R01017,1051.9,20
97,WAAREEENER,INE377N01017,2823.15,20
98,SAFARI,INE429E01023,2544.45,20
99,PFIZER,INE182A01018,4875.2,20
100,MCX,INE745G01035,6352.65,20
101,ARVIND,INE034A01011,403.6,20
102,NORTHARC,INE850M01015,218.79,20
103,DCBBANK,INE503A01015,122.18,20
104,RRKABEL,INE777K01022,1376,20
105,JSWINFRA,INE880J01026,309.55,20
106,BIOCON,INE376G01013,346.45,20
107,BIRLACORPN,INE340A01012,1242.7,20
108,PIIND,INE603J01030,3746,20
109,INDUSINDBK,INE095A01012,931.95,13.3
110,TATAPOWER,INE245A01021,404.3,20
111,FILATEX,INE816B01035,60.64,20
112,BRITANNIA,INE216A01030,4761.65,9
113,MSTCLTD,INE255X01014,673.8,21.96
114,IOLCP,INE485C01011,411.35,20
115,SGBNOV258,IN0020170109,8100,10
116,SGBOCT27VI,IN0020190388,8000,10
117,BPCL,INE029A01011,295.6,12.68
118,SGBDE30III,IN0020220110,8091,10
119,ABB,INE117A01022,6945.3,20
120,APTUS,INE852O01025,302.45,20
121,GOLDBEES,INF204KB17I5,64,20
122,AFCONS,INE101I01011,533.2,20
123,CEATLTD,INE482A01020,3126.15,20
124,NSLNISP,INE0NNS01018,44.64,20
125,SGBOCT25V,IN0020170075,7900.24,10
126,MRF,INE883A01011,131204.2,20
127,SGBJUN28,IN0020200104,7958.5,10
128,SYNGENE,INE398R01022,846.6,20
129,INOXINDIA,INE616N01034,1120.55,20
130,ACC,INE012A01025,2087.65,20
131,GRINDWELL,INE536A01023,1958.55,20
132,SHREECEM,INE070A01015,26342.7,20
133,ITIETF,INF109KC16I6,47.08,20
134,PHARMABEES,INF204KC1089,23.11,20
135,CLEAN,INE227W01023,1402.9,20
136,HCLTECH,INE860A01027,1900.75,9
137,JUBLPHARMA,INE700A01033,1069.8,20
138,TIMKEN,INE325A01013,3163.6,20
139,SGBMAR28X,IN0020190552,7951,10
140,SGBSEP31II,IN0020230093,8195.69,10
141,IIFL,INE530B01024,409.85,20.01
142,SBFC,INE423Y01016,87.03,20
143,ARE&M,INE885A01032,1206.5,20
144,ADANIENSOL,INE931S01010,792.3,25.91
145,KAYNES,INE918Z01012,7062.95,20
146,STARCEMENT,INE460H01021,230,20
147,SGBJUL25,IN0020170034,7900.07,10
148,ANDHRAPAP,INE435A01051,94.11,20
149,TI,INE133E01013,417.65,20
150,EXIDEIND,INE302A01020,418.3,20
151,ABREL,INE055A01016,2505.1,20
152,THERMAX,INE152A01029,4477.9,20
153,NEXT50IETF,INF109KC1NS5,72.1,6.55
154,GOKEX,INE887G01027,1116.25,20
155,GILLETTE,INE322A01010,9418.3,20
156,DHAMPURSUG,INE041A01016,162,20
157,MOTILALOFS,INE338I01027,915.25,20.46
158,SGBOCT27,IN0020190370,7951,10
159,JSWSTEEL,INE019A01038,914.45,10.46
160,TDPOWERSYS,INE419M01027,466.3,20
161,BAJAJHLDNG,INE118A01012,11202.05,20
162,TTML,INE517B01013,75.96,20.79
163,IDEAFORGE,INE349Y01013,577.3,20
164,M&MFIN,INE774D01024,265.6,20
165,MOM30IETF,INF109KC17C7,34.21,7.24
166,KNRCON,INE634I01029,315.65,20
167,IFCI,INE039A01010,60.24,26.52
168,HATHWAY,INE982F01036,15.31,20
169,RAIN,INE855B01025,168.41,20
170,DISHTV,INE836F01026,10.39,20.08
171,IRFC,INE053F01010,146.89,20
172,WIPRO,INE075A01022,305.05,10.37
173,TATATECH,INE142M01025,900.5,20
174,ATUL,INE100A01010,7097.35,20
175,NEWGEN,INE619B01017,1686.2,20.6
176,NIACL,INE470Y01017,206.61,21.7
177,INTERARCH,INE00M901018,1841.75,20
178,DIVISLAB,INE361B01024,5886.75,20
179,ASTERDM,INE914M01019,505.5,20
180,SENCO,INE602W01019,1058.25,20
181,JTLIND,INE391J01032,95.24,20
182,SHARDACROP,INE221J01015,765.55,20
183,SGBAPR28I,IN0020200062,8005.49,10
184,ABSLAMC,INE404A01024,802.45,20
185,AARTIDRUGS,INE767A01016,452.7,20
186,BANKBEES,INF204KB15I9,525.53,20
187,SGBAUG29V,IN0020210129,8006.45,10
188,ABDL,INE552Z01027,422.4,20
189,TRENT,INE849A01020,7063.7,13.6
190,EBBETF0430,INF754K01KO2,1438.33,20
191,MFSL,INE180A01020,1114.2,20
192,BANSALWIRE,INE0B9K01025,450.45,20
193,FINCABLES,INE235A01022,1200.35,20
194,PVRINOX,INE191H01014,1336.85,20
195,TATACHEM,INE092A01019,1057.65,20
196,KAJARIACER,INE217B01036,1110.15,20
197,SILVERBEES,INF204KC1402,85.43,20
198,APLLTD,INE901L01018,1035.85,20
199,CAPLIPOINT,INE475E01026,2399.1,20
200,SGBNV29VII,IN0020210178,7999.79,10
201,POLYCAB,INE455K01017,7144.6,20
202,BSOFT,INE836A01035,570.25,20
203,AJANTPHARM,INE031B01049,2790.9,20
204,PVTBANIETF,INF109KC18U7,24.91,20
205,ACI,INE128X01021,657.25,20
206,HONAUT,INE671A01010,42228.25,20
207,SIEMENS,INE003A01024,6705.55,20
208,HAL,INE066F01020,4229.2,20
209,MAZDOCK,INE249Z01012,4729.75,24.66
210,HINDCOPPER,INE531E01026,263.2,20
211,TRIDENT,INE064C01022,33.34,20
212,SGBJUN29II,IN0020210061,7999.95,10
213,AUBANK,INE949L01017,548.3,20
214,MOREPENLAB,INE083A01026,77.25,20.75
215,UPL,INE628A01036,499.65,20
216,SGBJUL27,IN0020190081,8025,10
217,MARKSANS,INE750C01026,290.2,20.23
218,SANSTAR,INE08NE01025,119.19,20
219,SAREGAMA,INE979A01025,465,20
220,HCC,INE549A01026,38.75,25.13
221,POLICYBZR,INE417T01026,2037.2,20
222,CENTURYPLY,INE348B01021,756.55,20
223,HDFCLIFE,INE795G01014,626.4,9.48
224,ECLERX,INE738I01010,3552,20
225,HIKAL,INE475B01022,367.8,20
226,NAUKRI,INE663F01024,8667.5,20
227,APARINDS,INE372A01015,10163.45,20
228,TRITURBINE,INE152M01016,736.1,20
229,SOUTHBANK,INE683A01023,24.93,20
230,ALPHA,INF174KA1IA5,54.22,7.5
231,HOMEFIRST,INE481N01025,1002.55,20
232,PNGJL,INE953R01016,684.45,20
233,LTFOODS,INE818H01020,400.35,20
234,PEL,INE140A01024,1098.45,20
235,GMMPFAUDLR,INE541A01023,1193.55,20
236,AEROFLEX,INE024001021,202.39,20
237,SUMICHEM,INE258G01013,526.6,20
238,EMCURE,INE168P01015,1444.35,20
239,APLAPOLLO,INE702C01027,1497.2,20
240,GOODLUCK,INE127I01024,928.55,20
241,KTKBANK,INE614B01018,210.74,20
242,ORIENTCEM,INE876N01018,344.6,20
243,POLYPLEX,INE633B01018,1283.95,20
244,KOPRAN,INE082A01010,215.29,100
245,FEDFINA,INE007N01010,106.82,20
246,BOMDYEING,INE032A01023,193.23,20
247,GIPCL,INE162A01010,231.37,20.15
248,SGBJUL28IV,IN0020200146,8017.88,10
249,TRIVENI,INE256C01024,493.3,20
250,SGBOCT25,IN0020170059,7999.99,10
251,MASTEK,INE759A01021,2875.3,20
252,CARTRADE,INE290S01011,1559.3,20
253,LODHA,INE670K01029,1414.05,20
254,RADICO,INE944F01028,2541.95,20
255,PERSISTENT,INE262H01021,6395.8,20
256,RTNINDIA,INE834M01019,63.57,20.61
257,SGBD29VIII,IN0020210228,8005.5,10
258,GODIGIT,INE03JT01014,315.3,20
259,SMALLCAP,INF769K01LC3,50.5,6.39
260,NATCOPHARM,INE987B01026,1362.3,20
261,BANDHANBNK,INE545U01014,161.47,20
262,SGBAUG28V,IN0020200161,8035.9,10
263,MGL,INE002S01010,1238.95,20
264,MAHABANK,INE457A01014,52.9,20
265,GODREJIND,INE233A01035,1134.65,20
266,SHRIRAMFIN,INE721A01013,2926.9,13.66
267,FEDERALBNK,INE171A01029,197.68,20
268,LLOYDSENGG,INE093R01011,74.34,23.11
269,SGBMAY25,IN0020170018,7876.1,10
270,BHARTIHEXA,INE343G01021,1457.05,20
271,HDFCSILVER,INF179KC1DI2,85.61,20
272,ALKYLAMINE,INE150B01039,1855.05,20
273,PETRONET,INE347G01014,344.75,20
274,ESCORTS,INE042A01014,3151.1,20
275,FCL,INE045J01026,324.2,20
276,BORORENEW,INE666D01022,565.8,20
277,SETFNIF50,INF200KA1FS1,251.19,6
278,SGBN28VIII,IN0020200286,8057.09,10
279,GREENPANEL,INE08ZM01014,348.15,20
280,LIQUIDBETF,INF0QA701854,1007.32,5
281,NOCIL,INE163A01018,242.3,20
282,CGPOWER,INE067A01029,743.75,20
283,ACLGATI,INE152B01027,89.66,20
284,PRAKASH,INE603A01013,157.94,20.13
285,CHOLAFIN,INE121A01024,1189.35,20
286,M&M,INE101A01026,2975.65,11.85
287,UNOMINDA,INE405E01023,1043.15,20
288,JWL,INE209L01016,509.85,22.67
289,AWL,INE699H01024,320.9,20
290,MMTC,INE123F01029,72.45,22.66
291,HBLENGINE,INE292B01021,632,20.74
292,ELGIEQUIP,INE285A01027,585.8,20
293,SWIGGY,INE00H001014,559.05,20
294,MID150BEES,INF204KB1V68,216.95,6.02
295,PGHH,INE179A01014,14776.5,20
296,SANSERA,INE953O01021,1475,20
297,TVSMOTOR,INE494B01023,2438.55,20
298,PNCINFRA,INE195J01029,330.1,20
299,SDBL,INE480C01038,105.26,20
300,GAEL,INE036B01030,128.49,20
301,SRF,INE647A01010,2262.15,20
302,CHALET,INE427F01016,975.2,20
303,BANKINDIA,INE084A01016,103.17,20
304,ZYDUSLIFE,INE010B01027,957.65,20
305,GABRIEL,INE524A01029,476.15,20
306,CANBK,INE476A01022,101.03,20
307,KARURVYSYA,INE036D01028,215.96,20
308,ADANIENT,INE423A01024,2400.25,22.26
309,GODFRYPHLP,INE260B01028,5511,22.64
310,SOBHA,INE671H01015,1593.75,20
311,PGHL,INE199A01012,5449.15,20
312,CDSL,INE736A01011,1806.65,20
313,MUTHOOTFIN,INE414G01012,2062.5,20
314,MAHLIFE,INE813A01018,468.4,20
315,JKTYRE,INE573A01042,381.05,20
316,UBL,INE686F01025,2015.1,20
317,TIPSMUSIC,INE716B01029,790.2,20
318,COFORGE,INE591G01017,9493.25,20
319,AAVAS,INE216P01012,1663.9,20
320,ENGINERSIN,INE510A01028,186.11,20.6
321,AFFLE,INE00WC01027,1753.95,20
322,VAIBHAVGBL,INE884A01027,286.8,20
323,WSTCSTPAPR,INE976A01021,560.25,20
324,KPRMILL,INE930H01031,1032.7,20
325,LIQUIDSHRI,INF680P01422,1029.73,5
326,CYIENTDLM,INE055S01018,677.25,20
327,MHRIL,INE998I01010,357.5,20
328,ONGC,INE213A01029,240.25,13.29
329,GODREJCP,INE102D01028,1071.2,20
330,ANGELONE,INE732I01013,2903.95,21.11
331,HEROMOTOCO,INE158A01026,4275,9.88
332,IONEXCHANG,INE570A01022,642.5,20
333,GODREJPROP,INE484J01027,2855.75,20
334,RBA,INE07T201019,80.69,20
335,EVEREADY,INE128A01029,388.65,20
336,IGL,INE203G01027,390.5,20
337,GICRE,INE481Y01014,465.45,20
338,APOLLOHOSP,INE437A01024,7261.15,9.13
339,KEC,INE389H01022,1173.05,20
340,SAIL,INE114A01011,117.59,20
341,SPIC,INE147A01011,74.74,20
342,MASFIN,INE348L01012,270.85,20
343,LICHSGFIN,INE115A01026,588.2,20
344,INDIGO,INE646L01027,4725,20
345,TATASTEEL,INE081A01020,140.36,11.16
346,SGBMAY29I,IN0020210053,8000,10
347,IDBI,INE008A01015,76.67,20
348,SGBJAN26,IN0020170166,8399,10
349,ZENSARTECH,INE520A01027,730.2,20
350,FIEMIND,INE737H01014,1503.75,20
351,MEDPLUS,INE804L01022,830.5,20
352,CARYSIL,INE482D01024,771.55,20
353,YATHARTH,INE0JO301016,600,20
354,SHK,INE500L01026,251.05,20
355,NUVOCO,INE118D01016,352.1,20
356,CUB,INE491A01021,173.54,20
357,FIVESTAR,INE128S01021,790.85,20
358,UTKARSHBNK,INE735W01017,34.96,20
359,RVNL,INE415G01027,427.7,23.78
360,SATIN,INE836B01017,146.75,20
361,BAJAJFINSV,INE918I01026,1559.3,9.2
362,NEULANDLAB,INE794A01010,13437.55,23.66
363,BEML,INE258A01016,4011.3,21.14
364,GPPL,INE517F01014,179.04,20
365,SUNDARMFIN,INE660A01013,4363,20
366,EBBETF0425,INF754K01LD3,1262.14,20
367,RBLBANK,INE976G01028,162.41,20
368,OLECTRA,INE260D01016,1445.6,20
369,HONASA,INE0J5401028,251.75,20.75
370,MINDACORP,INE842C01021,497.55,20
371,VINATIORGA,INE410B01037,1725.15,20
372,RELIANCE,INE002A01018,1216.55,9
373,IMAGICAA,INE172N01012,70.29,20.11
374,ANURAS,INE930P01018,715.8,20
375,AHLUCONT,INE758C01029,1022.45,20
376,SIGNATURE,INE903U01023,1333.4,20
377,DEEPAKFERT,INE501A01019,1190.7,20
378,HAPPSTMNDS,INE419U01012,702.3,20
379,SFL,INE916U01025,988.05,20
380,WELSPUNLIV,INE192B01031,157.13,20
381,SUVENPHAR,INE03QK01018,1148.2,20
382,KOTAKBANK,INE237A01028,1752.8,9
383,INFY,INE009A01021,1907.4,9.08
384,UNIECOM,INE00U401027,168.97,20
385,LIQUID,INF769K01KS1,999.99,5
386,SHAREINDIA,INE932X01026,319.35,20
387,VARROC,INE665L01035,583.5,20
388,KANSAINER,INE531A01024,261.25,20
389,SBIN,INE062A01020,812.45,10.88
390,ENTERO,INE010601016,1417.1,20
391,DELTACORP,INE124G01033,112.19,20
392,LINDEINDIA,INE473A01011,6186.1,20
393,CAMLINFINE,INE052I01032,127.65,20
394,PRESTIGE,INE811K01011,1751.8,20
395,GRASIM,INE047A01021,2482.05,9.09
396,NHPC,INE848E01016,82.04,20
397,SHILPAMED,INE790G01031,765.35,20
398,TECHM,INE669C01036,1698.7,10.06
399,SGBDEC2513,IN0020170158,7861,10
400,REDINGTON,INE891D01026,207.02,20
401,ALKEM,INE540L01014,5408.6,20
402,NTPC,INE733E01010,334.65,11.59
403,JIOFIN,INE758E01017,305.55,20
404,PIDILITIND,INE318A01026,2932.45,20
405,RENUKA,INE087H01022,39.7,20
406,GANECOS,INE845D01014,2035.6,20
407,LICI,INE0J1Y01017,891.9,20
408,PPLPHARMA,INE0DK501011,257.35,20
409,JINDALSAW,INE324A01032,296.6,20
410,JBCHEPHARM,INE572A01036,1808.75,20
411,UNITDSPR,INE854D01024,1566.95,20
412,SGBNOV26,IN0020180314,8000,10
413,SGBSEP28VI,IN0020200195,8030.33,10
414,RELAXO,INE131B01039,620,20
415,SGBDEC25,IN0020170125,8694,10
416,JAMNAAUTO,INE039C01032,97.53,20
417,MANGLMCEM,INE347A01017,912.35,20
418,BAJAJHFL,INE377Y01014,125.67,20
419,CMSINFO,INE925R01014,489.55,20
420,MUTHOOTMF,INE046W01019,179.58,20
421,ARVINDFASN,INE955V01021,514.1,20
422,JAICORPLTD,INE070D01027,320,22.79
423,SBICARD,INE018E01016,679.2,20
424,TEGA,INE011K01018,1540.9,20
425,LOWVOLIETF,INF109KC19U5,20.94,6.61
426,PHOENIXLTD,INE211B01039,1730,20
427,AUROPHARMA,INE406A01037,1256.25,20
428,CERA,INE739E01017,7208.55,20
429,VPRPL,INE0AE001013,290.9,20.11
430,GATEWAY,INE079J01017,80.49,20
431,SUPRAJIT,INE399C01030,463.3,20
432,ORIENTPPR,INE592A01026,38.42,20
433,TBOTEK,INE673O01025,1690,20
434,AVANTEL,INE005B01027,156.74,20
435,HINDUNILVR,INE030A01027,2332.75,9
436,LUPIN,INE326A01037,2182.1,20
437,TIRUMALCHM,INE338A01024,318,20
438,ITBEES,INF204KB15V2,46.85,20
439,ALPL30IETF,INF109KC17V7,28.25,6
440,SETFGOLD,INF200KA16D8,65.98,20
441,MIDCAPETF,INF769K01IC9,21.37,6.18
442,SUDARSCHEM,INE659A01023,1130.3,20
443,KSB,INE999A01023,757.3,20
444,LAURUSLABS,INE947Q01028,570.6,20
445,SUPREMEIND,INE195A01028,4756.55,20
446,LTIM,INE214T01019,5752.35,20
447,SYMPHONY,INE225D01027,1300.8,20
448,SGBOCT26,IN0020180249,7960.33,10
449,HINDOILEXP,INE345A01011,186.25,20
450,MON100,INF247L01AP3,214.5,7.82
451,VIPIND,INE054A01027,468.25,20
452,SUPRIYA,INE07RO01027,693.25,20
453,PTC,INE877F01012,148.02,20
454,HDFCAMC,INE127D01025,4269.45,20
455,JUSTDIAL,INE599M01018,999.95,20
456,GOLD1,INF174KA1HJ8,64.55,20
457,ACE,INE731H01025,1448.95,20
458,SGBJ28VIII,IN0020190537,7985.02,10
459,LIQUIDETF,INF740KA1EU7,1000,5
460,UJJIVANSFB,INE551W01018,34.15,20
461,KALYANKJIL,INE303R01014,726.45,20
462,SYRMA,INE0DYJ01015,589.55,20
463,SPANDANA,INE572J01011,309.3,20
464,BALRAMCHIN,INE119A01028,519.85,20
465,PATELENG,INE244B01030,52.12,20.14
466,TATAELXSI,INE670A01012,6896.2,20
467,SGBMAR31IV,IN0020220169,8110,10
468,DBL,INE917M01012,461.7,20
469,SGBJAN30IX,IN0020210236,8036.99,10
470,PNBHOUSING,INE572E01012,850.4,20
471,PSUBNKBEES,INF204KB16I7,73.87,20
472,ADANIPORTS,INE742F01042,1243.95,17.43
473,HINDZINC,INE267A01025,453.25,20
474,ORCHPHARMA,INE191A01027,1778.45,20
475,NYKAA,INE388Y01029,160.85,20
476,JISLJALEQS,INE175A01038,68.11,22.62
477,J&KBANK,INE168A01041,102.01,20
478,SGBSEP29VI,IN0020210145,7990.83,10
479,PSB,INE608A01012,48.03,20
480,KIMS,INE967H01025,588.55,20
481,VIJAYA,INE043W01024,1096.4,20
482,METROPOLIS,INE112L01020,2028.1,20
483,TTKPRESTIG,INE690A01028,807.45,20
484,HGINFRA,INE926X01010,1488.3,20
485,PCBL,INE602A01031,458.5,20
486,TATACOMM,INE151A01013,1733.35,20
487,PITTIENG,INE450D01021,1347.3,20
488,GROWWLIQID,INF666M01IP5,101.68,5
489,ATGL,INE399L01023,672,22.8
490,DATAPATTNS,INE0IX101010,2483.45,20
491,SILVERETF,INF789F1AYK6,86.25,20
492,RAINBOW,INE961O01016,1501.35,20
493,TEXRAIL,INE621L01012,201.72,21.99
494,SUNDRMFAST,INE387A01021,1061.9,20
495,ASHOKLEY,INE208A01029,220.14,20
496,AMBER,INE371P01015,7867.7,20.57
497,VESUVIUS,INE386A01015,4828.8,20
498,GSPL,INE246F01010,364.85,20
499,DBEIL,INE0OPA01019,204.3,20
500,SGBDC27VII,IN0020190461,8025,10
501,TATAMOTORS,INE155A01022,740.8,11.56
502,NV20IETF,INF109KC11V0,15.19,20
503,SGBNOV25IX,IN0020170117,7906.74,10
504,ASKAUTOLTD,INE491J01022,465.05,20
505,FORCEMOT,INE451A01017,6590,21.99
506,BATAINDIA,INE176A01028,1350.45,20
507,INFIBEAM,INE483S01020,25.48,20
508,CSBBANK,INE679A01013,329.4,20
509,MOLDTKPAC,INE893J01029,677.8,20
510,JKCEMENT,INE823G01014,4595,20
511,WABAG,INE956G01038,1586,20.16
512,KRN,INE0Q3J01015,704.2,20
513,AVANTIFEED,INE871C01038,630.15,20
514,ASHOKA,INE442H01029,281.88,20
515,RATNAMANI,INE703B01027,3285,20
516,POLYMED,INE205C01021,2503.45,20
517,COROMANDEL,INE169A01031,1845.05,20
518,CIEINDIA,INE536H01010,470.3,20
519,SGBDEC26,IN0020180389,9475,10
520,GLENMARK,INE935A01035,1541.45,20
521,SAMHI,INE08U801020,199.1,20
522,LT,INE018A01030,3629.5,10.37
523,STARHEALTH,INE575P01011,486.55,20
524,AXISBANK,INE238A01034,1076.7,9.48
525,RAILTEL,INE0DD101019,401.45,22.95
526,JSWENERGY,INE121E01018,636.5,20
527,ELECTCAST,INE086A01029,137.76,21.18
528,CAPACITE,INE264T01014,445.1,20
529,BSE,INE118H01025,5442.35,23
530,IPCALAB,INE571A01038,1594.4,20
531,FDC,INE258B01022,504.25,20
532,CENTRALBK,INE483A01010,53.78,20
533,DBREALTY,INE879I01012,176.03,23.99
534,HINDPETRO,INE094A01015,419.3,20
535,BAJFINANCE,INE296A01024,6815.75,10.09
536,NLCINDIA,INE589A01014,239.45,20
537,SURYAROSNI,INE335A01020,561.25,20
538,LTGILTBEES,INF204KB1882,27.19,10
539,KESORAMIND,INE087A01019,220.93,20
540,INGERRAND,INE177A01018,4142.55,20
541,ABBOTINDIA,INE358A01014,28597,20
542,PARADEEP,INE088F01024,110.99,20
543,DEN,INE947J01015,40.32,20
544,SCI,INE109A01011,208.7,21.35
545,AVALON,INE0LCL01028,948.6,20
546,IOC,INE242A01010,137.85,20
547,OBEROIRLTY,INE093I01010,2322.65,20
548,BALKRISIND,INE787D01026,2824.7,20
549,IEX,INE022Q01020,180.17,20
550,EMBDL,INE069I01010,116.92,22.78
551,ENDURANCE,INE913H01037,2160.55,20
552,MIDHANI,INE099Z01011,339.2,20
553,DREAMFOLKS,INE0JS101016,393.15,20
554,ANUP,INE294Z01018,3499.65,21.51
555,STYLEBAAZA,INE01FR01028,314.65,20
556,INDHOTEL,INE053A01029,868.3,20
557,HIMATSEIDE,INE049A01027,187.67,20.68
558,AUTOBEES,INF204KC1337,233.81,20
559,GENESYS,INE727B01026,927.45,23.52
560,PNB,INE160A01022,102.16,20
561,ISGEC,INE858B01029,1499.2,20
562,FSL,INE684F01012,362.85,20
563,ULTRACEMCO,INE481G01011,11460.65,9
564,ASTRAZEN,INE203A01020,6380.85,20
565,PRINCEPIPE,INE689W01016,397.25,20
566,BANKBARODA,INE028A01039,246.68,20
567,ICICIGI,INE765G01017,1861.15,20
568,GHCL,INE539A01019,680.95,20
569,SUNPHARMA,INE044A01036,1841.35,9
570,LIQUIDCASE,INF0R8F01034,106.12,5
571,RAMCOCEM,INE331A01037,976.55,20
572,GLAND,INE068V01023,1824.35,20
573,BEL,INE263A01024,295.2,14.4
574,SKIPPER,INE439E01022,541.6,24.85
575,BCLIND,INE412G01024,50.4,20
576,CONCOR,INE111A01025,776.35,20
577,SWARAJENG,INE277A01016,2941.4,20
578,GMRAIRPORT,INE776C01039,79.04,20
579,SGBDEC25XI,IN0020170133,8060,10
580,INDGN,INE065X01017,592.65,20
581,SAMMAANCAP,INE148I01020,154.08,20
582,FMCGIETF,INF109KC19V3,59.2,20
583,GAIL,INE129A01019,197.63,20
584,PATANJALI,INE619A01035,1720.3,20
585,CREDITACC,INE741K01010,834.95,20
586,DELHIVERY,INE148O01028,350.95,20
587,ABFRL,INE647O01011,282.3,20
588,FINPIPE,INE183A01024,237.4,20
589,SGBJU29III,IN0020210087,8000,10
590,IOB,INE565A01014,51.5,20
591,TMB,INE668A01016,458.85,20
592,SCHAEFFLER,INE513A01022,3411.7,20
593,ICICIPRULI,INE726G01019,668.1,20
594,GRWRHITECH,INE291A01017,5274.75,23.62
595,CHOICEIN,INE102B01014,536.25,20
596,ISEC,INE763G01038,848.55,20
597,ABCAPITAL,INE674K01013,184.35,20
598,UTIAMC,INE094J01016,1226.45,20
599,TIMETECHNO,INE508G01029,491.5,20.3
600,BAJAJCON,INE933K01021,201.25,20
601,MANINFRA,INE949H01023,244.22,20
602,BALUFORGE,INE011E01029,757.8,20
603,DIXON,INE935N01020,18038.15,20
604,CONCORDBIO,INE338H01029,2189.15,20
605,MSUMI,INE0FS801015,58.15,20
606,CYIENT,INE136B01020,1928.35,20
607,SGBMAY28,IN0020200088,7980.03,10
608,SHRIPISTON,INE526E01018,2067.75,20
609,NATIONALUM,INE139A01034,217.07,20
610,KSCL,INE455I01029,856.5,20
611,MEDIASSIST,INE456Z01021,571.8,20
612,BHARTIARTL,INE397D01024,1599.5,9
613,DALBHARAT,INE00R701025,1738.55,20
614,BEPL,INE922A01025,136.03,20
615,SILVER,INF209KB19F6,88.9,20
616,STAR,INE939A01011,677.65,20
617,NIVABUPA,INE995S01015,81.25,20
618,PRAJIND,INE074A01025,812.25,20
619,MRPL,INE103A01014,145.64,20.42
620,LIQUID1,INF174KA1LV5,1026.18,5
621,DCW,INE500A01029,90.44,21.67
622,BHARATFORG,INE465A01025,1314.25,20
623,VEDL,INE205A01025,460.45,20
624,GPIL,INE177H01039,207.28,20
625,WONDERLA,INE066O01014,741.7,20
626,AMBUJACEM,INE079A01024,548.8,20
627,VOLTAS,INE226A01021,1711.3,20
628,NAM-INDIA,INE298J01013,740.8,20
629,CANFINHOME,INE477A01020,723.95,20
630,SILVERIETF,INF109KC1Y56,88.75,20
631,TATAINVEST,INE672A01018,6931.2,20
632,MAPMYINDIA,INE0BV301023,1604.85,20
633,DLF,INE271C01023,838.7,20
634,CARBORUNIV,INE120A01034,1270.4,20
635,NESCO,INE317F01035,949.05,20
636,SGBJUN27,IN0020190073,7999.99,10
637,MAHSEAMLES,INE271B01025,705.2,20
638,VBL,INE200M01039,624.1,20
639,BALAMINES,INE050E01027,1948.35,20
640,NAVINFLUOR,INE048G01026,3326.3,20
641,SGBJUL29IV,IN0020210111,8029.99,10
642,JMFINANCIL,INE780C01023,125.2,20
643,CEIGALL,INE0AG901020,355.55,20
644,SIGACHI,INE0D0K01022,50.45,20
645,LIQUIDIETF,INF109KC1KT9,1000,5
646,LALPATHLAB,INE600L01024,2954.55,20
647,JKPAPER,INE789E01012,422.7,20
648,EMSLIMITED,INE0OV601013,860.95,20.09
649,INDIACEM,INE383A01012,374.05,20
650,BLUEDART,INE233B01017,7400.7,20
651,RELIGARE,INE621H01010,300.95,20
652,HITECH,INE106T01025,160.19,20
653,MOM100,INF247L01023,61.19,6.09
654,RALLIS,INE613A01020,295.3,20
655,EMIL,INE02YR01019,169.05,20
656,FINEORG,INE686Y01026,4600.5,20
657,CIPLA,INE059A01026,1490.55,9.83
658,LXCHEM,INE576O01020,244.45,20
659,LIQUIDPLUS,INF769K01MY5,1008.87,5
660,GREENPLY,INE461C01038,313.05,20
661,TEJASNET,INE010J01012,1201.2,20
662,MANAPPURAM,INE522D01027,184.29,20
663,STLTECH,INE089C01029,117.01,20
664,LIQUIDADD,INF740KA1UM0,1048.4,5
665,MAFANG,INF769K01HF4,135.94,20
666,TCS,INE467B01029,4169.1,9
667,EIDPARRY,INE126A01031,892.95,20
668,PNBGILTS,INE859A01011,111.3,20
669,LLOYDSME,INE281B01032,1167.3,20
670,DWARKESH,INE366A01041,57.33,20
671,HUDCO,INE031A01017,227.58,22.96
672,SGBFEB28IX,IN0020190545,8049.98,10
673,POWERMECH,INE211R01019,2512.35,20
674,ADANIGREEN,INE364U01010,1064.25,25.39
675,IDFCFIRSTB,INE092T01019,61.75,20
676,AWFIS,INE108V01019,724.8,20
677,BAJAJ-AUTO,INE917I01010,8878.5,11.04
678,WELENT,INE625G01013,598.4,20
679,PRICOLLTD,INE726V01018,572.15,20
680,JKLAKSHMI,INE786A01032,839.05,20
681,PRSMJOHNSN,INE010A01011,171.02,20
682,GANDHAR,INE717W01049,218.05,20
683,CIGNITITEC,INE675C01017,1849,20
684,GRAVITA,INE024L01027,2251,23.21
685,BHEL,INE257A01026,241.75,20
686,USHAMART,INE228A01035,362.4,20
687,BOSCHLTD,INE323A01026,34190.1,20
688,BIKAJI,INE00E101023,765.9,20
689,RATEGAIN,INE0CLI01024,710.7,20
690,DABUR,INE016A01026,505.6,20
691,CHENNPETRO,INE178A01016,607.65,21.24
692,EQUITASBNK,INE063P01018,64.36,20
693,KRBL,INE001B01026,288,20
694,NIFTYBEES,INF204KB14I2,265.67,6
695,CPSEETF,INF457M01133,85.88,20
696,KEI,INE878B01027,4320.25,20
697,ARKADE,INE0QRL01017,171.75,20
698,DODLA,INE021O01019,1205.05,20
699,JUBLFOOD,INE797F01020,703.9,20
700,SBILIFE,INE123W01016,1409.05,9.43
701,SOLARINDS,INE343H01029,10215.15,20
702,PARAGMILK,INE883N01014,184.52,20
703,ZEEL,INE256A01028,124.85,21.53
704,SONATSOFTW,INE269A01021,615.1,20
705,MAHLOG,INE766P01016,380.05,20
706,CCL,INE421D01022,736.65,20
707,OFSS,INE881D01027,12279.6,20
708,JBMA,INE927D01044,1599.95,20
709,HEMIPROP,INE0AJG01018,178.98,20
710,CUMMINSIND,INE298A01020,3364.25,20
711,SGBDE31III,IN0020230168,8236.07,10
712,NBCC,INE095N01031,92.07,21.27
713,REPCOHOME,INE612J01015,415.55,20
714,CAMS,INE596I01012,4964,20
715,INDIGOPNTS,INE09VQ01012,1349.8,20
716,SGBOC28VII,IN0020200203,8020,10
717,NAZARA,INE418L01021,1012.85,20
718,STYRENIX,INE189B01011,2941.95,20
719,MPHASIS,INE356A01018,2908.45,20
720,JUBLINGREA,INE0BY001018,801.8,20
721,SGBAUG30,IN0020220078,8100,10
722,SSWL,INE802C01033,198.51,20
723,BBTC,INE050A01025,2114.6,20
724,BLSE,INE0NLT01010,205.78,20
725,ZOMATO,INE758T01015,273.2,20
726,BAYERCROP,INE462A01022,5799.25,20
727,HFCL,INE548A01028,114.67,21.44
728,CRISIL,INE007A01025,5575.85,20
729,POWERGRID,INE752E01010,310.3,11.13
730,GESHIP,INE017A01032,964.55,20
731,APOLLOTYRE,INE438A01022,542.25,20
732,CELLO,INE0LMW01024,761.8,20
733,ANANDRATHI,INE463V01026,3999.25,20
734,SGBDEC2512,IN0020170141,8000,10
735,EMUDHRA,INE01QM01018,919.55,20
736,SUNTV,INE424H01027,686.45,20
737,SGBFEB32IV,IN0020230184,8335,10
738,ITDCEM,INE686A01026,530.4,21.98
739,RHIM,INE743M01012,503.1,20
740,ROUTE,INE450U01017,1369.05,20
741,BAJAJHIND,INE306A01021,30.83,21.61
742,AGI,INE415A01038,1163.9,20.97
743,BRIGADE,INE791I01019,1246.2,20
744,GULFOILLUB,INE635Q01029,1198.6,20
745,NH,INE410P01011,1311.25,20
746,SGBMR29XII,IN0020200427,8009.06,10
747,GILT5YBEES,INF204KC1030,58.73,10
748,GOLDIETF,INF109KC1NT3,65.91,20
749,ASTRAMICRO,INE386C01029,768.25,20
750,KIRLOSBROS,INE732A01036,1988.7,22.72
751,EKC,INE184H01027,187.87,22.31
752,SHREDIGCEM,INE232A01011,84.8,20
753,NESTLEIND,INE239A01024,2149.9,9
754,UNIONBANK,INE692A01016,119.05,20
755,PRUDENT,INE00F201020,2823.45,21.01
756,SANGHVIMOV,INE989A01032,310.35,22.32
757,MOTHERSON,INE775A01035,156.4,20
758,ERIS,INE406M01024,1353.1,20
759,EIHOTEL,INE230A01023,413.25,20
760,TITAGARH,INE615H01020,1173.95,21.81
761,CHOLAHLDNG,INE149A01033,1399.45,20
762,DEVYANI,INE872J01023,182.88,20
763,EPIGRAL,INE071N01016,1855.6,20.15
764,SKFINDIA,INE640A01023,4445.1,20
765,SGBJUN31I,IN0020230069,8191.94,10
766,TATAGOLD,INF277KA1976,7.5,20
767,METROBRAND,INE317I01021,1209.75,20
768,TORNTPOWER,INE813H01021,1468.25,20
769,IRCON,INE962Y01021,207.38,22.27
770,NAVA,INE725A01022,987.8,20
771,POONAWALLA,INE511C01022,320.45,20
772,LEMONTREE,INE970X01018,149.72,20
773,JINDALSTEL,INE749A01030,941.35,20
774,360ONE,INE466L01038,1256.25,20
775,BLS,INE153T01027,470.5,20
776,INDIAMART,INE933S01016,2231.5,20
777,VGUARD,INE951I01027,419.85,20
778,QUESS,INE615P01015,658.95,20
779,GRINFRA,INE201P01022,1451.5,20
780,MANYAVAR,INE825V01034,1239.6,20
781,DYNAMATECH,INE221B01012,8521.05,20
782,CESC,INE486A01021,184.82,20
783,SJS,INE284S01014,1166.85,20
784,KRSNAA,INE08LI01020,866.95,20
785,VENKEYS,INE398A01010,1787.9,20
786,ADANIPOWER,INE814H01011,507.15,20.39
787,HEIDELBERG,INE578A01017,208.23,20
788,CGCL,INE180C01042,185.4,20
789,OLAELEC,INE0LXG01040,93.55,20
790,LUXIND,INE150G01020,1943.3,20
791,GSFC,INE026A01025,203.12,20
792,ALEMBICLTD,INE426A01027,134.28,20
793,COALINDIA,INE522F01014,386.6,12.27
794,SUNTECK,INE805D01034,509.7,20
795,MEDANTA,INE474Q01031,1107.65,20
796,AEGISLOG,INE208C01025,804.65,20.69
797,GLAXO,INE159A01016,2243.2,20
798,VSTIND,INE710A01016,334.95,20
799,ASAHIINDIA,INE439A01020,747.2,20
800,PFC,INE134E01011,463.25,20
801,SNOWMAN,INE734N01019,72.86,20
802,CRAFTSMAN,INE00LO01017,5365.9,20
803,LIQUIDSBI,INF200KA13Z8,1000,5
804,SGBFEB29XI,IN0020200393,8010,10
805,KCP,INE805C01028,236.1,20
806,SGBJAN27,IN0020180462,8000,10
807,ZYDUSWELL,INE768C01010,1899.65,20
808,SAPPHIRE,INE806T01020,321.25,20
809,ICIL,INE483B01026,323.7,20.26
810,SHYAMMETL,INE810G01011,736.5,20
811,CROMPTON,INE299U01018,393.6,20
812,AUTOIETF,INF109KC10V2,23.4,20
813,HEG,INE545A01024,514.6,21.14
814,WELCORP,INE191B01025,798.3,20
815,HDFCGOLD,INF179KC1981,65.86,20
816,CAMPUS,INE278Y01022,303.15,20
817,AMIORG,INE00FF01017,2262.45,20
818,ACMESOLAR,INE622W01025,239.55,20
819,FIRSTCRY,INE02RE01045,638.1,20
820,JSL,INE220G01021,733.85,20
821,SGBFEB27,IN0020180561,8050,10
822,ESAFSFB,INE818W01011,37.97,20
823,GREAVESCOT,INE224A01026,235.06,20
824,MOL,INE0CT101020,79.32,20
825,EASEMYTRIP,INE07O001026,16.91,20
826,ELECON,INE205B01031,641.7,20.1
827,MTARTECH,INE864I01014,1643.45,20
828,KPIL,INE220B01022,1287.3,20
829,AARTIIND,INE769A01020,413.25,20
830,VOLTAMP,INE540H01012,10008,21.63
831,IRCTC,INE335Y01020,782.4,20
832,NUVAMA,INE531F01015,6849.5,20
833,RKFORGE,INE399G01023,890.7,20
834,SGBJAN29X,IN0020200385,8030,10
835,TEAMLEASE,INE985S01024,2887.4,20
836,GNFC,INE113A01013,575.5,20
837,ETHOSLTD,INE04TZ01018,3100.1,20
838,KPITTECH,INE04I401011,1452.2,20
839,DCMSHRIRAM,INE499A01024,1088.05,20
840,LTTS,INE010V01017,4668.05,20
841,GRAPHITE,INE371A01025,558.1,20
842,MAXHEALTH,INE027H01010,1155.7,20
843,GODREJAGRO,INE850D01014,713.35,20
844,JKIL,INE576I01022,746.05,20
845,IDEA,INE669E01016,7.56,25.21
846,SJVN,INE002L01015,108.87,20.42
847,AIAENG,INE212H01026,3364.9,20
848,UFLEX,INE516A01017,523.35,20
849,ALLCARGO,INE418H01029,49.4,20
850,RITES,INE320J01015,278.6,20
851,EPL,INE255A01020,262.65,20
852,MARICO,INE196A01026,632.6,20
853,GRANULES,INE101D01020,592.95,20
854,ICICIBANK,INE090A01021,1297.35,9
855,AXITA,INE02EZ01022,11.17,20
856,HDFCSML250,INF179KC1FB2,177.45,6.22
857,ASIANPAINT,INE021A01026,2262.4,9
858,RIIL,INE046A01015,1044.5,20
859,BALMLAWRIE,INE164A01016,212.52,20
860,GICHSGFIN,INE289B01019,201.99,20
861,SURYODAY,INE428Q01011,134.66,20
862,CASTROLIND,INE172A01027,196.78,20
863,HDFCLIQUID,INF179KC1HE2,1000.01,5
864,IRB,INE821I01022,55.87,20