Symbol,Security,From Series,To Series,Change Date,Remarks
CLOUD,VARANIUM CLOUD LIMITED,ST,SZ,27-DEC-2024,"-"
ETML,EMERALD TYRE MANUFACTURERS LIMITED,ST,SM,27-DEC-2024,"-"
GICL,GLOBE INTERNATIONAL CARRIERS LIMITED,SM,ST,27-DEC-2024,"-"
HUBTOWN,HUBTOWN LIMITED,EQ,BE,27-DEC-2024,"-"
MOHITIND,MOHIT INDUSTRIES LIMITED,EQ,BE,27-DEC-2024,"-"
ODIGMA,ODIGMA CONSULTANCY SOLUTIONS LIMITED,BE,EQ,27-DEC-2024,"-"
SAMPANN,SAMPANN UTPADAN INDIA LIMITED,EQ,BE,27-DEC-2024,"-"
SRPL,SHREE RAM PROTEINS LIMITED,BE,BZ,27-DEC-2024,"-"
SUULD,SUUMAYA INDUSTRIES LIMITED,BE,BZ,27-DEC-2024,"-"
