"Security Name","Symbol Name","Trade Date","Quantity"
"ABB LTD.","ABB","26-Dec-2024","125"
"BHARAT PETROLEUM CORP  LT","BPCL","26-Dec-2024","1800"
"DR. REDDY'S LABORATORIES","DRREDDY","26-Dec-2024","5000"
"ESCORTS INDIA LTD","ESCORTS","26-Dec-2024","275"
"OIL AND NATURAL GAS CORP.","ONGC","26-Dec-2024","7699"
"LARSEN & TOUBRO LTD.","LT","26-Dec-2024","300"
"ULTRATECH CEMENT LIMITED","ULTRACEMCO","26-Dec-2024","200"
"SHREE CEMENTS LTD","SHREECEM","26-Dec-2024","125"
"DLF LIMITED","DLF","26-Dec-2024","12375"
"BIOCON LIMITED.","BIOCON","26-Dec-2024","5000"
"INFO EDGE (I) LTD","NAUKRI","26-Dec-2024","225"
"BAJAJ FINANCE LIMITED","BAJFINANCE","26-Dec-2024","1250"
"INDIAN RAIL TOUR CORP LTD","IRCTC","26-Dec-2024","875"
"BSE LIMITED","BSE","26-Dec-2024","229"
"MAHINDRA & MAHINDRA FINANCIAL SERVICES LIMITED","M&MFIN","26-Dec-2024","2000"
"LTIMINDTREE LIMITED","LTIM","26-Dec-2024","450"
"NTPC LTD","NTPC","26-Dec-2024","328499"
"ONE 97 COMMUNICATIONS LTD","PAYTM","26-Dec-2024","4550"
"BIRLASOFT LIMITED","BSOFT","26-Dec-2024","1000"
"BANK OF BARODA","BANKBARODA","26-Dec-2024","5849"
"BANK OF INDIA","BANKINDIA","26-Dec-2024","9992"
"BHEL","BHEL","26-Dec-2024","13125"
"CESC LTD","CESC","26-Dec-2024","8775"
"DABUR INDIA LTD","DABUR","26-Dec-2024","11250"
"AMBUJA CEMENTS LTD","AMBUJACEM","26-Dec-2024","3600"
"HERO MOTOCORP LTD","HEROMOTOCO","26-Dec-2024","296"
"ICICI BANK LTD.","ICICIBANK","26-Dec-2024","2100"
"INFOSYS TECHNOLOGIES LTD","INFY","26-Dec-2024","1423"
"LIC HOUSING FINANCE LTD","LICHSGFIN","26-Dec-2024","2000"
"TATA COMMUNICATIONS LTD","TATACOMM","26-Dec-2024","500"
"MULTI COMMODITY EXCHANGE OF INDIA LIMITED","MCX","26-Dec-2024","1100"
"BALKRISHNA IND. LTD      ","BALKRISIND","26-Dec-2024","900"
"DIXON TECHNO (INDIA) LTD","DIXON","26-Dec-2024","1475"
"INDIAN ENERGY EXCHANGE LIMITED","IEX","26-Dec-2024","7500"
"VEDANTA LIMITED","VEDL","26-Dec-2024","9200"
"POLYCAB INDIA LIMITED","POLYCAB","26-Dec-2024","2300"
"HINDUSTAN UNILEVER LTD.","HINDUNILVR","26-Dec-2024","300"
"ADANI ENERGY SOLUTION LTD","ADANIENSOL","26-Dec-2024","625"
"GUJARAT NARMADA FERT. CO","GNFC","26-Dec-2024","1300"
"THE INDIAN HOTELS CO. LTD","INDHOTEL","26-Dec-2024","10525"
"MPHASIS LIMITED","MPHASIS","26-Dec-2024","1650"
"RELIANCE INDUSTRIES LTD","RELIANCE","26-Dec-2024","14034"
"STEEL AUTHORITY OF INDIA","SAIL","26-Dec-2024","1820"
"VOLTAS LTD","VOLTAS","26-Dec-2024","327"
"ASIAN PAINTS LIMITED","ASIANPAINT","26-Dec-2024","1200"
"SUPREME INDUSTRIES LTD","SUPREMEIND","26-Dec-2024","125"
"CENTRAL DEPOSITORY SERVICES (INDIA) LIMITED","CDSL","26-Dec-2024","350"
"INDIAMART INTERMESH LTD","INDIAMART","26-Dec-2024","300"
"KPIT TECHNOLOGIES LTD","KPITTECH","26-Dec-2024","2400"
"CANARA BANK","CANBK","26-Dec-2024","32500"
"HINDUSTAN PETROLEUM CORP","HINDPETRO","26-Dec-2024","8125"
"INDIAN OIL CORP LTD","IOC","26-Dec-2024","14625"
"KOTAK MAHINDRA BANK LTD","KOTAKBANK","26-Dec-2024","1200"
"POWER FIN CORP LTD.","PFC","26-Dec-2024","3901"
"CONTAINER CORP OF IND LTD","CONCOR","26-Dec-2024","1000"
"JUBILANT FOODWORKS LTD","JUBLFOOD","26-Dec-2024","1250"
"MUTHOOT FINANCE LIMITED","MUTHOOTFIN","26-Dec-2024","1924"
"OBEROI REALTY LIMITED","OBEROIRLTY","26-Dec-2024","1750"
"AVENUE SUPERMARTS LIMITED","DMART","26-Dec-2024","450"
"ABBOTT INDIA LIMITED","ABBOTINDIA","26-Dec-2024","40"
"DALMIA BHARAT LIMITED","DALBHARAT","26-Dec-2024","275"
"HINDUSTAN AERONAUTICS LTD","HAL","26-Dec-2024","600"
"TRENT LIMITED","TRENT","26-Dec-2024","400"
"ZYDUS LIFESCIENCES","ZYDUSLIFE","26-Dec-2024","900"
"TATA CONSUMER PRODUCT","TATACONSUM","26-Dec-2024","456"
"COFORGE LIMITED","COFORGE","26-Dec-2024","3675"
"IDFC FIRST BANK LIMI","IDFCFIRSTB","26-Dec-2024","27776"
"CHAMBAL FERTILIZERS LTD","CHAMBLFERT","26-Dec-2024","1900"
"HCL TECHNOLOGIES LTD","HCLTECH","26-Dec-2024","350"
"MAHINDRA & MAHINDRA LTD","M&M","26-Dec-2024","1575"
"TATA STEEL LIMITED","TATASTEEL","26-Dec-2024","5500"
"LUPIN LIMITED","LUPIN","26-Dec-2024","425"
"IDEA CELLULAR LIMITED","IDEA","26-Dec-2024","40000"
"COLGATE PALMOLIVE LTD.","COLPAL","26-Dec-2024","525"
"APOLLO TYRES LTD","APOLLOTYRE","26-Dec-2024","56100"
"INDRAPRASTHA GAS LTD","IGL","26-Dec-2024","8250"
"PAGE INDUSTRIES LTD","PAGEIND","26-Dec-2024","45"
"PERSISTENT SYSTEMS LTD","PERSISTENT","26-Dec-2024","1900"
"ADITYA BIRLA FASHION & RT","ABFRL","26-Dec-2024","2600"
"SBI CARDS & PAY SER LTD","SBICARD","26-Dec-2024","6400"
"SBI LIFE INSURANCE COMPANY LIMITED","SBILIFE","26-Dec-2024","1125"
"SRF LTD","SRF","26-Dec-2024","375"
"STARCEMENT","STARCEMENT","26-Dec-2024","2"
"AUROBINDO PHARMA LTD","AUROPHARMA","26-Dec-2024","550"
"HINDALCO  INDUSTRIES  LTD","HINDALCO","26-Dec-2024","2642"
"JINDAL STEEL & POWER LTD","JINDALSTEL","26-Dec-2024","1250"
"PIRAMAL ENTERPRISES LTD","PEL","26-Dec-2024","20"
"STATE BANK OF INDIA","SBIN","26-Dec-2024","6774"
"TATA MOTORS LIMITED","TATAMOTORS","26-Dec-2024","5480"
"TITAN INDUSTRIES LTD","TITAN","26-Dec-2024","175"
"WIPRO LTD","WIPRO","26-Dec-2024","41875"
"BAJAJ AUTO LIMITED","BAJAJ-AUTO","26-Dec-2024","150"
"EXIDE INDUSTRIES LTD","EXIDEIND","26-Dec-2024","6950"
"APOLLO HOSPITALS ENTERPRISE LIMITED","APOLLOHOSP","26-Dec-2024","375"
"BRITANNIA INDUSTRIES LIMITED","BRITANNIA","26-Dec-2024","300"
"UNITED BREWERIES LIMITED","UBL","26-Dec-2024","1200"
"GODREJ PROPERTIES LTD","GODREJPROP","26-Dec-2024","450"
"ADANI GREEN ENERGY LTD","ADANIGREEN","26-Dec-2024","12"
"MAX HEALTHCARE INS LTD","MAXHEALTH","26-Dec-2024","1045"
"CYIENT LIMITED           ","CYIENT","26-Dec-2024","300"
"RBL BANK LIMITED    ","RBLBANK","26-Dec-2024","2500"
"IRFC","IRFC","26-Dec-2024","10360"
"ASHOK LEYLAND LTD","ASHOKLEY","26-Dec-2024","2500"
"BHARAT ELECTRONICS LTD","BEL","26-Dec-2024","19624"
"BHARTI AIRTEL LIMITED","BHARTIARTL","26-Dec-2024","2375"
"CIPLA LTD","CIPLA","26-Dec-2024","650"
"DIVI'S LABORATORIES LTD","DIVISLAB","26-Dec-2024","100"
"Oracle Financial Services Software Limited","OFSS","26-Dec-2024","14900"
"ITC LTD","ITC","26-Dec-2024","7"
"CUMMINS INDIA LTD","CUMMINSIND","26-Dec-2024","300"
"PUNJAB NATIONAL BANK","PNB","26-Dec-2024","16000"
"TATA CONSULTANCY SERV LT","TCS","26-Dec-2024","875"
"CG POWER AND INDUSTRIAL SOLUTIONS LIMITED","CGPOWER","26-Dec-2024","650"
"TECH MAHINDRA LIMITED","TECHM","26-Dec-2024","1200"
"IRB INFRA DEV LTD.","IRB","26-Dec-2024","41000"
"JSW ENERGY LIMITED","JSWENERGY","26-Dec-2024","750"
"EICHER MOTORS LIMITED","EICHERMOT","26-Dec-2024","874"
"NESTLE INDIA LIMITED","NESTLEIND","26-Dec-2024","800"
"ADITYA BIRLA CAPITAL LIMITED","ABCAPITAL","26-Dec-2024","10800"
"HDFC STANDARD LIFE INSURANCE COMPANY LIMITED","HDFCLIFE","26-Dec-2024","1100"
"INTERGLOBE AVIATION LTD  ","INDIGO","26-Dec-2024","600"
"L&T TECHNOLOGY SER. LTD","LTTS","26-Dec-2024","200"
"BATA INDIA LTD","BATAINDIA","26-Dec-2024","1731"
"MOTILAL OS NASDAQ100 ETF","MON100","26-Dec-2024","31"
"BHARAT FORGE LTD","BHARATFORG","26-Dec-2024","490"
"HDFC BANK LTD","HDFCBANK","26-Dec-2024","7936"
"INDUSIND BANK LIMITED","INDUSINDBK","26-Dec-2024","12480"
"SIEMENS LTD","SIEMENS","26-Dec-2024","1125"
"TATA POWER CO LTD","TATAPOWER","26-Dec-2024","4039"
"JSW STEEL LIMITED","JSWSTEEL","26-Dec-2024","1350"
"PETRONET LNG LIMITED","PETRONET","26-Dec-2024","2999"
"RURAL ELEC CORP. LTD.","RECLTD","26-Dec-2024","10000"
"ADANI ENTERPRISES LIMITED","ADANIENT","26-Dec-2024","3594"
"ADANI PORT & SEZ LTD","ADANIPORTS","26-Dec-2024","2400"
"NMDC LTD.","NMDC","26-Dec-2024","4500"
"COALINDIA","COALINDIA","26-Dec-2024","19950"
"MANAPPURAM FINANCE LTD","MANAPPURAM","26-Dec-2024","63617"
"COROMANDEL INTERNTL. LTD ","COROMANDEL","26-Dec-2024","1052"
"UPL LIMITED","UPL","26-Dec-2024","1355"
"CROMPT GREA CON ELEC LTD  ","CROMPTON","26-Dec-2024","1800"
"SAMVRDHNA MTHRSN INT","MOTHERSON","26-Dec-2024","37"
"HAVELLS INDIA LIMITED","HAVELLS","26-Dec-2024","500"
"JIO FIN SERVICES LTD","JIOFIN","26-Dec-2024","1650"
