1,AARTIPHARM,INE0LRU01027,608.45,20
2,DEEPAKNTR,INE288B01029,2736.8,20
3,TVSSCS,INE395N01027,192.6,20
4,NFL,INE870D01012,124.22,21.3
5,MARUTI,INE585B01010,11277.75,9
6,HYUNDAI,INE0V6F01027,1823.4,20
7,RAJESHEXPO,INE343B01030,239.81,20
8,BLUESTARCO,INE472A01039,2130.95,20
9,SGBJAN29IX,IN0020200377,8152.51,10
10,ITI,INE248A01017,361.25,25.55
11,BECTORFOOD,INE495P01012,1865.1,20
12,SGBMAR25,IN0020160126,8021.11,10
13,INDIAGLYCO,INE560A01015,1422.85,20
14,PGEL,INE457L01029,848.4,22.39
15,PREMIERENE,INE0BS701011,1329.15,20
16,SGBSEP27,IN0020190115,8149.98,10
17,SGBNOV25VI,IN0020170083,8099.99,10
18,RECLTD,INE020B01018,569.75,20
19,SGBAUG27,IN0020190107,8300,10
20,SGBMAY26,IN0020180033,8113.45,10
21,FLUOROCHEM,INE09N301011,4484.4,20
22,CHEMPLASTS,INE488A01050,510.65,20
23,PAGEIND,INE761H01022,47059.9,20
24,EICHERMOT,INE066A01021,4801.95,9.94
25,GUJALKALI,INE186A01019,806.75,20
26,NMDC,INE584A01023,241.15,20
27,KIRLOSENG,INE146L01010,1163.1,20
28,SAGILITY,INE0W2G01015,42.87,20
29,MOIL,INE490G01020,368.15,20
30,ANANTRAJ,INE242C01024,727.05,20
31,LMW,INE269B01029,17372.7,20
32,TIINDIA,INE974X01010,3680.2,20
33,STANLEY,INE01A001028,453.65,20
34,CHAMBLFERT,INE085A01013,534,20
35,SGBNOV25,IN0020170091,8111.15,10
36,RCF,INE027A01015,179.16,20.73
37,NCC,INE868B01028,306.45,20
38,IREDA,INE202E01016,225.43,20.97
39,STOVEKRAFT,INE00IN01015,818.3,20
40,VENUSPIPES,INE0JA001018,1664.65,20
41,TITAN,INE280A01028,3473.1,9
42,BASF,INE373A01013,5615.6,20
43,NIFTYIETF,INF109K012R6,273.64,6
44,HDFCBANK,INE040A01034,1863.1,9
45,HINDALCO,INE038A01020,670.5,12.79
46,LIQUIDBEES,INF732E01037,1000,5
47,POWERINDIA,INE07Y701011,12645.3,20
48,TATACONSUM,INE192A01025,935.05,9.52
49,SUBEXLTD,INE754A01055,25.64,20
50,SGBMAR30X,IN0020210319,8275,10
51,TANLA,INE483C01032,704.75,20
52,TORNTPHARM,INE685A01028,3374.85,20
53,YESBANK,INE528G01035,21.58,20
54,COLPAL,INE259A01022,2893.55,20
55,NRBBEARING,INE349A01021,300.8,20
56,ROSSARI,INE02A801020,857.5,20
57,SGBJUN30,IN0020220045,8205.21,10
58,SHRIRAMPPS,INE217L01019,117.57,20.15
59,SGBOCT25IV,IN0020170067,8111.11,10
60,DMART,INE192R01011,3708.3,20
61,SULA,INE142Q01026,446.45,20
62,ABSLLIQUID,INF209KB18T9,1000,5
63,INDUSTOWER,INE121J01017,359.6,20
64,RICOAUTO,INE209B01025,93.58,20.51
65,UCOBANK,INE691A01018,48.39,20
66,DOMS,INE321T01012,2995.5,20
67,AADHARHFC,INE883F01010,418.5,20
68,JUNIORBEES,INF732E01045,782.16,6.27
69,KFINTECH,INE138Y01010,1254,20
70,FORTIS,INE061F01013,713.7,20
71,BERGEPAINT,INE463A01038,476.15,20
72,OIL,INE274J01014,469.55,20
73,ITC,INE154A01025,465.25,9
74,EMAMILTD,INE548C01032,622.05,20
75,EBBETF0431,INF754K01LE1,1286.02,20
76,IMFA,INE919H01018,985.35,20
77,DRREDDY,INE089A01031,1238.55,9
78,3MINDIA,INE470A01017,31615.35,20
79,CONFIPET,INE552D01024,81.35,20
80,GUJGASLTD,INE844O01030,518.4,20
81,WHIRLPOOL,INE716A01013,1936.95,20
82,CONSUMBEES,INF204KA1LD7,127.86,20
83,LTF,INE498L01015,150.07,20
84,ADVENZYMES,INE837H01020,389.8,20
85,VTL,INE825A01020,524.1,20
86,ICICIB22,INF109KB15Y7,115.09,20
87,JYOTHYLAB,INE668F01031,417.1,20
88,INDIANB,INE562A01011,583.15,20
89,MANKIND,INE634S01028,2624.35,20
90,SARDAEN,INE385C01021,493.8,20
91,GODAVARIB,INE497S01012,369.85,20
92,GMDCLTD,INE131A01031,369.7,20.44
93,ASTRAL,INE006I01046,1852.65,20
94,SONACOMS,INE073K01018,641.75,20
95,HAVELLS,INE176B01034,1752.25,20
96,INTELLECT,INE306R01017,851.3,20
97,WAAREEENER,INE377N01017,3174.7,20
98,SAFARI,INE429E01023,2723.75,20
99,PFIZER,INE182A01018,5076.3,20
100,MCX,INE745G01035,6706.45,20
101,ARVIND,INE034A01011,429.6,20
102,NORTHARC,INE850M01015,246.17,20
103,DCBBANK,INE503A01015,130.3,20
104,RRKABEL,INE777K01022,1489.8,20
105,JSWINFRA,INE880J01026,324.35,20
106,BIOCON,INE376G01013,367.85,20
107,BIRLACORPN,INE340A01012,1302.55,20
108,PIIND,INE603J01030,4102.3,20
109,INDUSINDBK,INE095A01012,984.85,13.41
110,TATAPOWER,INE245A01021,434.8,20
111,FILATEX,INE816B01035,70.43,20
112,BRITANNIA,INE216A01030,4889.5,9
113,MSTCLTD,INE255X01014,776.05,22.19
114,IOLCP,INE485C01011,402.9,20
115,SGBNOV258,IN0020170109,8051.15,10
116,SGBOCT27VI,IN0020190388,8150,10
117,BPCL,INE029A01011,307.45,12.84
118,SGBDE30III,IN0020220110,8257.96,10
119,ABB,INE117A01022,7728.75,20
120,APTUS,INE852O01025,311.85,20
121,GOLDBEES,INF204KB17I5,65.04,20
122,AFCONS,INE101I01011,524.4,20
123,CEATLTD,INE482A01020,3149,20
124,NSLNISP,INE0NNS01018,47.79,20
125,SGBOCT25V,IN0020170075,8100,10
126,MRF,INE883A01011,132517.4,20
127,SGBJUN28,IN0020200104,8156,10
128,SYNGENE,INE398R01022,904.75,20
129,INOXINDIA,INE616N01034,1187.55,20
130,ACC,INE012A01025,2250.55,20
131,GRINDWELL,INE536A01023,2246.7,20
132,SHREECEM,INE070A01015,27305.5,20
133,ITIETF,INF109KC16I6,48.64,20
134,PHARMABEES,INF204KC1089,22.77,20
135,CLEAN,INE227W01023,1439.6,20
136,HCLTECH,INE860A01027,1930.9,9
137,JUBLPHARMA,INE700A01033,1149.4,20
138,TIMKEN,INE325A01013,3304.05,20
139,SGBMAR28X,IN0020190552,8228.99,10
140,SGBSEP31II,IN0020230093,8379.1,10
141,IIFL,INE530B01024,445.1,20.33
142,SBFC,INE423Y01016,94.16,20
143,ARE&M,INE885A01032,1315.95,20
144,ADANIENSOL,INE931S01010,791.5,26.41
145,KAYNES,INE918Z01012,6506.95,20
146,STARCEMENT,INE460H01021,201.12,20
147,SGBJUL25,IN0020170034,8020.05,10
148,ANDHRAPAP,INE435A01051,101.34,20
149,TI,INE133E01013,414.85,20.3
150,EXIDEIND,INE302A01020,468.1,20
151,ABREL,INE055A01016,2775.1,20
152,THERMAX,INE152A01029,4751.7,20
153,NEXT50IETF,INF109KC1NS5,76.34,6.54
154,GOKEX,INE887G01027,1106.1,20
155,GILLETTE,INE322A01010,9973,20
156,DHAMPURSUG,INE041A01016,190.26,20
157,MOTILALOFS,INE338I01027,1009.75,20.87
158,SGBOCT27,IN0020190370,8128.9,10
159,JSWSTEEL,INE019A01038,1000.2,10.48
160,TDPOWERSYS,INE419M01027,465.9,20
161,BAJAJHLDNG,INE118A01012,11167.75,20
162,TTML,INE517B01013,80.84,20.92
163,IDEAFORGE,INE349Y01013,633.6,20
164,M&MFIN,INE774D01024,283.05,20
165,MOM30IETF,INF109KC17C7,36.03,7.22
166,KNRCON,INE634I01029,345,20
167,IFCI,INE039A01010,64.49,26.96
168,HATHWAY,INE982F01036,17.96,20
169,RAIN,INE855B01025,190.73,20
170,DISHTV,INE836F01026,12.16,20.37
171,IRFC,INE053F01010,164.91,20.41
172,WIPRO,INE075A01022,309,10.55
173,TATATECH,INE142M01025,943.15,20
174,ATUL,INE100A01010,7486.25,20
175,NEWGEN,INE619B01017,1420.75,20.74
176,NIACL,INE470Y01017,210.03,21.64
177,INTERARCH,INE00M901018,1611.2,20
178,DIVISLAB,INE361B01024,5927.95,20
179,ASTERDM,INE914M01019,489.05,20
180,SENCO,INE602W01019,1154.85,20
181,JTLIND,INE391J01032,100.48,20
182,SHARDACROP,INE221J01015,836.65,20
183,SGBAPR28I,IN0020200062,8149.66,10
184,ABSLAMC,INE404A01024,826.5,20
185,AARTIDRUGS,INE767A01016,453.8,20
186,BANKBEES,INF204KB15I9,546.9,20
187,SGBAUG29V,IN0020210129,8143.76,10
188,ABDL,INE552Z01027,373.9,20
189,TRENT,INE849A01020,7063.3,13.76
190,EBBETF0430,INF754K01KO2,1439.56,20
191,MFSL,INE180A01020,1144.9,20
192,BANSALWIRE,INE0B9K01025,474.5,20
193,FINCABLES,INE235A01022,1304.9,20
194,PVRINOX,INE191H01014,1486.6,20
195,TATACHEM,INE092A01019,1125.65,20
196,KAJARIACER,INE217B01036,1209.45,20
197,SILVERBEES,INF204KC1402,90.05,20
198,APLLTD,INE901L01018,1091.95,20
199,CAPLIPOINT,INE475E01026,2469.65,20
200,SGBNV29VII,IN0020210178,8136.79,10
201,POLYCAB,INE455K01017,7401.25,20
202,BSOFT,INE836A01035,613.35,20
203,AJANTPHARM,INE031B01049,2793.7,20
204,PVTBANIETF,INF109KC18U7,25.94,20
205,ACI,INE128X01021,699.85,20
206,HONAUT,INE671A01010,41699.7,20
207,SIEMENS,INE003A01024,7871,20
208,HAL,INE066F01020,4649.7,20
209,MAZDOCK,INE249Z01012,4922.35,24.77
210,HINDCOPPER,INE531E01026,290.05,20
211,TRIDENT,INE064C01022,36.68,20
212,SGBJUN29II,IN0020210061,8142.66,10
213,AUBANK,INE949L01017,590.1,20
214,MOREPENLAB,INE083A01026,88.47,21.15
215,UPL,INE628A01036,552,20
216,SGBJUL27,IN0020190081,8105,10
217,MARKSANS,INE750C01026,322.75,20.39
218,SANSTAR,INE08NE01025,133.84,20
219,SAREGAMA,INE979A01025,515.8,20
220,HCC,INE549A01026,46.44,25.23
221,POLICYBZR,INE417T01026,2165,20
222,CENTURYPLY,INE348B01021,814.15,20
223,HDFCLIFE,INE795G01014,634.65,9.68
224,ECLERX,INE738I01010,3796.8,20
225,HIKAL,INE475B01022,428.65,20
226,NAUKRI,INE663F01024,8557.05,20
227,APARINDS,INE372A01015,10223.4,20
228,TRITURBINE,INE152M01016,818.45,20.19
229,SOUTHBANK,INE683A01023,26.09,20
230,ALPHA,INF174KA1IA5,57.02,7.56
231,HOMEFIRST,INE481N01025,1029.85,20
232,PNGJL,INE953R01016,750.95,20
233,LTFOODS,INE818H01020,427.25,20
234,PEL,INE140A01024,1269.8,20
235,GMMPFAUDLR,INE541A01023,1268.95,20
236,AEROFLEX,INE024001021,216.71,20
237,SUMICHEM,INE258G01013,534.25,20
238,EMCURE,INE168P01015,1368.45,20
239,APLAPOLLO,INE702C01027,1598.3,20
240,GOODLUCK,INE127I01024,983.1,20
241,KTKBANK,INE614B01018,228.33,20
242,ORIENTCEM,INE876N01018,341.4,20
243,POLYPLEX,INE633B01018,1428.75,20
244,KOPRAN,INE082A01010,208.82,100
245,FEDFINA,INE007N01010,115.87,20
246,BOMDYEING,INE032A01023,218.14,20.17
247,GIPCL,INE162A01010,251.01,20.36
248,SGBJUL28IV,IN0020200146,8172.68,10
249,TRIVENI,INE256C01024,477.95,20
250,SGBOCT25,IN0020170059,8078.1,10
251,MASTEK,INE759A01021,3239.9,20
252,CARTRADE,INE290S01011,1568.9,20
253,LODHA,INE670K01029,1411,20
254,RADICO,INE944F01028,2432.55,20
255,PERSISTENT,INE262H01021,6359.75,20
256,RTNINDIA,INE834M01019,72.11,21.05
257,SGBD29VIII,IN0020210228,8132.92,10
258,GODIGIT,INE03JT01014,347.1,20
259,SMALLCAP,INF769K01LC3,53.76,6.44
260,HBLPOWER,INE292B01021,678.55,20.94
261,NATCOPHARM,INE987B01026,1462.55,20
262,BANDHANBNK,INE545U01014,174.42,20
263,SGBAUG28V,IN0020200161,8183.8,10
264,MGL,INE002S01010,1300.2,20
265,MAHABANK,INE457A01014,56.42,20
266,GODREJIND,INE233A01035,1094.95,20
267,SHRIRAMFIN,INE721A01013,3248.25,13.66
268,FEDERALBNK,INE171A01029,214.68,20
269,LLOYDSENGG,INE093R01011,80.83,23.54
270,SGBMAY25,IN0020170018,8040,10
271,BHARTIHEXA,INE343G01021,1406.65,20
272,HDFCSILVER,INF179KC1DI2,90.17,20
273,ALKYLAMINE,INE150B01039,1998.85,20
274,PETRONET,INE347G01014,341.2,20
275,ESCORTS,INE042A01014,3494.4,20
276,FCL,INE045J01026,354,20
277,BORORENEW,INE666D01022,589.75,20
278,SETFNIF50,INF200KA1FS1,260.34,6
279,SGBN28VIII,IN0020200286,8144.78,10
280,GREENPANEL,INE08ZM01014,399.55,20
281,LIQUIDBETF,INF0QA701854,1004.77,5
282,NOCIL,INE163A01018,277.15,20
283,CGPOWER,INE067A01029,783.1,20
284,ACLGATI,INE152B01027,98.12,20
285,PRAKASH,INE603A01013,180.88,20.51
286,CHOLAFIN,INE121A01024,1348.95,20
287,M&M,INE101A01026,3072.05,11.99
288,UNOMINDA,INE405E01023,1078.15,20
289,JWL,INE209L01016,552.3,23.14
290,AWL,INE699H01024,307.3,20
291,MMTC,INE123F01029,81.13,23.19
292,ELGIEQUIP,INE285A01027,617.9,20
293,SWIGGY,INE00H001014,522.55,20
294,MID150BEES,INF204KB1V68,224.92,6.08
295,PGHH,INE179A01014,15869.45,20
296,SANSERA,INE953O01021,1572.85,20
297,TVSMOTOR,INE494B01023,2531.45,20
298,PNCINFRA,INE195J01029,347.9,20
299,SDBL,INE480C01038,121.35,20
300,GAEL,INE036B01030,139.27,20
301,SRF,INE647A01010,2336.45,20
302,CHALET,INE427F01016,927.1,20
303,BANKINDIA,INE084A01016,114.3,20
304,ZYDUSLIFE,INE010B01027,986.45,20
305,GABRIEL,INE524A01029,515.4,20
306,CANBK,INE476A01022,108.75,20
307,KARURVYSYA,INE036D01028,238.7,20
308,ADANIENT,INE423A01024,2457.25,22.76
309,GODFRYPHLP,INE260B01028,5988.45,22.54
310,SOBHA,INE671H01015,1624.8,20
311,PGHL,INE199A01012,5600,20
312,CDSL,INE736A01011,1930.35,20
313,MUTHOOTFIN,INE414G01012,2064.5,20
314,MAHLIFE,INE813A01018,498.75,20
315,JKTYRE,INE573A01042,407.7,20
316,UBL,INE686F01025,1985.45,20
317,TIPSMUSIC,INE716B01029,814.9,20
318,COFORGE,INE591G01017,8996.2,20
319,AAVAS,INE216P01012,1673.8,20
320,ENGINERSIN,INE510A01028,206.62,20.95
321,AFFLE,INE00WC01027,1812.55,20
322,VAIBHAVGBL,INE884A01027,319.35,20
323,WSTCSTPAPR,INE976A01021,598.7,20
324,KPRMILL,INE930H01031,1017.85,20
325,LIQUIDSHRI,INF680P01422,1027.11,5
326,CYIENTDLM,INE055S01018,668.95,20
327,MHRIL,INE998I01010,378.6,20
328,ONGC,INE213A01029,256.6,13.53
329,GODREJCP,INE102D01028,1135.3,20
330,ANGELONE,INE732I01013,3399.55,21.29
331,HEROMOTOCO,INE158A01026,4650.45,9.95
332,IONEXCHANG,INE570A01022,725.95,20
333,GODREJPROP,INE484J01027,2912.9,20
334,RBA,INE07T201019,83.73,20
335,EVEREADY,INE128A01029,381.25,20
336,IGL,INE203G01027,392.8,20
337,GICRE,INE481Y01014,425.35,20
338,APOLLOHOSP,INE437A01024,7340.8,9.32
339,KEC,INE389H01022,1202.45,20
340,SAIL,INE114A01011,126.95,20
341,SPIC,INE147A01011,77.81,20
342,MASFIN,INE348L01012,274.2,20
343,LICHSGFIN,INE115A01026,636.85,20
344,INDIGO,INE646L01027,4465.55,20
345,TATASTEEL,INE081A01020,150.6,11.36
346,SGBMAY29I,IN0020210053,8128.28,10
347,IDBI,INE008A01015,84.15,20
348,SGBJAN26,IN0020170166,8189.7,10
349,ZENSARTECH,INE520A01027,805.95,20
350,FIEMIND,INE737H01014,1621.55,20
351,MEDPLUS,INE804L01022,861.15,20
352,CARYSIL,INE482D01024,786.5,20
353,YATHARTH,INE0JO301016,628.95,20
354,SHK,INE500L01026,282.8,20
355,NUVOCO,INE118D01016,370.25,20
356,CUB,INE491A01021,185.85,20
357,FIVESTAR,INE128S01021,634.65,20
358,UTKARSHBNK,INE735W01017,38.34,20
359,RVNL,INE415G01027,474.25,24.32
360,SATIN,INE836B01017,166.92,20
361,BAJAJFINSV,INE918I01026,1686.5,9.3
362,NEULANDLAB,INE794A01010,16954.65,23.83
363,BEML,INE258A01016,4465,21.53
364,GPPL,INE517F01014,196.3,20
365,SUNDARMFIN,INE660A01013,4349.85,20
366,EBBETF0425,INF754K01LD3,1259.51,20
367,RBLBANK,INE976G01028,179.05,20
368,OLECTRA,INE260D01016,1638.95,20
369,HONASA,INE0J5401028,260.6,21.11
370,MINDACORP,INE842C01021,547.2,20
371,VINATIORGA,INE410B01037,1845.55,20
372,RELIANCE,INE002A01018,1278.2,9
373,IMAGICAA,INE172N01012,75.37,20.56
374,ANURAS,INE930P01018,768.85,20
375,AHLUCONT,INE758C01029,1137.05,20
376,SIGNATURE,INE903U01023,1222,20
377,DEEPAKFERT,INE501A01019,1359.2,20
378,HAPPSTMNDS,INE419U01012,759.7,20
379,SFL,INE916U01025,952.65,20
380,WELSPUNLIV,INE192B01031,172.5,20
381,SUVENPHAR,INE03QK01018,1296.75,20
382,KOTAKBANK,INE237A01028,1794.7,9
383,INFY,INE009A01021,1974.15,9.25
384,UNIECOM,INE00U401027,186.53,20
385,LIQUID,INF769K01KS1,999.99,5
386,SHAREINDIA,INE932X01026,300.6,20
387,VARROC,INE665L01035,594.05,20
388,KANSAINER,INE531A01024,263.8,20
389,SBIN,INE062A01020,861.6,11.03
390,ENTERO,INE010601016,1466.7,20
391,DELTACORP,INE124G01033,127.7,20
392,LINDEINDIA,INE473A01011,6789.7,20
393,CAMLINFINE,INE052I01032,122.28,20
394,PRESTIGE,INE811K01011,1751.9,20
395,GRASIM,INE047A01021,2670.75,9.05
396,NHPC,INE848E01016,86.11,20
397,SHILPAMED,INE790G01031,880.15,20
398,TECHM,INE669C01036,1762.8,10.07
399,SGBDEC2513,IN0020170158,8100,10
400,REDINGTON,INE891D01026,213.96,20
401,ALKEM,INE540L01014,5489.95,20
402,NTPC,INE733E01010,365.5,11.73
403,JIOFIN,INE758E01017,343,20
404,PIDILITIND,INE318A01026,3191.2,20
405,RENUKA,INE087H01022,43.72,20
406,GANECOS,INE845D01014,2239.2,20
407,LICI,INE0J1Y01017,938.8,20
408,PPLPHARMA,INE0DK501011,258.35,20
409,JINDALSAW,INE324A01032,328,20
410,JBCHEPHARM,INE572A01036,1814.7,20
411,UNITDSPR,INE854D01024,1516.8,20
412,SGBNOV26,IN0020180314,8249,10
413,SGBSEP28VI,IN0020200195,8148.25,10
414,RELAXO,INE131B01039,653.9,20
415,SGBDEC25,IN0020170125,8098,10
416,JAMNAAUTO,INE039C01032,102.61,20
417,MANGLMCEM,INE347A01017,917.65,20
418,BAJAJHFL,INE377Y01014,141.4,20
419,CMSINFO,INE925R01014,551.7,20
420,MUTHOOTMF,INE046W01019,190.57,20
421,ARVINDFASN,INE955V01021,531.7,20
422,JAICORPLTD,INE070D01027,384.1,22.96
423,SBICARD,INE018E01016,730.75,20
424,TEGA,INE011K01018,1635.9,20
425,LOWVOLIETF,INF109KC19U5,21.5,6.7
426,PHOENIXLTD,INE211B01039,1868.1,20
427,AUROPHARMA,INE406A01037,1225.85,20
428,CERA,INE739E01017,7832.7,20
429,VPRPL,INE0AE001013,318.95,20.21
430,GATEWAY,INE079J01017,89.59,20
431,SUPRAJIT,INE399C01030,508.15,20
432,ORIENTPPR,INE592A01026,42.6,20
433,TBOTEK,INE673O01025,1651.6,20
434,AVANTEL,INE005B01027,163.73,20
435,HINDUNILVR,INE030A01027,2401.35,9
436,LUPIN,INE326A01037,2150.4,20
437,TIRUMALCHM,INE338A01024,370.65,20
438,ITBEES,INF204KB15V2,48.65,20
439,ALPL30IETF,INF109KC17V7,29.18,6
440,SETFGOLD,INF200KA16D8,66.88,20
441,MIDCAPETF,INF769K01IC9,22.2,6.25
442,SUDARSCHEM,INE659A01023,1129.85,20
443,KSB,INE999A01023,819.8,20
444,LAURUSLABS,INE947Q01028,572.75,20
445,SUPREMEIND,INE195A01028,4957.75,20
446,LTIM,INE214T01019,6598.6,20
447,SYMPHONY,INE225D01027,1383.2,20
448,SGBOCT26,IN0020180249,8000,10
449,HINDOILEXP,INE345A01011,201.86,20
450,MON100,INF247L01AP3,192.46,7.15
451,VIPIND,INE054A01027,489.95,20
452,SUPRIYA,INE07RO01027,755.05,20
453,PTC,INE877F01012,175.03,20
454,HDFCAMC,INE127D01025,4543.85,20
455,JUSTDIAL,INE599M01018,1074.8,20
456,GOLD1,INF174KA1HJ8,65.61,20
457,ACE,INE731H01025,1409.15,20.15
458,SGBJ28VIII,IN0020190537,8130,10
459,LIQUIDETF,INF740KA1EU7,1000,5
460,UJJIVANSFB,INE551W01018,36.48,20
461,KALYANKJIL,INE303R01014,762.95,20
462,SYRMA,INE0DYJ01015,595.9,20
463,SPANDANA,INE572J01011,384.75,20
464,BALRAMCHIN,INE119A01028,587.3,20
465,PATELENG,INE244B01030,56.98,20.5
466,TATAELXSI,INE670A01012,7350.25,20
467,SGBMAR31IV,IN0020220169,8269.33,10
468,DBL,INE917M01012,506.05,20
469,SGBJAN30IX,IN0020210236,8156.96,10
470,PNBHOUSING,INE572E01012,939.9,20
471,PSUBNKBEES,INF204KB16I7,79,20
472,ADANIPORTS,INE742F01042,1233.8,17.65
473,HINDZINC,INE267A01025,509.15,20
474,ORCHPHARMA,INE191A01027,1732.9,20
475,NYKAA,INE388Y01029,169.91,20
476,JISLJALEQS,INE175A01038,80.1,22.9
477,J&KBANK,INE168A01041,104.54,20
478,SGBSEP29VI,IN0020210145,8132.5,10
479,PSB,INE608A01012,53.58,20.19
480,KIMS,INE967H01025,611.5,20
481,VIJAYA,INE043W01024,1099.9,20
482,METROPOLIS,INE112L01020,2222.5,20
483,TTKPRESTIG,INE690A01028,883.55,20
484,HGINFRA,INE926X01010,1503.3,20
485,PCBL,INE602A01031,487.7,20
486,TATACOMM,INE151A01013,1839.95,20
487,PITTIENG,INE450D01021,1415.6,20
488,GROWWLIQID,INF666M01IP5,101.41,5
489,ATGL,INE399L01023,717.5,23.32
490,DATAPATTNS,INE0IX101010,2647.2,20
491,SILVERETF,INF789F1AYK6,91.04,20
492,RAINBOW,INE961O01016,1643.95,20
493,TEXRAIL,INE621L01012,232.85,22.34
494,SUNDRMFAST,INE387A01021,1175.55,20
495,ASHOKLEY,INE208A01029,231.18,20
496,AMBER,INE371P01015,5793.15,20
497,VESUVIUS,INE386A01015,5210.1,20
498,GSPL,INE246F01010,387.35,20
499,DBEIL,INE0OPA01019,183.85,20
500,SGBDC27VII,IN0020190461,8128.86,10
501,TATAMOTORS,INE155A01022,799.1,11.62
502,NV20IETF,INF109KC11V0,15.71,20
503,SGBNOV25IX,IN0020170117,8149,10
504,ASKAUTOLTD,INE491J01022,494.9,20
505,FORCEMOT,INE451A01017,6621.2,22.53
506,BATAINDIA,INE176A01028,1447.5,20
507,INFIBEAM,INE483S01020,28.18,20
508,CSBBANK,INE679A01013,321.7,20
509,MOLDTKPAC,INE893J01029,721.7,20
510,JKCEMENT,INE823G01014,4699.8,20
511,WABAG,INE956G01038,1838.6,20
512,KRN,INE0Q3J01015,834,20
513,AVANTIFEED,INE871C01038,619.5,20
514,ASHOKA,INE442H01029,293.36,20
515,RATNAMANI,INE703B01027,3362,20
516,POLYMED,INE205C01021,2945.05,20
517,COROMANDEL,INE169A01031,1768.85,20
518,CIEINDIA,INE536H01010,514.15,20
519,SGBDEC26,IN0020180389,8130,10
520,GLENMARK,INE935A01035,1526.4,20
521,SAMHI,INE08U801020,197.86,20
522,LT,INE018A01030,3916.75,10.5
523,STARHEALTH,INE575P01011,458.35,20
524,AXISBANK,INE238A01034,1147.25,9.54
525,RAILTEL,INE0DD101019,451.5,23.41
526,JSWENERGY,INE121E01018,677.6,20
527,ELECTCAST,INE086A01029,168.1,21.4
528,CAPACITE,INE264T01014,437.9,20
529,BSE,INE118H01025,5552.2,23.46
530,IPCALAB,INE571A01038,1552.2,20
531,FDC,INE258B01022,519.9,20
532,CENTRALBK,INE483A01010,58.99,20
533,DBREALTY,INE879I01012,174.8,24.29
534,HINDPETRO,INE094A01015,410.1,20
535,BAJFINANCE,INE296A01024,7115.1,10.26
536,NLCINDIA,INE589A01014,263.7,20.06
537,SURYAROSNI,INE335A01020,583.6,20
538,LTGILTBEES,INF204KB1882,27.21,10
539,KESORAMIND,INE087A01019,230.22,20
540,INGERRAND,INE177A01018,4532.7,20
541,ABBOTINDIA,INE358A01014,28872.3,20
542,PARADEEP,INE088F01024,109.01,20
543,DEN,INE947J01015,45.28,20
544,SCI,INE109A01011,238.07,21.75
545,AVALON,INE0LCL01028,896.2,20
546,IOC,INE242A01010,143.19,20
547,OBEROIRLTY,INE093I01010,2134.55,20
548,BALKRISIND,INE787D01026,2820.4,20
549,IEX,INE022Q01020,190.28,20
550,EMBDL,INE069I01010,133.34,23.1
551,ENDURANCE,INE913H01037,2342.95,20
552,MIDHANI,INE099Z01011,384.1,20
553,DREAMFOLKS,INE0JS101016,419.05,20
554,ANUP,INE294Z01018,3628.6,21.73
555,STYLEBAAZA,INE01FR01028,356.5,20
556,INDHOTEL,INE053A01029,836.4,20
557,HIMATSEIDE,INE049A01027,219.02,20.78
558,AUTOBEES,INF204KC1337,243.68,20
559,GENESYS,INE727B01026,971.6,23.73
560,PNB,INE160A01022,108.58,20
561,ISGEC,INE858B01029,1610.35,20
562,FSL,INE684F01012,382.5,20
563,ULTRACEMCO,INE481G01011,11898.5,9
564,ASTRAZEN,INE203A01020,6618,20
565,PRINCEPIPE,INE689W01016,429.9,20
566,BANKBARODA,INE028A01039,260.77,20
567,ICICIGI,INE765G01017,1948.65,20
568,GHCL,INE539A01019,700.1,20
569,SUNPHARMA,INE044A01036,1814,9
570,LIQUIDCASE,INF0R8F01034,105.85,5
571,RAMCOCEM,INE331A01037,1020.45,20
572,GLAND,INE068V01023,1775.3,20
573,BEL,INE263A01024,314.1,14.62
574,SKIPPER,INE439E01022,637.85,25.22
575,BCLIND,INE412G01024,55.16,20
576,CONCOR,INE111A01025,856.35,20
577,SWARAJENG,INE277A01016,3200.3,20
578,GMRAIRPORT,INE776C01039,85.44,20
579,SGBDEC25XI,IN0020170133,8237.92,10
580,INDGN,INE065X01017,590.9,20
581,SAMMAANCAP,INE148I01020,167.86,20
582,FMCGIETF,INF109KC19V3,59.72,20
583,GAIL,INE129A01019,205.82,20
584,PATANJALI,INE619A01035,1835.7,20
585,CREDITACC,INE741K01010,903.4,20
586,DELHIVERY,INE148O01028,379.45,20
587,ABFRL,INE647O01011,309.55,20
588,FINPIPE,INE183A01024,273.25,20
589,SGBJU29III,IN0020210087,8153.01,10
590,IOB,INE565A01014,57.65,20.26
591,TMB,INE668A01016,498.8,20
592,SCHAEFFLER,INE513A01022,3662.3,20
593,ICICIPRULI,INE726G01019,695.35,20
594,GRWRHITECH,INE291A01017,5202.05,23.97
595,CHOICEIN,INE102B01014,557.6,20
596,ISEC,INE763G01038,880.4,20
597,ABCAPITAL,INE674K01013,201.58,20
598,UTIAMC,INE094J01016,1395,20
599,TIMETECHNO,INE508G01029,501.25,20.69
600,BAJAJCON,INE933K01021,222.16,20
601,MANINFRA,INE949H01023,240.17,20
602,BALUFORGE,INE011E01029,827.3,20
603,DIXON,INE935N01020,17528.55,20
604,CONCORDBIO,INE338H01029,2194.7,20
605,MSUMI,INE0FS801015,65.39,20
606,CYIENT,INE136B01020,2086.75,20
607,SGBMAY28,IN0020200088,8146.66,10
608,SHRIPISTON,INE526E01018,2199.15,20
609,NATIONALUM,INE139A01034,249.53,20
610,KSCL,INE455I01029,944.85,20
611,MEDIASSIST,INE456Z01021,613.75,20
612,BHARTIARTL,INE397D01024,1586,9
613,DALBHARAT,INE00R701025,1966.6,20
614,BEPL,INE922A01025,147.8,20
615,SILVER,INF209KB19F6,93.64,20
616,STAR,INE939A01011,736.85,100
617,NIVABUPA,INE995S01015,89.97,20
618,PRAJIND,INE074A01025,818.3,20
619,MRPL,INE103A01014,153.01,20.78
620,LIQUID1,INF174KA1LV5,1023.48,5
621,DCW,INE500A01029,101.99,22.01
622,BHARATFORG,INE465A01025,1379.4,20
623,VEDL,INE205A01025,514.35,20
624,GPIL,INE177H01039,234.13,20
625,WONDERLA,INE066O01014,871.1,20
626,AMBUJACEM,INE079A01024,578.45,20
627,VOLTAS,INE226A01021,1797.2,20
628,NAM-INDIA,INE298J01013,789.7,20
629,CANFINHOME,INE477A01020,819.95,20
630,SILVERIETF,INF109KC1Y56,93.81,20
631,TATAINVEST,INE672A01018,6985.55,20
632,MAPMYINDIA,INE0BV301023,1794.45,20
633,DLF,INE271C01023,875.75,20
634,CARBORUNIV,INE120A01034,1383.75,20
635,NESCO,INE317F01035,1027.05,20
636,SGBJUN27,IN0020190073,8078.58,10
637,MAHSEAMLES,INE271B01025,782,20
638,VBL,INE200M01039,643.95,20
639,BALAMINES,INE050E01027,2024.1,20
640,NAVINFLUOR,INE048G01026,3593.1,20
641,SGBJUL29IV,IN0020210111,8150,10
642,JMFINANCIL,INE780C01023,140.87,20
643,CEIGALL,INE0AG901020,364.95,20
644,SIGACHI,INE0D0K01022,54.67,20
645,LIQUIDIETF,INF109KC1KT9,1000,5
646,LALPATHLAB,INE600L01024,3153.45,20
647,JKPAPER,INE789E01012,463.55,20
648,EMSLIMITED,INE0OV601013,881.65,20
649,INDIACEM,INE383A01012,344.75,20
650,BLUEDART,INE233B01017,7762.8,20
651,RELIGARE,INE621H01010,295.85,20
652,HITECH,INE106T01025,170.46,20
653,MOM100,INF247L01023,63.52,6.1
654,RALLIS,INE613A01020,327.5,20
655,EMIL,INE02YR01019,177.76,20
656,FINEORG,INE686Y01026,5105,20
657,CIPLA,INE059A01026,1454.1,9.94
658,LXCHEM,INE576O01020,269.3,20
659,LIQUIDPLUS,INF769K01MY5,1006.24,5
660,GREENPLY,INE461C01038,341.4,20
661,TEJASNET,INE010J01012,1318.15,20.26
662,MANAPPURAM,INE522D01027,177.61,20
663,STLTECH,INE089C01029,123.85,20
664,LIQUIDADD,INF740KA1UM0,1045.67,5
665,MAFANG,INF769K01HF4,130.71,20
666,TCS,INE467B01029,4427.45,9
667,EIDPARRY,INE126A01031,910.4,20
668,PNBGILTS,INE859A01011,122,20
669,LLOYDSME,INE281B01032,1117.75,20
670,DWARKESH,INE366A01041,63.13,20
671,HUDCO,INE031A01017,252.91,23.27
672,SGBFEB28IX,IN0020190545,8170,10
673,POWERMECH,INE211R01019,2753,20
674,ADANIGREEN,INE364U01010,1148.05,25.65
675,IDFCFIRSTB,INE092T01019,65.2,20
676,AWFIS,INE108V01019,777.4,20
677,BAJAJ-AUTO,INE917I01010,9069.85,11.24
678,WELENT,INE625G01013,579.65,20
679,PRICOLLTD,INE726V01018,509.35,20
680,JKLAKSHMI,INE786A01032,870.75,20
681,PRSMJOHNSN,INE010A01011,196.63,20
682,GANDHAR,INE717W01049,234.82,20
683,CIGNITITEC,INE675C01017,1856.95,20
684,GRAVITA,INE024L01027,2253.15,23.43
685,BHEL,INE257A01026,253.7,20
686,USHAMART,INE228A01035,407.4,20
687,BOSCHLTD,INE323A01026,36217.55,20
688,BIKAJI,INE00E101023,851.3,20
689,RATEGAIN,INE0CLI01024,723.1,20
690,DABUR,INE016A01026,508.35,20
691,CHENNPETRO,INE178A01016,601.75,21.56
692,EQUITASBNK,INE063P01018,64.33,20
693,KRBL,INE001B01026,319.3,20
694,NIFTYBEES,INF204KB14I2,274.97,6
695,CPSEETF,INF457M01133,92.17,20
696,KEI,INE878B01027,4630.95,20
697,ARKADE,INE0QRL01017,168.33,20
698,DODLA,INE021O01019,1312.4,20
699,JUBLFOOD,INE797F01020,707.8,20
700,SBILIFE,INE123W01016,1456.15,9.58
701,SOLARINDS,INE343H01029,10863.95,20
702,PARAGMILK,INE883N01014,210.91,20
703,ZEEL,INE256A01028,138.05,21.89
704,SONATSOFTW,INE269A01021,683.15,20
705,MAHLOG,INE766P01016,388.4,20
706,CCL,INE421D01022,792.2,20
707,OFSS,INE881D01027,12246.9,20
708,JBMA,INE927D01044,1769.95,20
709,HEMIPROP,INE0AJG01018,176.24,20
710,CUMMINSIND,INE298A01020,3604.5,20
711,SGBDE31III,IN0020230168,8468.42,10
712,NBCC,INE095N01031,102.05,21.72
713,REPCOHOME,INE612J01015,470.6,20
714,CAMS,INE596I01012,5222.05,20
715,INDIGOPNTS,INE09VQ01012,1474.05,20
716,SGBOC28VII,IN0020200203,8197.79,10
717,NAZARA,INE418L01021,1002.25,20
718,STYRENIX,INE189B01011,2941.85,20
719,MPHASIS,INE356A01018,3184.55,20
720,JUBLINGREA,INE0BY001018,849.95,20
721,SGBAUG30,IN0020220078,8229.73,10
722,SSWL,INE802C01033,222.33,20
723,BBTC,INE050A01025,2373.3,20
724,BLSE,INE0NLT01010,215.28,20
725,ZOMATO,INE758T01015,291.8,20
726,BAYERCROP,INE462A01022,6306.4,20
727,HFCL,INE548A01028,126.49,21.84
728,CRISIL,INE007A01025,5448.25,20
729,POWERGRID,INE752E01010,327.55,11.26
730,GESHIP,INE017A01032,1083.8,20
731,APOLLOTYRE,INE438A01022,541.35,20
732,CELLO,INE0LMW01024,848.45,20
733,ANANDRATHI,INE463V01026,4397.05,20
734,SGBDEC2512,IN0020170141,8350,10
735,EMUDHRA,INE01QM01018,908.55,20
736,SUNTV,INE424H01027,749.6,20
737,SGBFEB32IV,IN0020230184,8552.56,10
738,ITDCEM,INE686A01026,514.8,22.5
739,RHIM,INE743M01012,575.15,20
740,ROUTE,INE450U01017,1444.95,20
741,BAJAJHIND,INE306A01021,34.23,22.03
742,AGI,INE415A01038,1223.7,20.61
743,BRIGADE,INE791I01019,1235.95,20
744,GULFOILLUB,INE635Q01029,1130.3,20
745,NH,INE410P01011,1280.05,20
746,SGBMR29XII,IN0020200427,8149.98,10
747,GILT5YBEES,INF204KC1030,58.84,10
748,GOLDIETF,INF109KC1NT3,67.07,20
749,ASTRAMICRO,INE386C01029,810.35,20
750,KIRLOSBROS,INE732A01036,2313.85,22.94
751,EKC,INE184H01027,224.59,22.64
752,SHREDIGCEM,INE232A01011,89.21,20
753,NESTLEIND,INE239A01024,2241.05,9
754,UNIONBANK,INE692A01016,129.19,20
755,PRUDENT,INE00F201020,2996.45,20.88
756,SANGHVIMOV,INE989A01032,348.1,22.73
757,MOTHERSON,INE775A01035,166.81,20
758,ERIS,INE406M01024,1522.7,20
759,EIHOTEL,INE230A01023,426.8,20
760,TITAGARH,INE615H01020,1312.85,22.02
761,CHOLAHLDNG,INE149A01033,1526.6,20
762,DEVYANI,INE872J01023,172.25,20
763,EPIGRAL,INE071N01016,2155.4,20.48
764,SKFINDIA,INE640A01023,4984.1,20
765,SGBJUN31I,IN0020230069,8371.11,10
766,TATAGOLD,INF277KA1976,7.66,20
767,METROBRAND,INE317I01021,1269.1,20
768,TORNTPOWER,INE813H01021,1668.1,20
769,IRCON,INE962Y01021,236.15,22.69
770,NAVA,INE725A01022,1021.5,20.31
771,POONAWALLA,INE511C01022,364.35,20
772,LEMONTREE,INE970X01018,142.81,20
773,JINDALSTEL,INE749A01030,994.65,20
774,360ONE,INE466L01038,1211.1,20
775,BLS,INE153T01027,450.3,20
776,INDIAMART,INE933S01016,2398.7,20
777,VGUARD,INE951I01027,433.45,20
778,QUESS,INE615P01015,689.5,20
779,GRINFRA,INE201P01022,1611.2,20
780,MANYAVAR,INE825V01034,1351.15,20
781,DYNAMATECH,INE221B01012,8724,20
782,CESC,INE486A01021,193.22,20
783,SJS,INE284S01014,1239.3,20
784,KRSNAA,INE08LI01020,951.8,20
785,VENKEYS,INE398A01010,1851.55,20
786,ADANIPOWER,INE814H01011,519.25,20.73
787,HEIDELBERG,INE578A01017,225.98,20
788,CGCL,INE180C01042,206.43,20
789,OLAELEC,INE0LXG01040,96.12,20
790,LUXIND,INE150G01020,2146.5,20
791,GSFC,INE026A01025,222.61,20
792,ALEMBICLTD,INE426A01027,149.96,20
793,COALINDIA,INE522F01014,416.95,12.44
794,SUNTECK,INE805D01034,509,20
795,MEDANTA,INE474Q01031,1124,20
796,AEGISLOG,INE208C01025,774.8,20.55
797,GLAXO,INE159A01016,2346.8,20
798,VSTIND,INE710A01016,364.65,20
799,ASAHIINDIA,INE439A01020,773.25,20
800,PFC,INE134E01011,513,20
801,SNOWMAN,INE734N01019,77.69,20
802,CRAFTSMAN,INE00LO01017,4988.45,20
803,LIQUIDSBI,INF200KA13Z8,1000.01,5
804,SGBFEB29XI,IN0020200393,8149.62,10
805,KCP,INE805C01028,254.38,20
806,SGBJAN27,IN0020180462,8167,10
807,ZYDUSWELL,INE768C01010,2053.7,20
808,SAPPHIRE,INE806T01020,325.4,20
809,ICIL,INE483B01026,382.95,20
810,SHYAMMETL,INE810G01011,855,20
811,CROMPTON,INE299U01018,413.6,20
812,AUTOIETF,INF109KC10V2,24.36,20
813,HEG,INE545A01024,568.5,21.3
814,WELCORP,INE191B01025,802.95,20
815,HDFCGOLD,INF179KC1981,67.25,20
816,CAMPUS,INE278Y01022,306.15,20
817,AMIORG,INE00FF01017,2217.3,20
818,ACMESOLAR,INE622W01025,268.15,20
819,FIRSTCRY,INE02RE01045,599.45,20
820,JSL,INE220G01021,747.1,20
821,SGBFEB27,IN0020180561,8100,10
822,ESAFSFB,INE818W01011,41.38,20
823,GREAVESCOT,INE224A01026,253.95,20
824,MOL,INE0CT101020,93.72,20
825,EASEMYTRIP,INE07O001026,16.99,20
826,ELECON,INE205B01031,657.2,20.37
827,MTARTECH,INE864I01014,1738.65,20
828,KPIL,INE220B01022,1311.7,20
829,AARTIIND,INE769A01020,446.6,20
830,VOLTAMP,INE540H01012,11263.7,21.93
831,IRCTC,INE335Y01020,855.45,20
832,NUVAMA,INE531F01015,7297.35,20
833,RKFORGE,INE399G01023,975.6,20
834,SGBJAN29X,IN0020200385,8150,10
835,TEAMLEASE,INE985S01024,2813.5,20
836,GNFC,INE113A01013,624.7,20
837,ETHOSLTD,INE04TZ01018,3031.9,20
838,KPITTECH,INE04I401011,1548.85,20
839,DCMSHRIRAM,INE499A01024,1108.3,20
840,LTTS,INE010V01017,5370.1,20
841,GRAPHITE,INE371A01025,568.05,20
842,MAXHEALTH,INE027H01010,1132.2,20
843,GODREJAGRO,INE850D01014,780.35,20
844,JKIL,INE576I01022,779.8,20
845,IDEA,INE669E01016,8.03,25.76
846,SJVN,INE002L01015,120.19,20.89
847,AIAENG,INE212H01026,3515.15,20
848,UFLEX,INE516A01017,570.1,20
849,ALLCARGO,INE418H01029,55.42,20
850,RITES,INE320J01015,303.55,20
851,EPL,INE255A01020,276.5,20
852,MARICO,INE196A01026,632.9,20
853,GRANULES,INE101D01020,585.3,20
854,ICICIBANK,INE090A01021,1327.5,9
855,AXITA,INE02EZ01022,11.9,20
856,HDFCSML250,INF179KC1FB2,186.01,6.29
857,ASIANPAINT,INE021A01026,2417.3,9
858,RIIL,INE046A01015,1200.35,20
859,BALMLAWRIE,INE164A01016,242.05,20
860,GICHSGFIN,INE289B01019,225.98,20
861,SURYODAY,INE428Q01011,152.28,20
862,CASTROLIND,INE172A01027,214.52,20
863,HDFCLIQUID,INF179KC1HE2,1000,5
864,IRB,INE821I01022,58.9,20.06