Confirmed list of securities to be auctioned in A 2024234 to be held on Dec 12 2024.

Sr No,Symbol,Series,Total Qty
1,63MOONS,EQ,1046
2,AARTIPHARM,EQ,13
3,ADANIENSOL,EQ,34
4,ADANIPORTS,EQ,4
5,AEROFLEX,EQ,3
6,AFCONS,EQ,10
7,AFIL,EQ,7
8,AKUMS,EQ,1
9,ALLCARGO,EQ,1
10,ARENTERP,EQ,7
11,ARROWGREEN,EQ,1599
12,ARVEE,EQ,246
13,ARVINDFASN,EQ,4
14,ASHAPURMIN,EQ,2552
15,ASIANENE,EQ,15
16,AWHCL,EQ,1500
17,AXISILVER,EQ,107
18,BAJAJHFL,EQ,2
19,BAJFINANCE,EQ,2
20,BALAJITELE,EQ,1
21,BANKBARODA,EQ,114
22,BAYERCROP,EQ,42
23,BEML,EQ,24
24,BFINVEST,EQ,5
25,BFSI,EQ,189
26,BGRENERGY,EQ,12
27,BHAGCHEM,EQ,2
28,BLISSGVS,EQ,1
29,BLKASHYAP,EQ,100
30,BORORENEW,EQ,12
31,BSE,EQ,225
32,BURNPUR,EQ,37
33,BVCL,EQ,28
34,CANTABIL,EQ,10
35,CARTRADE,EQ,9
36,CDSL,EQ,2
37,CEATLTD,EQ,100
38,CENTEXT,EQ,500
39,CHEMFAB,EQ,8
40,CHOLAFIN,EQ,5
41,CIPLA,EQ,62
42,CMSINFO,EQ,1
43,COUNCODOS,EQ,470
44,DCAL,EQ,100
45,DCMSHRIRAM,EQ,10
46,DCMSRIND,EQ,10
47,DEEPAKFERT,EQ,19
48,DENORA,EQ,4
49,DHANI,EQ,101
50,DIGIDRIVE,EQ,1836
51,DYNAMATECH,EQ,75
52,EGOLD,EQ,16
53,EIDPARRY,EQ,7
54,EIEL,EQ,300
55,ELGIRUBCO,EQ,100
56,EMBDL,EQ,501
57,ENERGYDEV,EQ,396
58,GABRIEL,EQ,1
59,GANDHITUBE,EQ,15
60,GATEWAY,EQ,1
61,GEEKAYWIRE,EQ,2
62,GILLANDERS,EQ,34
63,GLENMARK,EQ,392
64,GODAVARIB,EQ,150
65,GOKEX,EQ,5
66,GOLDETFADD,EQ,131
67,GREAVESCOT,EQ,99
68,GSPL,EQ,10
69,GUJAPOLLO,EQ,2
70,HAL,EQ,1
71,HDFCBANK,EQ,9
72,HDFCGOLD,EQ,596
73,HDFCLIFE,EQ,313
74,HDFCQUAL,EQ,145
75,HERITGFOOD,EQ,382
76,HEROMOTOCO,EQ,6
77,HESTERBIO,EQ,4
78,HIMATSEIDE,EQ,20
79,HLVLTD,EQ,864
80,HMVL,EQ,890
81,ICDSLTD,EQ,2
82,IGL,EQ,54
83,IMAGICAA,EQ,500
84,INDGN,EQ,3
85,INDORAMA,EQ,100
86,INTLCONV,EQ,1
87,IPCALAB,EQ,4
88,IREDA,EQ,396
89,IT,EQ,4
90,ITI,EQ,272
91,IVZINGOLD,EQ,2
92,IVZINNIFTY,EQ,8
93,IXIGO,EQ,105
94,IZMO,EQ,2
95,JIOFIN,EQ,417
96,JISLDVREQS,EQ,496
97,JMFINANCIL,EQ,3
98,JSWSTEEL,EQ,10
99,JUBLFOOD,EQ,16
100,JYOTISTRUC,EQ,1
101,KALYANKJIL,EQ,2
102,KEI,EQ,1
103,KERNEX,EQ,35
104,KRIDHANINF,EQ,6658
105,KSB,EQ,3
106,LATENTVIEW,EQ,31
107,LEMONTREE,EQ,1
108,LGHL,EQ,2853
109,LICI,EQ,4
110,LICNETFN50,EQ,12
111,LICNFNHGP,EQ,9
112,LIQUIDADD,EQ,4
113,LIQUIDBEES,EQ,2
114,LIQUIDBETF,EQ,9
115,LIQUIDCASE,EQ,19
116,LIQUIDETF,EQ,1154
117,LPDC,EQ,3836
118,LUXIND,EQ,2
119,MAFANG,EQ,368
120,MANGCHEFER,EQ,450
121,MARICO,EQ,500
122,MASTEK,EQ,3
123,MAZDOCK,EQ,28
124,MEDIASSIST,EQ,51
125,MGEL,EQ,618
126,MHLXMIRU,EQ,3756
127,MITCONPP,E1,1
128,MOHITIND,EQ,508
129,MOL,EQ,4
130,MUFTI,EQ,3
131,NATIONALUM,EQ,100
132,NAVNETEDUL,EQ,18
133,NCLIND,EQ,14
134,NETWEB,EQ,4
135,NIACL,EQ,500
136,NILAINFRA,EQ,23
137,NITINSPIN,EQ,300
138,NRBBEARING,EQ,1
139,NTPCGREEN,EQ,390
140,NYKAA,EQ,1
141,OLAELEC,EQ,100
142,OLECTRA,EQ,2
143,OMAXE,EQ,18
144,ORIENTLTD,EQ,7
145,PAKKA,EQ,62
146,PNGJL,EQ,20
147,POLICYBZR,EQ,50
148,PPL,EQ,4
149,PRECAM,EQ,1
150,PRINCEPIPE,EQ,7
151,QUAL30IETF,EQ,44
152,RAIN,EQ,1
153,RBLBANK,EQ,597
154,RCF,EQ,1
155,REDINGTON,EQ,2
156,RELIGARE,EQ,4
157,RUBFILA,EQ,1
158,SAGILITY,EQ,1578
159,SAMHI,EQ,1
160,SAPPHIRE,EQ,202
161,SARVESHWAR,EQ,7500
162,SBCL,EQ,88
163,SBICARD,EQ,100
164,SBIN,EQ,1
165,SCI,EQ,1
166,SEPC,EQ,500
167,SETCO,EQ,3880
168,SETFNN50,EQ,96
169,SGL,EQ,3
170,SHAILY,EQ,25
171,SHRIRAMFIN,EQ,5
172,SIEMENS,EQ,1
173,SILVERBEES,EQ,125
174,SOFTTECH,EQ,340
175,SPENCERS,EQ,1
176,SPORTKING,EQ,100
177,SUNFLAG,EQ,50
178,SURAKSHA,EQ,10
179,SUVIDHAA,EQ,1230
180,SWANENERGY,EQ,200
181,SWELECTES,EQ,8
182,SYNGENE,EQ,108
183,TATAPOWER,EQ,50
184,TATATECH,EQ,958
185,TI,EQ,4
186,TIIL,EQ,10
187,TITAN,EQ,28
188,TMB,EQ,385
189,TNPETRO,EQ,50
190,TNTELE,EQ,2008
191,TORNTPHARM,EQ,50
192,TRITURBINE,EQ,1
193,UCAL,EQ,100
194,UDS,EQ,1
195,ULTRACEMCO,EQ,1
196,UMESLTD,EQ,393
197,UNIPARTS,EQ,167
198,UNIVCABLES,EQ,108
199,VAKRANGEE,EQ,130097
200,VALIANTLAB,EQ,1
201,VARDMNPOLY,EQ,1012
202,VEDL,EQ,200
203,VENKEYS,EQ,22
204,VERANDA,EQ,100
205,VIMTALABS,EQ,34
206,VPRPL,EQ,9
207,VSTIND,EQ,3
208,WAAREEENER,EQ,213
209,WANBURY,EQ,179
210,WEBELSOLAR,EQ,991
211,WEL,EQ,4
212,WELSPUNLIV,EQ,1
213,WINDMACHIN,EQ,6849
214,ZFCVINDIA,EQ,1
