SERIES,SYMBOL,SECURITY,RECORD_DT,BC_STRT_DT,BC_END_DT,EX_DT,ND_STRT_DT,ND_END_DT,PURPOSE
18,SAMMAANCAP,Sec Re NCD 8.70% Sr.VIII,13/12/2024, , ,13/12/2024, , ,INTEREST PAYMENT         
19,SAMMAANCAP,Sec Re NCD 9.15% Sr.VIII,13/12/2024, , ,13/12/2024, , ,INTEREST PAYMENT         
BE,GRPLTD,GRP Limited, ,08/12/2024,14/12/2024,06/12/2024, , ,EGM                      
BE,STYRENIX,INEOS Styrolution Ind Ltd,17/12/2024, , ,17/12/2024, , ,INTDIV - RS 31 PER SH    
BE,MAZDOCK,Mazagon Dock Shipbuil Ltd,27/12/2024, , ,27/12/2024, , ,FVSPLT FRM RS 10 TO RS 5 
BE,SKYGOLD,Sky Gold Limited,16/12/2024, , ,16/12/2024, , ,BONUS 9:1                
BE,PCJEWELLER,PC Jeweller Ltd,16/12/2024, , ,16/12/2024, , ,FVSPLT FRM RS 10 TO RE 1 
BE,AVONMORE,Avonmore Cap&Mgt Serv Ltd,12/12/2024, , ,12/12/2024, , ,RIGHTS 5:24 @ PRM RS 9/- 
BE,HARDWYN,Hardwyn India Limited, ,12/12/2024,18/12/2024,11/12/2024, , ,ANNUAL GENERAL MEETING   
BE,EXXARO,Exxaro Tiles Limited,13/12/2024, , ,13/12/2024, , ,FVSPLT FRM RS 10 TO RE 1 
EQ,STYRENIX,INEOS Styrolution Ind Ltd,17/12/2024, , ,17/12/2024, , ,INTDIV - RS 31 PER SH    
EQ,SKYGOLD,Sky Gold Limited,16/12/2024, , ,16/12/2024, , ,BONUS 9:1                
EQ,HARDWYN,Hardwyn India Limited, ,12/12/2024,18/12/2024,11/12/2024, , ,ANNUAL GENERAL MEETING   
EQ,MAZDOCK,Mazagon Dock Shipbuil Ltd,27/12/2024, , ,27/12/2024, , ,FVSPLT FRM RS 10 TO RS 5 
EQ,EXXARO,Exxaro Tiles Limited,13/12/2024, , ,13/12/2024, , ,FVSPLT FRM RS 10 TO RE 1 
EQ,AVONMORE,Avonmore Cap&Mgt Serv Ltd,12/12/2024, , ,12/12/2024, , ,RIGHTS 5:24 @ PRM RS 9/- 
EQ,GRPLTD,GRP Limited, ,08/12/2024,14/12/2024,06/12/2024, , ,EGM                      
EQ,PCJEWELLER,PC Jeweller Ltd,16/12/2024, , ,16/12/2024, , ,FVSPLT FRM RS 10 TO RE 1 
GS,GS231224C,GOI STRIPS C 231224,20/12/2024, , , , , ,REDEMPTION               
GS,GS311224C,GOI STRIPS C 311224,27/12/2024, , , , , ,REDEMPTION               
GS,GS171224C,GOI STRIPS C 171224,13/12/2024, , , , , ,REDEMPTION               
IV,IRBIT,IRB INFRASTRUCTURE TRUST,13/12/2024, , ,13/12/2024, , ,RIGHTS 1:19.07@PRM RS 0  
M3,IBULHSG,Sec Re NCD 9.25% Sr II,12/12/2024, , ,12/12/2024, , ,INTEREST PAYMENT         
M7,IBULHSG,Sec Re NCD 9.9% Sr IV,12/12/2024, , ,12/12/2024, , ,INTEREST PAYMENT         
MC,IBULHSG,Sec Re NCD 10.15% Sr VII,12/12/2024, , ,12/12/2024, , ,INTEREST PAYMENT         
MD,IBULHSG,Sec Re NCD 9.25% Sr VIII,12/12/2024, , ,12/12/2024, , ,INTEREST PAYMENT         
MG,IBULHSG,Sec Re NCD 9.71% Sr VIII,12/12/2024, , ,12/12/2024, , ,INTEREST PAYMENT         
MJ,IBULHSG,Sec Re NCD 10.25% Sr XI,12/12/2024, , ,12/12/2024, , ,INTEREST PAYMENT         
MK,IBULHSG,Sec Re NCD 10.75% Sr XI,12/12/2024, , ,12/12/2024, , ,INTEREST PAYMENT         
MM,IBULHSG,Sec Re NCD 10.25% Sr XII,12/12/2024, , ,12/12/2024, , ,INTEREST PAYMENT         
MO,SAMMAANCAP,Sec Re NCD 8.20% Sr.VI,13/12/2024, , ,13/12/2024, , ,INTEREST PAYMENT         
MP,SAMMAANCAP,Sec Re NCD 8.66% Sr.VI,13/12/2024, , ,13/12/2024, , ,INTEREST PAYMENT         
MS,SAMMAANCAP,Sec Re NCD 8.43% Sr.VIII,13/12/2024, , ,13/12/2024, , ,INTEREST PAYMENT         
MT,SAMMAANCAP,Sec Re NCD 8.89% Sr.VIII,13/12/2024, , ,13/12/2024, , ,INTEREST PAYMENT         
N5,IIHFL,Unsec Re NCD 9.60% Sr.II,16/12/2024, , ,16/12/2024, , ,INTEREST PAYMENT         
N8,SAMMAANCAP,Sec Red NCD 8.65% Sr. V,16/12/2024, , ,16/12/2024, , ,INTEREST PAYMENT         
N8,UGROCAP,Sec Re NCD 10.25% Sr I,12/12/2024, , ,12/12/2024, , ,INTEREST PAYMENT         
N9,IIHFL,Sec Re NCD 8.20% Sr.III,16/12/2024, , ,16/12/2024, , ,INTEREST PAYMENT         
NC,IIHFL,Sec Re NCD 8.43% Sr.VI,16/12/2024, , ,16/12/2024, , ,INTEREST PAYMENT         
NC,IIFL,IIFL Finance Limited,16/12/2024, , ,16/12/2024, , ,INTEREST PAYMENT         
NC,SAMMAANCAP,Uns Red NCD 8.79% Sr.VIII,16/12/2024, , ,16/12/2024, , ,INTEREST PAYMENT         
NF,IIFL,IIFL Finance Limited,16/12/2024, , ,16/12/2024, , ,INTEREST PAYMENT         
NL,IIFL,IIFL Finance Limited,16/12/2024, , ,16/12/2024, , ,INTEREST PAYMENT         
NS,IIFL,IIFL Finance Limited,16/12/2024, , ,16/12/2024, , ,INTEREST PAYMENT         
NZ,IIFL,IIFL Finance Limited,16/12/2024, , ,16/12/2024, , ,INTEREST PAYMENT         
SG,692AS24,SDL AS 6.92% 2024,21/12/2024, , , , , ,REDEMPTION               
SM,ESFL,Essen Speciality Films L,13/12/2024, , ,13/12/2024, , ,BONUS 1:5                
SQ,ESFL,Essen Speciality Films L,13/12/2024, , ,13/12/2024, , ,BONUS 1:5                
ST,ESFL,Essen Speciality Films L,13/12/2024, , ,13/12/2024, , ,BONUS 1:5                
U5,IIHFL,Unsec Re NCD 9.60% Sr.II,16/12/2024, , ,16/12/2024, , ,INTEREST PAYMENT         
U8,SAMMAANCAP,Sec Red NCD 8.65% Sr. V,16/12/2024, , ,16/12/2024, , ,INTEREST PAYMENT         
U8,UGROCAP,Sec Re NCD 10.25% Sr I,12/12/2024, , ,12/12/2024, , ,INTEREST PAYMENT         
U9,IIHFL,Sec Re NCD 8.20% Sr.III,16/12/2024, , ,16/12/2024, , ,INTEREST PAYMENT         
UC,SAMMAANCAP,Uns Red NCD 8.79% Sr.VIII,16/12/2024, , ,16/12/2024, , ,INTEREST PAYMENT         
UC,IIFL,IIFL Finance Limited,16/12/2024, , ,16/12/2024, , ,INTEREST PAYMENT         
UC,IIHFL,Sec Re NCD 8.43% Sr.VI,16/12/2024, , ,16/12/2024, , ,INTEREST PAYMENT         
UF,IIFL,IIFL Finance Limited,16/12/2024, , ,16/12/2024, , ,INTEREST PAYMENT         
UL,IIFL,IIFL Finance Limited,16/12/2024, , ,16/12/2024, , ,INTEREST PAYMENT         
US,IIFL,IIFL Finance Limited,16/12/2024, , ,16/12/2024, , ,INTEREST PAYMENT         
UZ,IIFL,IIFL Finance Limited,16/12/2024, , ,16/12/2024, , ,INTEREST PAYMENT         
Y3,IBULHSG,Sec Re NCD 9.25% Sr II,12/12/2024, , ,12/12/2024, , ,INTEREST PAYMENT         
Y7,IBULHSG,Sec Re NCD 9.9% Sr IV,12/12/2024, , ,12/12/2024, , ,INTEREST PAYMENT         
YC,IBULHSG,Sec Re NCD 10.15% Sr VII,12/12/2024, , ,12/12/2024, , ,INTEREST PAYMENT         
YD,IBULHSG,Sec Re NCD 9.25% Sr VIII,12/12/2024, , ,12/12/2024, , ,INTEREST PAYMENT         
YG,IBULHSG,Sec Re NCD 9.71% Sr VIII,12/12/2024, , ,12/12/2024, , ,INTEREST PAYMENT         
YJ,IBULHSG,Sec Re NCD 10.25% Sr XI,12/12/2024, , ,12/12/2024, , ,INTEREST PAYMENT         
YK,IBULHSG,Sec Re NCD 10.75% Sr XI,12/12/2024, , ,12/12/2024, , ,INTEREST PAYMENT         
YM,IBULHSG,Sec Re NCD 10.25% Sr XII,12/12/2024, , ,12/12/2024, , ,INTEREST PAYMENT         
YO,SAMMAANCAP,Sec Re NCD 8.20% Sr.VI,13/12/2024, , ,13/12/2024, , ,INTEREST PAYMENT         
YP,SAMMAANCAP,Sec Re NCD 8.66% Sr.VI,13/12/2024, , ,13/12/2024, , ,INTEREST PAYMENT         
YS,SAMMAANCAP,Sec Re NCD 8.43% Sr.VIII,13/12/2024, , ,13/12/2024, , ,INTEREST PAYMENT         
YT,SAMMAANCAP,Sec Re NCD 8.89% Sr.VIII,13/12/2024, , ,13/12/2024, , ,INTEREST PAYMENT         
Z4,SAMMAANCAP,Sec Red NCD Sr. II,13/12/2024, , ,13/12/2024, , ,INTEREST PAYMENT         
Z5,SAMMAANCAP,Sec Red NCD 8.75% Sr. III,13/12/2024, , ,13/12/2024, , ,INTEREST PAYMENT         
Z8,SAMMAANCAP,Sec Red NCD 8.65% Sr. V,13/12/2024, , ,13/12/2024, , ,INTEREST PAYMENT         
Z9,SAMMAANCAP,Sec Red NCD 8.85% Sr. VI,13/12/2024, , ,13/12/2024, , ,INTEREST PAYMENT         

