SYMBOL,SERIES,SECURITY,HIGH/LOW,INDEX FLAG
20MICRONS,BE,20 MICRONS LTD,H
63MOONS,EQ,63 MOONS TECHNOLOGIES LTD,H
697GR2034,GS,GOI LOAN   6.97% 2034,H
ABMINTLLTD,BE,ABM INTERNATIONAL LTD,H
AGNI,SM,AGNI GREEN POWER LTD,H
AKSHOPTFBR,EQ,AKSH OPTIFIBRE LIMITED,H
ALMONDZ,BE,ALMONDZ GLOBAL SEC LTD,H
AMBANIORGO,SM,AMBANI ORGOCHEM LIMITED,H
ANTGRAPHIC,BE,ANTARCTICA LTD,H
APEXECO,ST,APEX ECOTECH LIMITED,H
ARVEE,EQ,ARVEE LABORATORIES I LTD,H
ATALREAL,BE,ATAL REALTECH LIMITED,H
AYMSYNTEX,BE,AYM SYNTEX LIMITED,H
BGRENERGY,BE,BGR ENERGY SYSTEMS LTD,H
BLACKBUCK,EQ,ZINKA LOGISTICS SOL LTD,H
BLUECHIP,BE,BLUE CHIP INDIA LIMITED,H
BYKE,BE,THE BYKE HOSPITALITY LTD,H
C2C,ST,C2C ADVANCED SYSTEMS LTD,H
CELLECOR,ST,CELLECOR GADGETS LIMITED,H
CENTUM,EQ,CENTUM ELECTRONICS LTD,H
CEREBRAINT,BE,CEREBRA INT TECH LTD,H
CMMIPL,SZ,CMM INFRAPROJECTS LIMITED,H
COMMITTED,SM,COMMITTED CARGO CARE LTD,H
COUNCODOS,EQ,COUNTRY CONDO S LIMITED,H
CREATIVEYE,BE,CREATIVE EYE LIMITED,H
DCM,EQ,DCM LTD,H
DCMFINSERV,BE,DCM FINANCIAL SERVICES LT,H
DIACABS,BE,DIAMOND POWER INFRA LTD,H
DIFFNKG,EQ,DIFFUSION ENGINEERS LTD,H
ENERGYDEV,EQ,ENERGY DEVE. CO.LTD,H
ENFUSE,ST,ENFUSE SOLUTIONS LIMITED,H
EQUIPPP,BE,EQUIPPP SOC IMP TECH LTD,H
ETML,ST,EMERALD TYRE MANUF LTD,H
EUROTEXIND,BE,EUROTEX IND & EXPORTS LTD,H
FEL,BZ,FUTURE ENTERPRISES LTD,H
FELDVR,BE,FUTURE ENTERPRISES LTD,H
GANESHIN,ST,GANESH INFRAWORLD LIMITED,H
GODHA,BE,GODHA CABCON INSULAT LTD,H
HAVISHA,BE,SRI HAVISHA HOSP & INFR L,H
HBSL,EQ,HB STOCKHOLDINGS LIMITED,H
HOMESFY,SM,HOMESFY REALTY LIMITED,H
HRHNEXT,ST,HRH NEXT SERVICES LIMITED,H
IBLFL,ST,IBL FINANCE LIMITED,H
ICDSLTD,EQ,ICDS LTD,H
IFBAGRO,EQ,IFB AGRO INDUSTRIES LTD,H
IL&FSTRANS,BZ,IL&FS TRANS NET LTD,H
INFOMEDIA,EQ,INFOMEDIA PRESS LIMITED,H
JALAN,ST,JALAN TRANSOLU. INDIA LTD,H
JAYBEE,ST,JAY BEE LAMINATIONS LTD,H
KCEIL,SM,KAY CEE ENERGY & INFRA L,H
KERNEX,EQ,KERNEX MICROSYS(I) LTD,H
KRIDHANINF,BE,KRIDHAN INFRA LIMITED,H
LAMOSAIC,ST,LAMOSAIC INDIA LIMITED,H
MAFANG,EQ,MIRAEAMC - MAFANG,H
MARINETRAN,SM,MARINETRANS INDIA LIMITED,H
MASPTOP50,EQ,MIRAEAMC - MASPTOP50,H
MHLXMIRU,EQ,MAHALAXMI RUBTECH LIMITED,H
MITTAL,EQ,MITTAL LIFE STYLE LIMITED,H
MOHITIND,EQ,MOHIT INDUSTRIES LTD,H
MPTODAY,SM,M P TODAY MEDIA LIMITED,H
NBIFIN,BE,N.B.I. IND. FIN. CO. LTD,H
NECLIFE,BE,NECTAR LIFESCIENCES LTD.,H
NEPHROCARE,ST,NEPHRO CARE INDIA LIMITED,H
NKIND,EQ,NK INDUSTRIES LTD,H
NOIDATOLL,BE,NOIDA TOLL BRIDGE CO LTD,H
OBSCP,ST,OBSC PERFECTION LIMITED,H
ORIENTALTL,BE,ORIENTAL TRIMEX LTD,H
PARSVNATH,BE,PARSVNATH DEVELOPER LTD,H
PREMIERPOL,BE,PREMIER POLYFILMS LTD,H
PULZ,ST,PULZ ELECTRONICS LIMITED,H
RBZJEWEL,BE,RBZ JEWELLERS LIMITED,H
RETAIL,EQ,JHS SVENDGAARD RETAIL V L,H
RHFL,BE,RELIANCE HOME FINANCE LTD,H
RILINFRA,ST,RACHANA INFRA LTD,H
RPOWER,BE,RELIANCE POWER LTD.,H
RVHL,EQ,RAVINDER HEIGHTS LIMITED,H
SAAKSHI,SM,SAAKSHI MEDTEC N PANELS L,H
SANGANI,ST,SANGANI HOSPITALS LIMITED,H
SANWARIA,BZ,SANWARIA CONSUMER LIMITED,H
SETCO,BE,SETCO AUTOMOTIVE LTD,H
SETUINFRA,BZ,SETUBANDHAN INFRA LTD,H
SHAKTIPUMP,BE,SHAKTI PUMPS (I) LTD,H
SHEKHAWATI,BE,SHEKHAWATI INDUSTRIES LTD,H
SHREEKARNI,SM,SHREE KARNI FABCOM LTD,H
SHUBHSHREE,ST,SHUBHSHREE BIOFUELS ENE L,H
SITINET,BE,SITI NETWORKS LIMITED,H
SOFTTECH,EQ,SOFTTECH ENGINEERS LTD,H
SONUINFRA,SM,SONU INFRATECH LIMITED,H
SPMLINFRA,BE,SPML INFRA LIMITED,H
SPRL,ST,SP REFRACTORIES LIMITED,H
SUPREMEINF,BZ,SUPREME INFRA. LTD,H
SWARAJ,ST,SWARAJ SUITING LIMITED,H
TAC,ST,TAC INFOSEC LIMITED,H
TECHLABS,SM,TRIDENT TECHLABS LIMITED,H
THOMASCOTT,EQ,THOMAS SCOTT (INDIA) LTD,H
TIRUPATIFL,BE,TIRUPATI FORGE LIMITED,H
TNTELE,EQ,TAMILNADU TELECOMMUNICATI,H
TPHQ,EQ,TEAMO PRODUCTIONS HQ LTD,H
UHTL,ST,UNITED HEAT TRANSFER LTD,H
UMESLTD,EQ,USHA MARTIN EDU & SOL LTD,H
URBAN,ST,URBAN ENVIRO WASTE MGMT L,H
UWCSL,SM,ULTRA WIRING CONN SYS LTD,H
VCL,BE,VAXTEX COTFAB LIMITED,H
VINNY,BE,VINNY OVERSEAS LIMITED,H
VSCL,SM,VADIVARHE SPCLTY CHEM LTD,H
WEALTH,BE,WEALTH FRST PORT. MG. LTD,H
WINDMACHIN,EQ,WINDSOR MACHINES LIMITED,H
WIPL,EQ,THE WESTERN INDIA PLY LTD,H
WOMANCART,ST,WOMANCART LIMITED,H
ZODIAC,EQ,ZODIAC ENERGY LIMITED,H
21STCENMGM,BE,21ST CENTURY MGMT SERVICE,L
63MOONS,EQ,63 MOONS TECHNOLOGIES LTD,L
689MH31,SG,SDL MH 6.89% 2031,L
ABHAPOWER,ST,ABHA POWER N STEEL LTD,L
ANKITMETAL,BZ,ANKIT MET & POW LTD,L
APEXECO,ST,APEX ECOTECH LIMITED,L
APRAMEYA,ST,APRAMEYA ENGINEERING LTD,L
ARENTERP,BE,RAJDARSHAN INDUSTRIES LTD,L
ARTNIRMAN,BE,ART NIRMAN LIMITED,L
ARVINDPORT,ST,ARVIND PORT AND INFRA LTD,L
AYMSYNTEX,BE,AYM SYNTEX LIMITED,L
BANG,BE,BANG OVERSEAS LTD.,L
BBOX,EQ,BLACK BOX LIMITED,L
CADSYS,ST,CADSYS (INDIA) LIMITED,L
CMMIPL,SZ,CMM INFRAPROJECTS LIMITED,L
CMRSL,SM,CYBER MEDIA RES & SER LTD,L
CONTI,ST,CONTINENTAL SEED CHEM LTD,L
ELECTHERM,BE,ELECTROTHERM (I) LTD.,L
EMAMIREAL,BE,EMAMI REALTY LIMITED,L
ENSER,ST,ENSER COMMUNICATIONS LTD,L
ESSENTIA,BE,INTEGRA ESSENTIA LIMITED,L
FEL,BZ,FUTURE ENTERPRISES LTD,L
FELIX,ST,FELIX INDUSTRIES LTD.,L
GANESHIN,ST,GANESH INFRAWORLD LIMITED,L
GANGAFORGE,BE,GANGA FORGING LIMITED,L
GLOBALVECT,BE,GLOBAL VEC HELICORP LTD,L
GLOBE,EQ,GLOBE TEXTILES (I) LTD.,L
GOPAL,EQ,GOPAL SNACKS LIMITED,L
GTECJAINX,BE,G-TEC JAINX EDUCATION LTD,L
GUJRAFFIA,EQ,GUJARAT RAFFIA INDUST LTD,L
GVPTECH,EQ,GVP INFOTECH LIMITED,L
HECPROJECT,BE,HEC INFRA PROJECTS LTD,L
HOLMARC,ST,HOLMARC OPTO MECHATRO L,L
IL&FSENGG,BZ,IL&FS ENG AND CONS CO LTD,L
INSPIRISYS,EQ,INSPIRISYS SOLUTIONS LTD,L
JAINAM,ST,JAINAM FER ALLOYS (I) LTD,L
KKVAPOW,ST,KKV AGRO POWERS LTD.,L
KRIDHANINF,BE,KRIDHAN INFRA LIMITED,L
LAMOSAIC,ST,LAMOSAIC INDIA LIMITED,L
LGHL,EQ,LAXMI GOLDORNA HOUSE LTD,L
LPDC,BE,LANDMARK PR.DEV.CO.LTD,L
MCL,BE,MADHAV COPPER LIMITED,L
MCLEODRUSS,BE,MCLEOD RUSSEL INDIA LTD.,L
NDL,BE,NANDAN DENIM LIMITED,L
NEELAM,ST,NEELAM LINENS & GAR (I) L,L
NITCO,BE,NITCO LIMITED,L
ODIGMA,BE,ODIGMA CONSULTANCY SOL L,L
PARIN,ST,PARIN ENTERPRISES LIMITED,L
PERFECT,ST,PERFECT INFRAENGINEER LTD,L
QFIL,SM,QUALITY FOILS (INDIA) LTD,L
QUADPRO,SM,QUADPRO ITES LIMITED,L
RAJPUTANA,ST,RAJPUTANA BIODIESEL LTD,L
RAJRILTD,BE,RAJ RAYON INDUSTRIES LTD,L
RILINFRA,ST,RACHANA INFRA LTD,L
RKEC,EQ,RKEC PROJECTS LIMITED,L
RVHL,EQ,RAVINDER HEIGHTS LIMITED,L
RVTH,BE,REVATHI EQUIPMENT INDIA L,L
SAGILITY,EQ,SAGILITY INDIA LIMITED,L
SANWARIA,BZ,SANWARIA CONSUMER LIMITED,L
SEMAC,BE,SEMAC CONSULTANTS LIMITED,L
SHAH,BE,SHAH METACORP LIMITED,L
SICALLOG,BE,SICAL LOGISTICS LIMITED,L
SIDDHIKA,SM,SIDDHIKA COATINGS LIMITED,L
SITINET,BE,SITI NETWORKS LIMITED,L
SOMATEX,BE,SOMA TEXTILEI NDUSTRIES L,L
SPRL,ST,SP REFRACTORIES LIMITED,L
TGL,ST,TEERTH GOPICON LIMITED,L
TIRUPATIFL,BE,TIRUPATI FORGE LIMITED,L
TNTELE,EQ,TAMILNADU TELECOMMUNICATI,L
TTL,BE,T T LIMITED,L
VHLTD-RE,BE,VICEROY HOTELS LTD,L
VSCL,SM,VADIVARHE SPCLTY CHEM LTD,L
WANBURY,EQ,WANBURY LIMITED,L
ZAGGLE,BE,ZAGGLE PREPA OCEAN SER L,L
