Date,Symbol,Security Name,Client Name,Buy/Sell,Quantity Traded,Trade Price / Wght. Avg. Price,Remarks
12-DEC-2024,ABHAPOWER,Abha Power N Steel Ltd,MANSI SHARE AND STOCK ADVISORS PVT LTD,BUY,256000,57.32,-
12-DEC-2024,AKSHOPTFBR,Aksh Optifibre Limited,VIJAY KUMAR AGGARWAL,BUY,1000000,13.44,-
12-DEC-2024,AKSHOPTFBR,Aksh Optifibre Limited,SHARE INDIA SECURITIES LIMITED,BUY,783828,13.47,-
12-DEC-2024,AKSHOPTFBR,Aksh Optifibre Limited,NK SECURITIES RESEARCH PRIVATE LIMITED,BUY,878415,13.38,-
12-DEC-2024,APEXECO,Apex Ecotech Limited,BLP EQUITY RESEARCH PRIVATE LIMITED,BUY,182400,118.26,-
12-DEC-2024,CANTABIL,Cantabil Retail Ltd,CAPRI GLOBAL HOLDINGS PRIVATE LIMITED,BUY,450000,254.79,-
12-DEC-2024,CEATLTD,CEAT Limited,GRAVITON RESEARCH CAPITAL LLP,BUY,220787,3254.10,-
12-DEC-2024,COMMITTED,Committed Cargo Care Ltd,DB INTERNATIONAL STOCK BROKERS LIMITED,BUY,200000,73.35,-
12-DEC-2024,DBEIL,Deepak Builders & Eng I L,HRTI PRIVATE LIMITED,BUY,262200,196.66,-
12-DEC-2024,DBEIL,Deepak Builders & Eng I L,GRAVITON RESEARCH CAPITAL LLP,BUY,324183,197.33,-
12-DEC-2024,EFACTOR,E Factor Experiences Ltd,FINAVENUE GROWTH FUND,BUY,84800,304.12,-
12-DEC-2024,ETML,Emerald Tyre Manuf Ltd,ALGOQUANT FINANCIALS LLP,BUY,120000,180.50,-
12-DEC-2024,ETML,Emerald Tyre Manuf Ltd,YUGA STOCKS AND COMMODITIES PRIVATE LIMITED,BUY,393600,189.50,-
12-DEC-2024,ETML,Emerald Tyre Manuf Ltd,NEO APEX SHARE BROKING SERVICES LLP,BUY,516000,180.50,-
12-DEC-2024,ETML,Emerald Tyre Manuf Ltd,CINCO STOCK VISION LLP,BUY,120000,189.50,-
12-DEC-2024,GANESHIN,Ganesh Infraworld Limited,STATSOL RESEARCH LLP,BUY,36800,135.52,-
12-DEC-2024,GANESHIN,Ganesh Infraworld Limited,MULTIPLIER SHARE & STOCK ADVISORS PRIVATE LIMITED,BUY,480000,134.90,-
12-DEC-2024,GANESHIN,Ganesh Infraworld Limited,MAVIRA GROWTH OPPORTUNITIES FUND,BUY,233600,144.23,-
12-DEC-2024,GANESHIN,Ganesh Infraworld Limited,ISHAAN TRADEFIN LLP,BUY,649600,134.90,-
12-DEC-2024,JALAN,Jalan Transolu. India Ltd,PARTHA PRATIM ROYCHOWDHURY,BUY,96000,6.98,-
12-DEC-2024,LAMOSAIC,Lamosaic India Limited,MULTIPLIER SHARE & STOCK ADVISORS PRIVATE LIMITED,BUY,199800,108.70,-
12-DEC-2024,LAMOSAIC,Lamosaic India Limited,RATHOD MANOJ CHHAGANLAL HUF,BUY,52800,108.70,-
12-DEC-2024,MADHAV,Madhav Marbles and Granit,PUNEET MITTAL HUF,BUY,41020,64.56,-
12-DEC-2024,MHLXMIRU,Mahalaxmi Rubtech Limited,JOLLY ANKIT SHAH,BUY,19782,281.00,-
12-DEC-2024,MHLXMIRU,Mahalaxmi Rubtech Limited,DINESH MUNJAL(HUF),BUY,71100,282.10,-
12-DEC-2024,MHLXMIRU,Mahalaxmi Rubtech Limited,SETU SECURITIES PVT LTD,BUY,64922,281.97,-
12-DEC-2024,MHLXMIRU,Mahalaxmi Rubtech Limited,NISHANT  PITTI,BUY,559543,280.01,-
12-DEC-2024,MHLXMIRU,Mahalaxmi Rubtech Limited,NK SECURITIES RESEARCH PRIVATE LIMITED,BUY,55733,262.99,-
12-DEC-2024,MHLXMIRU,Mahalaxmi Rubtech Limited,SHARE INDIA SECURITIES LIMITED,BUY,84901,282.40,-
12-DEC-2024,MITTAL,Mittal Life Style Limited,RAJESH SUBHASH JANGAM,BUY,4556948,2.28,-
12-DEC-2024,MITTAL,Mittal Life Style Limited,HRTI PRIVATE LIMITED,BUY,4611916,2.41,-
12-DEC-2024,MITTAL,Mittal Life Style Limited,COMFORT CAPITAL PRIVATE LIMITED,BUY,6796813,2.45,-
12-DEC-2024,MITTAL,Mittal Life Style Limited,INDRA KIRAN VENTURES,BUY,2848376,2.50,-
12-DEC-2024,MTARTECH,MTAR Technologies Limited,SHARE INDIA SECURITIES LIMITED,BUY,156199,1653.96,-
12-DEC-2024,MTARTECH,MTAR Technologies Limited,MANSI SHARE AND STOCK ADVISORS PVT LTD,BUY,117730,1654.25,-
12-DEC-2024,MTARTECH,MTAR Technologies Limited,F3 ADVISORS PRIVATE LIMITED,BUY,216484,1652.89,-
12-DEC-2024,MTNL,Maha Tel Nigam Ltd.,HRTI PRIVATE LIMITED,BUY,5137312,59.47,-
12-DEC-2024,MTNL,Maha Tel Nigam Ltd.,QE SECURITIES LLP,BUY,2696149,59.45,-
12-DEC-2024,MTNL,Maha Tel Nigam Ltd.,AAKRAYA RESEARCH LLP,BUY,1961303,59.25,-
12-DEC-2024,NUVAMA,Nuvama Wealth Manage Ltd,KOTAK EMERGING EQUITY SCHEME,BUY,271175,6851.00,-
12-DEC-2024,SHANTI,Shanti Overseas (Ind) Ltd,BANSRAJ GOND,BUY,365700,15.75,-
12-DEC-2024,SHANTI,Shanti Overseas (Ind) Ltd,ELAN VENTURES PRIVATE LIMITED,BUY,305159,15.58,-
12-DEC-2024,STARCEMENT,Star Cement Limited,GRAVITON RESEARCH CAPITAL LLP,BUY,2808979,220.99,-
12-DEC-2024,TTML,Tata Teleservices (Mahara,GRAVITON RESEARCH CAPITAL LLP,BUY,10720628,86.37,-
12-DEC-2024,ABHAPOWER,Abha Power N Steel Ltd,HIRISE INFRACON LIMITED,SELL,184000,57.74,-
12-DEC-2024,ABHAPOWER,Abha Power N Steel Ltd,MANSI SHARE AND STOCK ADVISORS PVT LTD,SELL,80000,57.54,-
12-DEC-2024,ABHAPOWER,Abha Power N Steel Ltd,GRETEX SHARE BROKING LIMITED,SELL,97600,57.59,-
12-DEC-2024,AKSHOPTFBR,Aksh Optifibre Limited,SHARE INDIA SECURITIES LIMITED,SELL,817519,13.54,-
12-DEC-2024,AKSHOPTFBR,Aksh Optifibre Limited,NK SECURITIES RESEARCH PRIVATE LIMITED,SELL,879188,13.40,-
12-DEC-2024,APEXECO,Apex Ecotech Limited,MULTIPLIER SHARE & STOCK ADVISORS PRIVATE LIMITED,SELL,262400,122.98,-
12-DEC-2024,CEATLTD,CEAT Limited,GRAVITON RESEARCH CAPITAL LLP,SELL,220787,3254.91,-
12-DEC-2024,DBEIL,Deepak Builders & Eng I L,HRTI PRIVATE LIMITED,SELL,240514,197.30,-
12-DEC-2024,DBEIL,Deepak Builders & Eng I L,GRAVITON RESEARCH CAPITAL LLP,SELL,324183,197.41,-
12-DEC-2024,EFACTOR,E Factor Experiences Ltd,JAI  THAKORE,SELL,100000,303.88,-
12-DEC-2024,GANESHIN,Ganesh Infraworld Limited,MULTIPLIER SHARE & STOCK ADVISORS PRIVATE LIMITED,SELL,240000,134.90,-
12-DEC-2024,GANESHIN,Ganesh Infraworld Limited,STATSOL RESEARCH LLP,SELL,219200,144.34,-
12-DEC-2024,KERNEX,Kernex Microsystems (Indi,ANANT JAIN,SELL,167800,1383.00,-
12-DEC-2024,LAMOSAIC,Lamosaic India Limited,MULTIPLIER SHARE & STOCK ADVISORS PRIVATE LIMITED,SELL,17400,108.70,-
12-DEC-2024,LAMOSAIC,Lamosaic India Limited,QUANTUM QUASAR CAPITAL,SELL,148200,109.95,-
12-DEC-2024,LAMOSAIC,Lamosaic India Limited,EPITOME TRADING AND INVESTMENTS,SELL,225600,109.75,-
12-DEC-2024,LAMOSAIC,Lamosaic India Limited,NIKHIL RAJESH SINGH,SELL,139200,108.79,-
12-DEC-2024,LAMOSAIC,Lamosaic India Limited,GLOBALWORTH SECURITIES LIMITED,SELL,106200,111.54,-
12-DEC-2024,MADHAV,Madhav Marbles and Granit,PUNEET MITTAL HUF,SELL,49513,64.54,-
12-DEC-2024,MHLXMIRU,Mahalaxmi Rubtech Limited,SHARE INDIA SECURITIES LIMITED,SELL,192901,281.06,-
12-DEC-2024,MHLXMIRU,Mahalaxmi Rubtech Limited,SETU SECURITIES PVT LTD,SELL,64922,281.68,-
12-DEC-2024,MHLXMIRU,Mahalaxmi Rubtech Limited,DINESH MUNJAL(HUF),SELL,72100,281.10,-
12-DEC-2024,MHLXMIRU,Mahalaxmi Rubtech Limited,JOLLY ANKIT SHAH,SELL,72886,282.35,-
12-DEC-2024,MHLXMIRU,Mahalaxmi Rubtech Limited,NISHANT  PITTI,SELL,130098,282.75,-
12-DEC-2024,MHLXMIRU,Mahalaxmi Rubtech Limited,NK SECURITIES RESEARCH PRIVATE LIMITED,SELL,57269,264.07,-
12-DEC-2024,MITTAL,Mittal Life Style Limited,INDRA KIRAN VENTURES,SELL,1566023,2.49,-
12-DEC-2024,MITTAL,Mittal Life Style Limited,HRTI PRIVATE LIMITED,SELL,3918411,2.41,-
12-DEC-2024,MITTAL,Mittal Life Style Limited,RAJESH SUBHASH JANGAM,SELL,1307649,2.41,-
12-DEC-2024,MITTAL,Mittal Life Style Limited,COMFORT CAPITAL PRIVATE LIMITED,SELL,6143772,2.48,-
12-DEC-2024,MTARTECH,MTAR Technologies Limited,F3 ADVISORS PRIVATE LIMITED,SELL,218884,1655.61,-
12-DEC-2024,MTARTECH,MTAR Technologies Limited,MANSI SHARE AND STOCK ADVISORS PVT LTD,SELL,182735,1667.20,-
12-DEC-2024,MTARTECH,MTAR Technologies Limited,SHARE INDIA SECURITIES LIMITED,SELL,161799,1656.22,-
12-DEC-2024,MTARTECH,MTAR Technologies Limited,DWARAM ANITHA REDDY,SELL,440431,1650.86,-
12-DEC-2024,MTARTECH,MTAR Technologies Limited,USHAREDDYCHIGARAPALLI,SELL,355445,1656.67,-
12-DEC-2024,MTNL,Maha Tel Nigam Ltd.,QE SECURITIES LLP,SELL,2763363,59.41,-
12-DEC-2024,MTNL,Maha Tel Nigam Ltd.,HRTI PRIVATE LIMITED,SELL,5496195,59.42,-
12-DEC-2024,MTNL,Maha Tel Nigam Ltd.,AAKRAYA RESEARCH LLP,SELL,1961303,59.30,-
12-DEC-2024,NEULANDLAB,Neuland Laboratories Ltd,SMALLCAP WORLD FUND INC,SELL,484434,15618.16,-
12-DEC-2024,NUVAMA,Nuvama Wealth Manage Ltd,ECAP EQUITIES LIMITED,SELL,1215545,6854.15,-
12-DEC-2024,NUVAMA,Nuvama Wealth Manage Ltd,EDEL FINANCE COMPANY LIMITED,SELL,1334455,6941.30,-
12-DEC-2024,PITTIENG,Pitti Engineering Limited,AKSHAY SHARAD PITTI,SELL,204500,1410.01,-
12-DEC-2024,RAJMET,Rajnandini Metal Limited,SURENDER  SHARMA,SELL,4600000,9.05,-
12-DEC-2024,RAJPUTANA,Rajputana Biodiesel Ltd,KUMAR VINOD,SELL,50000,271.00,-
12-DEC-2024,SHANTI,Shanti Overseas (Ind) Ltd,KARUNA KACHOLIA,SELL,500000,15.75,-
12-DEC-2024,SHANTI,Shanti Overseas (Ind) Ltd,ELAN VENTURES PRIVATE LIMITED,SELL,5159,15.54,-
12-DEC-2024,SHANTI,Shanti Overseas (Ind) Ltd,BANSRAJ GOND,SELL,184095,15.35,-
12-DEC-2024,SHUBHSHREE,Shubhshree Biofuels Ene L,CRAFT EMERGING MARKET FUND PCC- CITADEL CAPITAL FUND,SELL,30000,324.88,-
12-DEC-2024,STARCEMENT,Star Cement Limited,GRAVITON RESEARCH CAPITAL LLP,SELL,2808979,221.06,-
12-DEC-2024,TTML,Tata Teleservices (Mahara,GRAVITON RESEARCH CAPITAL LLP,SELL,10720628,86.42,-
