Sr. No,Symbol,Series,Security Name,From,To
1,ARENTERP,BE,RAJDARSHAN INDUSTRIES LIMITED,10,5
2,HBSL,EQ,HB STOCKHOLDINGS LIMITED,10,5
3,HINDCON,BE,HINDCON CHEMICALS LIMITED,10,5
4,JAINAM,ST,JAINAM FERRO ALLOYS (I) LIMITED,10,5
5,KREBSBIO,BE,KREBS BIOCHEMICALS AND INDUSTRIES LIMITED,10,5
6,KRIDHANINF,BE,KRIDHAN INFRA LIMITED,10,5
7,TNTELE,EQ,TAMILNADU TELECOMMUNICATION LIMITED,10,5
8,APRAMEYA,ST,APRAMEYA ENGINEERING LIMITED,20,5
9,ARTNIRMAN,BE,ART NIRMAN LIMITED,20,5
10,LGHL,EQ,LAXMI GOLDORNA HOUSE LIMITED,20,10
11,LPDC,BE,LANDMARK PROPERTY DEVELOPMENT COMPANY LIMITED,20,5
12,MHLXMIRU,EQ,MAHALAXMI RUBTECH LIMITED,20,10
13,PARAGON,ST,PARAGON FINE AND SPECIALITY CHEMICAL LIMITED,20,5
14,TTL,BE,T T LIMITED,20,5
15,CMNL,ST,CHAMAN METALLICS LIMITED,5,2
16,REGENCERAM,BE,REGENCY CERAMICS LIMITED,5,2
17,SUMIT,BE,SUMIT WOODS LIMITED,5,2
