GAIN_LOSS,SECURITY,CLOSE_PRIC,PREV_CL_PR,PERCENT_CG
 ,Nifty 50 Sec., , , 
 , , , , 
G,ADANI ENTERPRISES LIMITED,      2504.10,      2457.25,1.91
G,BHARTI AIRTEL LIMITED,      1610.55,      1586.00,1.55
G,TECH MAHINDRA LIMITED,      1789.60,      1762.80,1.52
G,INDUSIND BANK LIMITED,       997.95,       984.85,1.33
G,ADANI PORT & SEZ LTD,      1244.00,      1233.80,.83
G,INFOSYS LIMITED,      1987.00,      1974.15,.65
G,TATA CONSULTANCY SERV LT,      4454.95,      4427.45,.62
G,JSW STEEL LIMITED,      1005.80,      1000.20,.56
G,DR. REDDY S LABORATORIES,      1245.40,      1238.55,.55
G,POWER GRID CORP. LTD.,       329.20,       327.55,.5
G,HCL TECHNOLOGIES LTD,      1936.20,      1930.90,.27
G,BAJAJ FINANCE LIMITED,      7125.80,      7115.10,.15
G,ICICI BANK LTD.,      1329.25,      1327.50,.13
G,TATA STEEL LIMITED,       150.78,       150.60,.12
G,EICHER MOTORS LTD,      4807.65,      4801.95,.12
G,WIPRO LTD,       309.10,       309.00,.03
 , , , , 
L,NTPC LTD,       355.60,       365.50,-2.71
L,HINDUSTAN UNILEVER LTD.,      2344.95,      2401.35,-2.35
L,HERO MOTOCORP LIMITED,      4556.75,      4650.45,-2.01
L,COAL INDIA LTD,       409.10,       416.95,-1.88
L,BHARAT PETROLEUM CORP  LT,       302.15,       307.45,-1.72
L,SBI LIFE INSURANCE CO LTD,      1432.50,      1456.15,-1.62
L,TATA MOTORS LIMITED,       786.35,       799.10,-1.6
L,APOLLO HOSPITALS ENTER. L,      7227.10,      7340.80,-1.55
L,TATA CONSUMER PRODUCT LTD,       921.25,       935.05,-1.48
L,LARSEN & TOUBRO LTD.,      3859.90,      3916.75,-1.45
L,KOTAK MAHINDRA BANK LTD,      1768.70,      1794.70,-1.45
L,HDFC LIFE INS CO LTD,       626.55,       634.65,-1.28
L,BRITANNIA INDUSTRIES LTD,      4828.35,      4889.50,-1.25
L,RELIANCE INDUSTRIES LTD,      1262.90,      1278.20,-1.2
L,BAJAJ AUTO LIMITED,      8963.25,      9069.85,-1.18
L,ASIAN PAINTS LIMITED,      2389.55,      2417.30,-1.15
L,ITC LTD,       460.60,       465.25,-1
L,OIL AND NATURAL GAS CORP.,       254.05,       256.60,-0.99
L,MARUTI SUZUKI INDIA LTD.,     11167.40,     11277.75,-0.98
L,STATE BANK OF INDIA,       853.70,       861.60,-0.92
L,TITAN COMPANY LIMITED,      3445.75,      3473.10,-0.79
L,NESTLE INDIA LIMITED,      2224.05,      2241.05,-0.76
L,TRENT LTD,      7012.50,      7063.30,-0.72
L,CIPLA LTD,      1445.40,      1454.10,-0.6
L,SUN PHARMACEUTICAL IND L,      1805.45,      1814.00,-0.47
L,BAJAJ FINSERV LTD.,      1679.30,      1686.50,-0.43
L,GRASIM INDUSTRIES LTD,      2660.05,      2670.75,-0.4
L,BHARAT ELECTRONICS LTD,       312.95,       314.10,-0.37
L,ULTRATECH CEMENT LIMITED,     11856.95,     11898.50,-0.35
L,HINDALCO  INDUSTRIES  LTD,       668.70,       670.50,-0.27
 , , , , 
 ,Nifty Next 50 Sec., , , 
 , , , , 
G,ADANI GREEN ENERGY LTD,      1217.95,      1148.05,6.09
G,ADANI POWER LTD,       539.85,       519.25,3.97
G,ADANI ENERGY SOLUTION LTD,       818.15,       791.50,3.37
G,ADANI TOTAL GAS LIMITED,       730.40,       717.50,1.8
G,MACROTECH DEVELOPERS LTD,      1436.30,      1411.00,1.79
G,VEDANTA LIMITED,       522.00,       514.35,1.49
G,JSW ENERGY LIMITED,       685.25,       677.60,1.13
G,LTIMINDTREE LIMITED,      6667.65,      6598.60,1.05
G,BAJAJ HOLDINGS & INVS LTD,     11273.45,     11167.75,0.95
G,INFO EDGE (I) LTD,      8614.30,      8557.05,0.67
G,ICICI LOMBARD GIC LIMITED,      1961.35,      1948.65,0.65
G,UNITED SPIRITS LIMITED,      1525.95,      1516.80,0.6
G,SIEMENS LTD,      7916.25,      7871.00,0.57
G,JINDAL STEEL & POWER LTD,      1000.25,       994.65,0.56
G,DIVI S LABORATORIES LTD,      5951.70,      5927.95,0.4
G,VARUN BEVERAGES LIMITED,       646.25,       643.95,0.36
G,HAVELLS INDIA LIMITED,      1757.95,      1752.25,0.33
G,HINDUSTAN AERONAUTICS LTD,      4660.55,      4649.70,0.23
G,BOSCH LIMITED,     36270.75,     36217.55,0.15
 , , , , 
L,BHEL,       244.50,       253.70,-3.63
L,ZOMATO LIMITED,       284.90,       291.80,-2.36
L,GODREJ CONSUMER PRODUCTS,      1111.10,      1135.30,-2.13
L,INDIAN RAIL TOUR CORP LTD,       839.90,       855.45,-1.82
L,REC LIMITED,       559.55,       569.75,-1.79
L,TORRENT PHARMACEUTICALS L,      3327.85,      3374.85,-1.39
L,JIO FIN SERVICES LTD,       338.30,       343.00,-1.37
L,INDIAN RAILWAY FIN CORP L,       162.73,       164.91,-1.32
L,NHPC LTD,        85.04,        86.11,-1.24
L,SAMVRDHNA MTHRSN INTL LTD,       164.79,       166.81,-1.21
L,INDIAN OIL CORP LTD,       141.48,       143.19,-1.19
L,AMBUJA CEMENTS LTD,       571.75,       578.45,-1.16
L,CANARA BANK,       107.50,       108.75,-1.15
L,LIFE INSURA CORP OF INDIA,       928.50,       938.80,-1.1
L,POWER FIN CORP LTD.,       507.75,       513.00,-1.02
L,ZYDUS LIFESCIENCES LTD,       976.50,       986.45,-1.01
L,DLF LIMITED,       867.10,       875.75,-0.99
L,ABB INDIA LIMITED,      7657.05,      7728.75,-0.93
L,PUNJAB NATIONAL BANK,       107.82,       108.58,-0.7
L,BANK OF BARODA,       259.20,       260.77,-0.6
L,AVENUE SUPERMARTS LIMITED,      3688.45,      3708.30,-0.54
L,ICICI PRU LIFE INS CO LTD,       691.95,       695.35,-0.49
L,CHOLAMANDALAM IN & FIN CO,      1343.05,      1348.95,-0.44
L,DABUR INDIA LTD,       506.65,       508.35,-0.33
L,TVS MOTOR COMPANY  LTD,      2523.75,      2531.45,-0.3
L,GAIL (INDIA) LTD,       205.22,       205.82,-0.29
L,TATA POWER CO LTD,       433.55,       434.80,-0.29
L,SHREE CEMENT LIMITED,     27228.75,     27305.50,-0.28
L,UNION BANK OF INDIA,       128.88,       129.19,-0.24
L,PIDILITE INDUSTRIES LTD,      3190.10,      3191.20,-0.03
 , , , , 
 ,OTHER SECURITIES, , , 
 , , , , 
G,COMMITTED CARGO CARE LTD,        73.50,        61.25,20
G,CENTUM ELECTRONICS LTD,      1995.75,      1663.15,20
G,DCM LTD,       118.24,        98.54,19.99
G,AGNI GREEN POWER LTD,        50.75,        42.30,19.98
G,MARINETRANS INDIA LIMITED,        29.25,        24.40,19.88
G,UNSEC RED NCD 10.5% SR.VI,      1128.00,       942.00,19.75
G,SEC RE NCD 9.39% SR.VIII,       993.00,       830.10,19.62
G,AKSH OPTIFIBRE LIMITED,        13.85,        11.62,19.19
G,MITTAL LIFE STYLE LIMITED,         2.49,         2.10,18.57
G,ZINKA LOGISTICS SOL LTD,       424.10,       357.85,18.51
G,SEC RE NCD 10.35% SR III,       774.87,       660.00,17.4
G,BLISS GVS PHARMA LTD,       173.73,       151.80,14.45
G,SINTERCOM INDIA LIMITED,       176.21,       156.84,12.35
G,SRM CONTRACTORS LIMITED,       352.95,       320.25,10.21
G,MAHALAXMI RUBTECH LIMITED,       282.75,       257.05,10
G,SAAKSHI MEDTEC N PANELS L,       242.05,       220.05,10
G,KAY CEE ENERGY & INFRA L,       398.85,       362.60,10
G,ICDS LTD,        63.05,        57.32,10
G,ARVEE LABORATORIES I LTD,       226.35,       205.78,10
G,COUNTRY CONDO S LIMITED,         7.75,         7.05,9.93
G,MOHIT INDUSTRIES LTD,        42.06,        38.34,9.7
G,CHALET HOTELS LIMITED,      1017.00,       927.10,9.7
G,STAR CEMENT LIMITED,       220.24,       201.12,9.51
G,HVAX TECHNOLOGIES LIMITED,       626.95,       572.90,9.43
G,UMANG DAIRIES LIMITED,       116.23,       106.27,9.37
G,SEC RE NCD SR VIII,      1145.10,      1050.00,9.06
G,3I INFOTECH LIMITED,        32.97,        30.33,8.7
G,DIC INDIA LIMITED,       744.90,       686.80,8.46
G,SOFTTECH ENGINEERS LTD,       551.40,       510.05,8.11
G,SASTASUNDAR VENTURES LTD,       377.25,       350.20,7.72
 , , , , 
L,TFB 7.37% 2035 SR. 3A,      1260.00,      1573.00,-19.9
L,8.48%S-R-NCD SERIES 2A,      1200.00,      1460.00,-17.81
L,SEC RED NCD 9.57% SR. V,       896.00,       999.95,-10.4
L,SEC RE NCD 0% SR.VII,       942.00,      1048.00,-10.11
L,GLOBE TEXTILES (I) LTD.,         5.08,         5.65,-10.09
L,NGIL RS. 6 PPD UP,        22.22,        24.32,-8.63
L,RAJNANDINI METAL LIMITED,         9.02,         9.81,-8.05
L,SEC RE NCD 7.80% SR V,       990.00,      1075.00,-7.91
L,GOPAL SNACKS LIMITED,       416.35,       451.70,-7.83
L,NATIONAL ALUMINIUM CO LTD,       230.78,       249.53,-7.51
L,DISHMAN CARBO AMCIS LTD,       278.89,       301.53,-7.51
L,GLOBAL EDUCATION LIMITED,        75.60,        81.43,-7.16
L,SHILPA MEDICARE LTD,       819.50,       880.15,-6.89
L,SUVEN LIFE SCIENCES LTD,       148.52,       158.50,-6.3
L,PIX TRANSMISSIONS LIMITED,      2384.10,      2541.30,-6.19
L,SUVIDHAA INFOSERVE LTD,         5.98,         6.37,-6.12
L,BAJAJ HOUSING FINANCE LTD,       132.75,       141.40,-6.12
L,RATNAVEER PRECISION ENG L,       197.83,       210.35,-5.95
L,KRISHCA STRAPPING SLTN L,       317.25,       337.15,-5.9
L,SARVESHWAR FOODS LIMITED,        10.80,        11.47,-5.84
L,BURNPUR CEMENT LTD.,         7.15,         7.59,-5.8
L,S D RETAIL LIMITED,       191.80,       203.50,-5.75
L,ENVIROTECH SYSTEMS LTD,       130.40,       138.35,-5.75
L,ACCURACY SHIPPING LIMITED,        11.16,        11.84,-5.74
L,SEC RED NCD SR.X,      1601.00,      1698.00,-5.71
L,NEULAND LAB LTD.,     15989.35,     16954.65,-5.69
L,SHIVA MILLS LIMITED,       100.20,       106.22,-5.67
L,NITIRAJ ENGINEERS LTD,       225.82,       239.16,-5.58
L,INDO US BIOTECH LTD,       355.90,       376.10,-5.37
L,STARTECK FINANCE LIMITED,       312.45,       330.05,-5.33
