SECURITY,NEW,PREVIOUS,NEW_STATUS
ELECTROTHERM (I) LTD.,1455,1436.25,H
INFO EDGE (I) LTD,8778.65,8656.3,H
BSE LIMITED,5717.7,5607.95,H
SHRE PUSH CHEM & FERT LTD,373.95,360.7,H
ARIHANT SUPERSTRUCT LTD,471.45,458,H
ICICIPRAMC - ICICITECH,49.41,49.11,H
SATHLOKHAR SYN E&C GLOB L,486,480,H
TRANSWORLD SHIP LINES LTD,492,480,H
7.36% TAX FREE NCD,1125.15,1124.9,H
ULTRA WIRING CONN SYS LTD,164.9,157.05,H
RADAAN MEDIAWORKS (I) LTD,6.01,5.9,H
SEC RE NCD SR.V,1290.45,1282.52,H
SPECTRUM TALENT MGMT LTD,212.15,210.35,H
SURANI STEEL TUBES LTD.,212.15,211.75,H
TAC INFOSEC LIMITED,961,915.25,H
UNITED POLYFAB GUJ. LTD.,151.04,148.08,H
CMM INFRAPROJECTS LIMITED,2.75,2.7,H
SEC RE NCD SR III,1009.05,999,H
63 MOONS TECHNOLOGIES LTD,963.45,917.6,H
T T LIMITED,176.34,106.95,H
PARIN ENTERPRISES LIMITED,409,400,H
AUTHUM INVEST & INFRA LTD,1910.45,1900,H
AEROFLEX INDUSTRIES LTD,234.45,231,H
SAMPANN UTPADAN INDIA LTD,43,42.74,H
DSPAMC - DSPITETF,46.99,46.48,H
SEC RE NCD 9% SR.IV,1040,1035.55,H
TECHERA ENGINEER (IND) L,227.05,222.6,H
SEC RE NCD 9.39% SR.VIII,993,950,H
SEC RE NCD SR VIII,1145.1,1069,H
SHANKAR LAL RAMPAL LTD,85.99,84.31,H
SHREE VASU LOGISTICS LTD,339,338.9,H
GSM FOILS LIMITED,113.75,111.55,H
SEC RE NCD 9.25% SR II,979,975,H
EID PARRY INDIA LTD,947.3,926.8,H
NELCO LTD,1495,1398.8,H
TRANS & RECTI. LTD,1139.95,1087.25,H
UTI ASSET MNGMT CO LTD,1403.65,1400,H
TARAPUR TRANSFORMERS LTD,45.57,44.68,H
TATAAML - TNIDETF,104.23,103.44,H
JUBILANT INGREVIA LIMITED,885,859.15,H
AMBANI ORGOCHEM LIMITED,129.75,123.6,H
SBIAMC - SBIETFIT,492.76,487.02,H
NITCO LIMITED,146,144.79,H
THOMAS SCOTT (INDIA) LTD,340.2,324,H
RAVINDER HEIGHTS LIMITED,73.84,70.41,H
8.50% TAX FREE TR I S IIA,1195,1190,H
SEC RE NCD 9.65% SR.I,1059.42,1055,H
SEC RE NCD 9% SR.IV,1078,1077,H
GHCL LIMITED,759.4,726.8,H
FIRSTSOURCE SOLU. LTD.,391.5,390.85,H
ECLERX SERVICES LTD,3874.5,3873.65,H
UTIAMC - NIFITETF,469,459.99,H
FUTURE MKT NETWORKS LTD,22.27,21.84,H
BGR ENERGY SYSTEMS LTD,63.58,57.01,H
AYM SYNTEX LIMITED,326.11,310.59,H
TRIDENT TECHLABS LIMITED,1447.25,1446.7,H
GOI TBILL 182D-17/01/25,99.2,99.1,H
SKY GOLD LIMITED,4675,4560,H
SUPREME INFRA. LTD,158.39,150.85,H
DEEPAK BUILDERS & ENG I L,204.9,200,H
SUPER SPINNING MILLS LTD,13.52,13.26,H
ZINKA LOGISTICS SOL LTD,429.4,382.85,H
APRAMEYA ENGINEERING LTD,122.95,83,H
DIC INDIA LIMITED,824.1,750,H
SKIPPER LIMITED,665,645,H
NILA SPACES LIMITED,17.25,16.92,H
AXISAMC - AXISTECETF,491.57,489.7,H
THE ANUP ENGINEERING LTD,3859.4,3822.45,H
ANKIT MET & POW LTD,4.14,4.07,H
AERON COMPOSITE LIMITED,163.25,160,H
KOTAKMAMC - KOTAKIT,49.09,48.48,H
SEC RE NCD 9.80% SR.VII,1060,945,H
SEC RE NCD SR.II,1160,1139,H
CYBERTECH SYSTEMS & SOFTW,238,237.76,H
SABAR FLEX INDIA LIMITED,16.65,16.4,H
SEC RE NCD SR VI,1000,974.8,H
THE P K TEA PROD CO LTD,749,748.95,H
ZEN TECHNOLOGIES LIMITED,2124.95,2117.85,H
CHALET HOTELS LIMITED,1045,972,H
PREMIER ENERGIES LIMITED,1348.9,1344.5,H
IDEAL TECHNOPLAST IND LTD,130.1,130,H
KAYNES TECHNOLOGY IND LTD,6795.55,6524.2,H
MAX HEALTHCARE INS LTD,1171,1137,H
MIRAEAMC - BANKPSU,74.11,72.97,H
ANIK INDUSTRIES LTD,113.32,113.15,H
CREATIVE NEWTECH LIMITED,1075,1048.8,H
LTIMINDTREE LIMITED,6734.4,6642.65,H
COFORGE LIMITED,9351,9047.95,H
COMPUTER AGE MNGT SER LTD,5367.5,5360.5,H
AIMTRON ELECTRONICS LTD,638.2,625.7,H
AVP INFRACON LIMITED,189.25,188.4,H
AVRO INDIA LIMITED,189.51,185.8,H
BASILIC FLY STUDIO LTD,349.55,342.7,H
AARVEE DEN. & EXP. LTD,91.92,90.12,H
R M DRIP & SPRINK SYS LTD,351,348.1,H
MORARJEE TEXTILES LIMITED,12.8,12.45,H
LAXMI GOLDORNA HOUSE LTD,565,514.3,H
UTSSAV CZ GOLD JEWELS LTD,259.05,254,H
NIRAJ CEMENT STRUC LTD,65.09,64,H
GOKALDAS EXPORTS LTD.,1162,1128,H
KERNEX MICROSYS(I) LTD,1383,1317.15,H
WINDSOR MACHINES LIMITED,427,422.95,H
PANACHE DIGILIFE LIMITED,262.87,257.72,H
AGI INFRA LIMITED,1858,1820,H
KN AGRI RESOURCES LIMITED,310,309,H
LMW LIMITED,17540,17490,H
URBAN ENVIRO WASTE MGMT L,636.4,606.1,H
SILKFLEX POLYMERS INDIA L,92.9,90.75,H
SINTERCOM INDIA LIMITED,186,170.05,H
TEAMO PRODUCTIONS HQ LTD,2.14,2.04,H
SOFTTECH ENGINEERS LTD,612.05,510.05,H
STYRENIX PERFORMANCE LTD,3010,2987.95,H
SLONE INFOSYSTEMS LIMITED,306.9,306.6,H
MUTHOOT FINANCE LIMITED,2132.9,2078.75,H
VEDANTA LIMITED,526.6,525,H
OPTIEMUS INFRACOM LTD,812.4,809.75,H
UNSEC RE NCD 9.60% SR.II,970,963,H
SEC RE NCD 0% SR.II,1102.85,1100,H
THE BYKE HOSPITALITY LTD,92.92,91.1,H
NOIDA TOLL BRIDGE CO LTD,22.83,21.75,H
ICDS LTD,63.05,57.32,H
SEC RE NCD 0% SR.II,1256.9,1255.5,H
SETCO AUTOMOTIVE LTD,17.91,15.81,H
CHAMAN METALLICS LIMITED,142.5,132,H
JAINAM FER ALLOYS (I) LTD,228,76.65,H
KITEX GARMENTS LTD,879.65,840.3,H
S J LOGISTICS (INDIA) LTD,687.55,674.1,H
C2C ADVANCED SYSTEMS LTD,634.2,604,H
VAISHALI PHARMA LIMITED,20.16,19.79,H
KARNIKA INDUSTRIES LTD,387.25,379.7,H
SDL HR 7.67% 2035,101,100,H
DESTINY LOGISTICS & I LTD,156.95,160.15,L
8.48%S-R-NCD SERIES 2A,1200,1250,L
LAMOSAIC INDIA LIMITED,108.7,114.4,L
KKV AGRO POWERS LTD.,823.95,867.3,L
KAYA LIMITED,370,375,L
VETO SWITCHGEAR CABLE LTD,134.15,134.9,L
SERENCD8.55%SR.IIICI&II,991,1000,L
MAS FINANCIAL SERV LTD,266.15,269.45,L
APEX ECOTECH LIMITED,118.15,118.65,L
V.L.INFRAPROJECTS LIMITED,53.7,54.8,L
FELIX INDUSTRIES LTD.,156.85,165.1,L
DOCMODE HEALTH TECH LTD,94.05,95.95,L
PARAGON FINE S.C. LTD.,108,176,L
AGARWAL TOUGH GLASS IND L,120.5,125.4,L
ONYX BIOTEC LIMITED,55,55.55,L
SVP GLOBAL TEXTILES LTD,6.45,7.45,L
QUADPRO ITES LIMITED,4.3,4.4,L
RAGHAV PRODUCTIVITY ENH L,682.05,682.95,L
FILATEX FASHIONS LIMITED,0.85,0.89,L
GAJANAND INTERNATIONAL L,19.4,19.8,L
MANGLAM INFRA & ENG LTD,48.75,49.75,L
PASUPATI ACRYLON LIMITED,46.45,47.15,L
JEYYAM GLOBAL FOODS LTD,50,50.5,L
KATARIA INDUSTRIES LTD,163.95,167.65,L
ECOS (INDIA) MOB & HOSP L,322.55,322.65,L
SMARTLINK HOLDINGS LTD,208.39,212.65,L
MASON INFRATECH LIMITED,134.5,137.15,L
PRITIKA ENG COMPO LTD,181.55,185.25,L
THINKING HATS ENTER SOL L,40.15,40.65,L
KORE DIGITAL LIMITED,1593.5,1625.5,L
M K PROTEINS LIMITED,8.12,8.29,L
SEC RED NCD 9.57% SR. V,896,900,L
DEBOCK INDUSTRIES LIMITED,3.68,3.76,L
GMR AIRPORTS LIMITED,84.2,84.75,L
ABHA POWER N STEEL LTD,57.3,60.3,L
AMEYA PRECISION ENG LTD,107.75,108.3,L
AXITA COTTON LIMITED,11.62,11.86,L
U. Y. FINCORP LIMITED,25.44,25.7,L
SHEKHAWATI INDUSTRIES LTD,24.2,25.03,L
GOI TBILL 91D-21/02/25,98.55,98.73,L
VIPUL LIMITED,28.9,29.49,L
GANESH INFRAWORLD LIMITED,134.9,142,L

