SYMBOL,SYMBOL P/E,ADJUSTED P/E
CARYSIL,34.89,34.89
SHAILY,90.97,90.97
MODISONLTD,29.9,29.86
FIBERWEB,14.47,14.47
BCLIND,14.69,14.69
BHAGCHEM,197.55,197.55
SBCL,45.74,45.74
SMCGLOBAL,7.39,7.39
QMSMEDI,19.09,19.09
ARIHANTCAP,14.57,14.57
SIDDHIKA,14.55,14.55
NAZARA,85.51,84.74
IPL,32.37,32.37
GENCON,21.41,21.41
LODHA,67.63,64.62
HLEGLAS,64.31,61.75
SONACOMS,70.34,69.33
UTKARSHBNK,9.09,9.09
DRCSYSTEMS,26.45,26.45
PARAS,107.06,107.06
CRAFTSMAN,43.72,43.72
DODLA,36.56,36.56
JUBLINGREA,77.14,77.1
ROLEXRINGS,36.39,32.75
SHYAMMETL,28.5,28.5
KIMS,67.19,67.19
MAKS,160.66,68.2
JSFB,6.07,6.07
TATVA,119.98,119.98
CLEAN,59.39,59.39
GLS,30.38,30.38
ABSLAMC,26.61,26.61
DEEPINDS,25.59,25.67
ZOMATO,379.51,379.51
BEWLTD,23.77,23.77
PIXTRANS,30.26,30.26
MEDIASSIST,49.69,49.69
WINDLAS,36.37,36.37
CARTRADE,75.22,75.22
KRSNAA,44.4,44.4
DEVYANI,,803.37
APTUS,23.08,23.08
SUPRIYA,38.58,38.58
ANMOL,12.49,12.49
ABCOTS,51.16,51.16
VIJAYA,84.68,83.73
AMIORG,94.79,94.55
IWEL,86.59,79.63
SANSERA,49.56,49.56
BAJAJHCARE,,40.69
PRITIKAUTO,20.41,20.41
GRINFRA,13.6,17.25
INTLCONV,7,7
STEELCAS,29.06,29.06
HPAL,36.9,36.9
UGROCAP,17.49,17.49
STARHEALTH,31.24,31.24
KPIGREEN,46.55,46.13
YUKEN,58.14,58.14
ANANDRATHI,68.97,68.97
SJS,36.78,36.78
POLICYBZR,473.84,568.03
AWL,41.86,41.86
SAPPHIRE,754.67,405.61
DKEGL,12.1,12.1
QUADPRO,21.13,21.13
PRUDENT,70.5,70.5
NUVOCO,269.6,269.6
GOCOLORS,68.97,68.97
TRACXN,3376.25,3376.25
COASTCORP,1061.95,1061.95
MEDPLUS,102.63,102.63
RATEGAIN,45.35,45.35
LATENTVIEW,62.19,62.19
MICEL,38.63,38.63
PARADEEP,24.48,24.48
JAINAM,30.73,30.73
MAPMYINDIA,71.08,71.08
KRITI,38.94,38.94
MANYAVAR,81.46,81.46
GVPTECH,77.66,77.66
MEDICAMEQ,127.72,127.72
EMIL,37.3,37.3
PRECISION,18.43,18.43
UMAEXPORTS,21.21,20.82
JSLL,68.69,68.69
MEDANTA,61.87,61.87
AHL,18.09,18.09
NIDAN,,13.54
ASIANENE,43.01,41
NRL,58.34,58.34
CHOICEIN,70.3,70.3
EUROBOND,29.68,29.68
GRWRHITECH,39.46,39.46
CAPITALSFB,10.44,10.44
DCMSRIND,14.96,14.96
EMUDHRA,92.08,92.08
DYCL,47.84,47.84
STARTECK,28.45,28.45
SBC,52.09,52.09
DHRUV,44.98,44.98
ELIN,65.08,65.08
TIMESCAN,11.92,11.92
SEJALLTD,116.87,116.87
GATEWAY,19.79,19.79
SYRMA,84.6,84.6
JTLIND,32.98,32.98
RAINBOW,71.84,71.84
VENUSPIPES,34.07,34.07
ROTO,54.93,54.93
SPRL,18.14,18.14
GSTL,56.75,56.75
INDOBORAX,15.07,15.07
LANDMARK,85.88,
AVONMORE,15.73,15.73
DREAMFOLKS,31.24,31.24
AGSTRA,108.04,108.04
KNAGRI,23.16,23.16
DHARMAJ,27.34,27.34
KRISHIVAL,47.6,47.6
OBCL,65.83,65.83
GMRP&UI,4.2,
INDOAMIN,26.31,26.31
KRISHNADEF,54.65,54.65
SWARAJ,19.99,19.99
INOXGREEN,219.1,219.1
FEDFINA,16.12,16.12
BIKAJI,73.78,73.78
SADHNANIQ,746.48,746.48
SURAJEST,28.88,28.88
VEEKAYEM,30.77,30.77
RILINFRA,28.27,28.27
CHEVIOT,10.4,10.4
HMAAGRO,20.79,20.79
CMRSL,13.48,10.89
KFINTECH,71.76,71.76
DCXINDIA,65.08,65.08
YATRA,99.52,99.52
NGLFINE,28.08,28.08
SWASTIK,39.27,39.27
FIDEL,31.13,31.13
PLAZACABLE,176.58,176.58
SENCO,43.81,43.81
RADHIKAJWE,27.63,27.63
SPLPETRO,35.41,35.41
RAMRAT,40.49,40.49
CSLFINANCE,10.25,10.25
AGNI,195.12,195.12
GOYALALUM,71.88,71.88
RUSTOMJEE,63.94,63.94
GENSOL,42.13,42.08
DBOL,81.8,81.8
GSLSU,115.19,115.19
SPORTKING,15.63,15.63
ALLETEC,51.72,51.72
MANORAMA,119.88,119.88
INNOVACAP,51.79,51.79
GRMOVER,20.13,20.13
SYNCOMF,63.95,63.91
DJML,84.59,84.59
BAHETI,38.28,38.28
SULA,44,44
SIGNATURE,315.74,315.74
ANNAPURNA,42.21,42.21
KRITINUT,15.25,15.25
KALAMANDIR,32.95,32.95
AVALON,205.75,205.75
CONCORDBIO,69.85,69.85
BAIDFIN,20.21,20.21
QUICKTOUCH,10.11,10.11
AMIABLE,10.96,10.96
DOLLEX,23.4,23.4
BLUEJET,51.55,49.5
MVGJL,13.9,13.9
SCPL,18.27,18.27
SUKHJITS,17.64,17.64
ARHAM,39.44,39.44
FROG,32.62,32.62
MANKIND,49.48,49.48
SKYGOLD,82.08,82.08
SATINDLTD,19.61,19.59
DIVGIITTS,65.08,65.08
USK,15.96,15.96
ANLON,44.15,44.15
MOTISONS,72.82,73.6
SRIVASAVI,23.2,23.2
DIACABS,283.31,290.38
IKIO,38.63,38.63
MANOMAY,20.59,20.59
FAZE3Q,30.39,30.39
RBMINFRA,42.06,42.06
LLOYDSME,39.83,39.83
AARTIPHARM,24.18,24.18
RHL,53.2,53.2
SAHYADRI,16.76,16.76
NINSYS,50.4,50.4
DUCOL,38.93,38.93
SBFC,33.92,33.92
SBGLP,139.04,139.04
ASMS,194.42,220.82
SHERA,47.86,47.86
VIAZ,33.46,33.46
ZAGGLE,98.95,98.95
GANDHAR,20.17,20.17
AGARWALFT,40.23,40.23
HONASA,108.44,108.44
RISHABH,84.85,84.85
IRMENERGY,23.54,23.54
SAH,309.92,309.92
DENEERS,21.66,21.66
CYIENTDLM,78.91,78.91
AGUL,14.87,14.87
AKI,83.15,129.4
YCCL,132.43,132.43
RPTECH,13.88,14.54
RATNAVEER,28.14,28.14
MOS,62.48,62.48
SECMARK,53.86,53.86
AUROIMPEX,18.75,18.75
ATAM,26.68,26.68
CRAYONS,16.64,16.64
LAL,25.17,25.17
URBAN,24.56,24.56
AARTECH,74,74
KRISHCA,36.57,36.57
ESFL,152.04,152.04
DOLPHIN,95.28,97.75
REMUS,37.83,37.83
NOVAAGRI,22.34,22.34
REDTAPE,72.1,72.1
CELLPOINT,233.88,233.88
TRIDHYA,13.3,13.3
PROV,57.68,57.68
PTCIL,391.7,391.7
PYRAMID,28.66,28.66
AEROFLEX,62.09,62.09
EFACTOR,26.65,26.65
GHCLTEXTIL,22.55,22.55
VPRPL,32.32,32.32
DENTALKART,70.62,70.62
SYNOPTICS,16.19,16.19
KIRLPNU,59.97,58.12
RRKABEL,64.03,64.04
COMMITTED,14.53,14.53
JLHL,56.66,57.15
SAHAJ,20.22,20.22
NUVAMA,31.44,31.44
DRONE,59.7,59.7
SERVICE,44.64,44.64
PRAMARA,30.57,30.57
NIITMTS,30.62,30.01
ZEAL,15.36,15.36
ARVINDPORT,27.08,27.08
SAROJA,31.6,31.6
UNIHEALTH,21.06,21.06
ASKAUTOLTD,46.92,46.92
CHAVDA,16.8,16.8
BAWEJA,18.4,18.4
TRANSTEEL,13.59,13.54
SANDUMA,23.5,23.5
OLIL,22.57,22.57
RBZJEWEL,28.45,28.45
KODYTECH,151.64,151.64
AKANKSHA,329.97,329.97
SAAKSHI,42.29,42.29
HIGREEN,61.31,61.31
MUFTI,22.6,22.6
FLAIR,30.72,30.72
SRGHFL,23.7,23.7
INDIFRA,77.95,77.95
JIOFIN,185.49,185.49
MADHUSUDAN,23.27,23.27
GOYALSALT,21.97,21.97
WOMANCART,31.41,31.41
BLSE,42.2,42.2
HOLMARC,48.58,48.58
MARCO,39.63,39.63
DIAMINESQ,85.13,85.13
VISHNUINFR,27.21,27.21
MICROPRO,13.7,13.7
EPACK,83.02,83.02
IBLFL,58.95,58.95
INDIASHLTR,24.06,24.06
CELLO,51.57,51.57
CANARYS,22.98,22.98
DIGIDRIVE,32.42,32.42
DOMS,93.87,93.87
MAITREYA,54.68,54.68
DIGIKORE,29.16,29.16
AMNPLST,36.13,36.13
SARTELE,41.78,41.78
VINYAS,125.45,125.45
SAIFL,12.15,12.15
PARAGON,21.19,21.19
INOXINDIA,55.33,55.33
GRAPHISAD,17.87,17.31
SHEETAL,30.86,30.86
ROXHITECH,10.49,10.49
JYOTICNC,108.87,106.17
BAJEL,147.74,122.83
APS,64.25,64.25
TECHLABS,149.58,149.58
SIGNPOST,35.7,35.7
ROCKINGDCE,37.85,37.85
BABAFP,16.18,16.18
SHREEOSFM,18.8,18.8
HRHNEXT,63.16,63.45
MEGATHERM,30.91,30.91
KLL,18.48,18.48
AZAD,153.88,153.88
KONSTELEC,17.96,17.96
FONEBOX,35.65,35.65
ITALIANE,22.22,22.22
SUPREMEPWR,40.13,40.13
KCEIL,45.38,45.38
ACCENTMIC,17.12,17.12
COMSYN,35.21,35.21
LAWSIKHO,57.07,57.07
DAVANGERE,45.41,45.41
MAXPOSURE,44.94,44.94
DELAPLEX,17.26,17.26
PARTYCRUS,16.33,16.33
NPST,166.24,166.24
WALPAR,16.82,16.82
BMETRICS,19.35,19.35
DUGLOBAL,93.67,93.67
KOTYARK,36.05,36.05
COOLCAPS,175.82,175.67
SHIGAN,29.92,29.92
MADHAVBAUG,37.8,37.8
SONUINFRA,11.57,11.57
LEMERITE,180.07,180.07
PROPEQUITY,23.82,23.82
SKP,408.31,408.31
MWL,15.95,15.95
ARISTO,22.76,22.76
USASEEDS,21.94,21.94
KORE,67.41,67.22
ARABIAN,11.91,11.91
MEGAFLEX,37.29,37.29
RITEZONE,16.12,16.12
PHANTOMFX,16.69,16.69
IPSL,37.48,37.48
JIWANRAM,18.89,18.89
ARIHANTACA,26.55,26.55
SAHANA,127.44,127.44
HOMESFY,19.24,18.81
LRRPL,89.17,89.17
MCON,48.27,48.27
QFIL,20.83,20.83
SYSTANGO,19.16,19.16
SOTAC,29.46,28.86
SHRITECH,10.31,10.31
INFINIUM,43.42,43.42
PENTAGON,22.62,22.62
SEL,85.86,85.86
GREENCHEF,35.84,35.84
MAGSON,34.3,34.3
MONOPHARMA,22.1,22.1
CLSL,29.58,29.58
SANGANI,27.28,27.28
GLOBALPET,65.47,65.47
KEL,47.68,47.68
VINSYS,22.18,22.18
MARINETRAN,72.87,72.87
ORIANA,50.64,50.64
ONDOOR,20.36,20.22
PLADAINFO,9.28,9.28
SCML,19.99,19.99
MAL,15.81,15.81
CELLECOR,53.92,53.92
NEWJAISA,48.43,48.43
RCDL,37.54,37.54
SHANTHALA,46.18,46.18
KONTOR,51.59,51.59
EMKAYTOOLS,5.28,5.28
GICL,50.87,50.87
ASLIND,,1871.03
ACCORD,49.5,49.5
RMDRIP,101.36,101.36
CMMIPL,19.64,19.64
OMFURN,27.2,27.2
PULZ,17.3,17.3
SOLEX,79.5,79.5
AMJUMBO,710.29,710.29
MDL,50.25,48.86
CONTI,23.11,
JAKHARIA,1336.62,459.9
PARIN,233.64,233.64
KHFM,55.68,55.68
ASCOM,27.32,27.25
THERMAX,77.28,89.24
RIIL,173.7,173.7
RAYMOND,22.02,21.68
SHREDIGCEM,17.63,17.63
SMLISUZU,18.75,18.75
FACT,,627.98
LMW,92.69,92.69
NELCO,156.22,156.22
LUMAXIND,44.26,44.26
KECL,91.79,320.12
KCP,9.99,9.66
INFY,30.38,30.38
IONEXCHANG,49.72,49.72
IFBIND,62.51,62.51
GNFC,20.91,20.91
BHARATFORG,73.51,66.58
FORCEMOT,21.72,21.72
ARVIND,36.85,36.87
TATAMOTORS,8.87,8.84
LINDEINDIA,132.38,132.38
ESCORTS,34.67,34.67
ASHOKLEY,23.94,24.36
ZUARIIND,1.59,
SUNDARMFIN,30.3,29.12
VEDL,12.7,14.32
PFIZER,37.58,37.99
BATAINDIA,53.51,76.68
MAHSEAMLES,12.29,12.24
BALMLAWRIE,20.91,20.91
MOTOGENFIN,60.03,60.03
PGHL,42.69,41.02
TATACHEM,,46.68
EPL,34.35,32.82
VLSFINANCE,4.17,4.17
SRF,61.33,61.33
AEGISLOG,38.87,38.87
BBOX,68.75,53.33
RANEHOLDIN,10.45,44.31
SUNPHARMA,39.08,38.54
APOLLOHOSP,88.19,88.19
INDBANK,20.98,20.98
RAJSREESUG,45.63,45.63
GVT&D,126.96,126.96
TIL,7.76,
BANARISUG,35.61,35.61
BLUEDART,65.1,65.1
APCOTEXIND,38.1,38.1
KARURVYSYA,10.67,10.67
WSI,20.65,19.67
ADVANIHOTR,29.53,29.53
SUBROS,32.05,32.05
WIPRO,27.29,27.29
UNIVCABLES,54.01,54.01
MURUDCERA,44.87,44.87
M&M,32.99,32.99
HEIDELBERG,39.17,39.17
PIDILITIND,84.07,81.95
HONDAPOWER,46.72,49.43
RUBYMILLS,25.73,25.73
IDBI,13.46,13.46
BBL,36.66,36.66
DCMSHRIRAM,33.14,33.14
COSMOFIRST,21.56,21.56
HDFCBANK,20.24,19.96
GMBREW,12.2,12.2
ITC,27.98,27.97
IOC,12.75,13.69
OSWALGREEN,149.44,149.44
HUHTAMAKI,5.49,29.42
RICOAUTO,32.46,31.64
BANCOINDIA,22.53,22.53
MANINDS,22.58,22.58
SIYSIL,20.23,20.23
ONWARDTEC,32.08,32.08
NCC,22.26,21.74
ELGIEQUIP,60.48,60.48
BBTC,8.72,8.55
BEPL,20.5,20.5
BANARBEADS,30.58,30.58
GHCL,12.64,12.64
EVERESTIND,121.27,161.23
TRANSWORLD,167.11,167.11
PGHH,76.18,76.18
TFCILTD,16.44,16.44
NAVNETEDUL,4.25,15.68
AGI,29.65,29.65
TATACONSUM,73.62,62.33
CHOLAFIN,29.57,29.57
FMGOETZE,16.26,16.26
ORIENTHOT,80.96,80.96
KANSAINER,34.9,34.9
3MINDIA,59.46,59.46
ANDHRAPAP,10.59,10.59
AMJLAND,20.25,20.25
KSB,65.66,65.66
GODFRYPHLP,43.58,41.25
TATAINVEST,125.11,125.11
SUDARSCHEM,59.27,57.12
INGERRAND,59.33,59.33
HINDUNILVR,54.86,54.79
AMBUJACEM,36.93,37.8
DCW,354.54,318.9
CESC,17.34,17.34
BHARATGEAR,35.22,
NAVA,9.9,10.65
TNPL,17.11,17.11
REMSONSIND,40.54,41.77
NATCOPHARM,13.48,13.48
MRF,28.86,28.86
TTKPRESTIG,57.07,57.07
SKFINDIA,43.97,43.97
MARICO,50.82,50.82
BIOFILCHEM,196.49,196.49
SUNDRMBRAK,65.02,65.02
MOTHERSON,31.8,31.8
AARTIDRUGS,27.2,27.2
WENDT,83.48,83.48
SHRIRAMFIN,15.38,15.38
DYNAMATECH,64.56,117.76
JAGSNPHARM,74.02,66.98
HERITGFOOD,26.57,26.17
MADRASFERT,21.09,12.86
ENGINERSIN,41.74,41.74
JAICORPLTD,99.43,99.43
GMDCLTD,18.52,18.52
ASAHIINDIA,61.43,61.43
J&KBANK,5.67,5.67
SOUTHBANK,5.63,5.63
ASTRAZEN,201.96,91.75
CYIENT,33.84,32.14
GOACARBON,19.72,19.72
SANGHVIMOV,16.87,16.87
NATIONALUM,14.47,16.09
JINDALSTEL,20.05,20.05
ICDSLTD,47.01,47.01
BSOFT,27.41,27.41
ACCELYA,25.08,25.14
STAR,22.83,21.23
ZYDUSLIFE,23.09,23.09
RAJESHEXPO,184.98,184.98
SHREERAMA,41.8,41.8
NRBBEARING,11.24,28.37
GEPIL,149.96,149.96
BLBLIMITED,9.97,9.97
BLUESTARCO,83.5,83.5
PNBGILTS,9.95,10.23
REPRO,323.51,323.51
KRBL,16.72,16.72
USHAMART,30.1,30.1
TRIDENT,57.42,57.42
ACLGATI,157.02,
TCI,31.37,31.15
ASAL,56.14,56.14
SURANAT&P,31.54,31.54
UNIONBANK,6.47,6.47
GODREJIND,27.14,27.14
VARDHACRLC,28.08,28.08
WELSPUNLIV,23.72,23.72
UNIENTER,380.62,380.62
MUKANDLTD,21.73,21.73
VAIBHAVGBL,43.02,41.12
RKFORGE,47.71,47.62
CCL,38.62,38.62
APARINDS,48.3,48.3
TCS,33.61,33.11
COFORGE,71.19,71.96
INDSWFTLTD,3.03,3.03
NTPC,16.95,16.95
PATELENG,14.55,17.93
JINDALPHOT,67.64,67.64
ALLDIGI,19.82,24.35
IIFL,15.47,8.06
SSWL,5.27,15.77
JKPAPER,10.01,10.01
GRANULES,29.12,29.12
GEOJITFSL,19.1,19.1
SPLIL,14.91,14.9
SASKEN,47.95,47.95
AURIONPRO,60.66,60.66
AIAENG,31.13,31.15
ORIENTCER,38.16,43.24
VIMTALABS,39.42,39.42
ENIL,39.1,39.1
JAGRAN,12.01,12.01
BLKASHYAP,30.77,33.18
SOLARINDS,92.81,92.81
SUNTV,16.18,16.18
RSYSTEMS,41.84,41.84
RATNAMANI,44.37,44.37
ALLCARGO,108.5,88.7
EMAMILTD,34.89,34.67
VOLTAMP,47.44,47.44
ATLANTAA,1.89,5.27
SELAN,23.77,23.77
HOVS,30.11,30.11
TALBROAUTO,21.09,29.62
DCBBANK,7.19,7.19
VENUSREM,20.47,20.47
PLASTIBLEN,20.6,20.6
HBLPOWER,62.68,58.86
VEEDOL,25.76,25.76
LUMAXTECH,20.95,20.95
AUTOIND,20.98,22.05
UNOMINDA,77.71,80.14
TIIL,26.75,26.09
REDINGTON,14.28,14.28
PAGEIND,84.52,84.52
JKTYRE,14.74,14.19
THEMISMED,79.63,79.63
NDLVENTURE,367.29,367.29
ZENITHSTL,18.05,18.05
WEBELSOLAR,,113.66
INSECTICID,17.09,17.09
NELCAST,23.32,36.96
TARMAT,,147.3
PURVA,145.9,145.9
POWERGRID,19.33,19.33
MAANALU,33.26,33.26
BAJAJELEC,88.94,88.94
RGL,23.6,23.6
KAUSHALYA,3.01,3.01
HITECHCORP,27.82,28.9
TARIL,131.51,131.51
MANAKSIA,9.32,6.85
BIRLAMONEY,17.11,17.11
CORDSCABLE,26.23,26.23
HERCULES,24.94,24.94
SEPC,165.97,165.97
GSS,24.69,24.69
RECLTD,10.08,10.08
NESCO,19.27,19.27
TITAGARH,56.56,56.26
GOKUL,54.05,54.05
ALMONDZ,20.18,56.94
VINYLINDIA,27.03,27.03
ZFCVINDIA,54.48,54.48
JOCIL,102.65,102.65
TPHQ,28.96,28.96
MAWANASUG,10.33,10.33
MHRIL,67.76,67.76
VINATIORGA,51.76,51.76
GLOBUSSPR,42.33,42.33
EXPLEOSOL,20.39,20.39
RTNPOWER,.76,
REFEX,58.56,58.67
JSWENERGY,60.18,60.18
HINDCOPPER,69.63,69.63
NESTLEIND,66.7,68.01
MBLINFRA,3.08,
THANGAMAYL,61.05,61.05
HATHWAY,40.36,40.02
IMFA,12.93,12.93
AHLEAST,13.1,13.1
PRAKASHSTL,4.34,95.2
DEEPAKNTR,43.78,47.13
RAMKY,18.54,18.54
ASHOKA,8.21,8.89
SHAH,9.44,81.99
CGCL,39.52,39.52
IOLCP,23.7,23.7
RPPINFRA,12.49,12.49
ZEELEARN,1.8,7.88
SURANASOL,447.24,447.24
STEL,58.41,58.41
TEXRAIL,56.67,56.67
DHUNINV,25.49,25.49
SYMPHONY,40.77,40.77
OMINFRAL,64.44,64.44
DELPHIFX,23.18,23.18
RUSHIL,22.04,22.04
LTF,14.54,14.54
BODALCHEM,589.08,589.08
VASWANI,14.57,14.57
TRITURBINE,82.46,82.46
JISLDVREQS,1.99,1.99
RUPA,29.63,28.57
APLAPOLLO,76.09,76.09
THOMASCOTT,34.47,34.47
IRFC,33.1,33.1
COMPUSOFT,151.28,151.28
RHIM,,45.67
NBCC,56.56,47.87
TBZ,29.26,29.26
SWANENERGY,40.08,40.08
RTNINDIA,13.93,13.93
THEJO,44.25,44.25
KITEX,56.95,56.95
ROSSELLIND,18.05,17.82
TVSHLTD,11.18,11.18
PCJEWELLER,545.11,545.11
INDUSTOWER,12.58,12.58
JUSTDIAL,18.17,18.17
ESSENTIA,40.58,40.57
PILITA,69.95,69.95
MITCON,17.15,17.15
JPOLYINVST,29.74,29.74
CASTROLIND,23.63,23.63
IREDA,41.95,41.95
AGARIND,15.2,15.2
GOCLCORP,31.82,31.09
PDSL,38.34,39.08
GOODLUCK,21.24,21.24
LAMBODHARA,32.37,32.37
GREENLAM,62.99,62.99
LINC,27.83,27.83
JMA,9.52,9.52
MANAKCOAT,52.01,55.29
INOXWIND,148.41,137.6
AVANTIFEED,18.55,18.55
PRIVISCL,53.55,53.55
ARROWGREEN,24.85,24.85
ALANKIT,24.73,24.73
AYMSYNTEX,63.95,101.4
MUTHOOTCAP,12.37,12.37
INDIGO,26.01,26.01
PERFECT,54.54,54.54
TTKHLTCARE,26.36,32.57
KRIDHANINF,,176.75
ALKEM,30.38,29.66
QUICKHEAL,107.43,107.43
NECCLTD,29.26,29.26
GOKULAGRO,27,27
HCG,114.92,120.54
HECPROJECT,23.06,23.06
THYROCARE,51.45,51.37
SAGARDEEP,46.88,46.88
BLS,42.22,42.22
INCREDIBLE,28.83,28.83
MAHASTEEL,93.57,129.76
MGL,11.25,11.25
POKARNA,32.19,32.19
GPTINFRA,29.75,29.75
SOMICONVEY,35.89,35.89
LLOYDSENGG,96.44,96.44
LTIM,41.97,41.97
ADVENZYMES,30.99,28.91
NDGL,26.02,26.02
BIGBLOC,79.62,79.62
MBAPL,69.26,69.26
CUPID,23.75,23.75
ICICIPRULI,154.84,154.84
HPL,58.97,58.97
JAIPURKURT,10.21,10.21
SAKAR,56.46,56.46
AURDIS,15.02,15.02
PANSARI,58.31,58.31
ARTNIRMAN,135.95,135.95
VBL,84.3,84.3
PODDARMENT,14.18,14.18
JETFREIGHT,9.17,12.79
SFL,63.75,99.91
HISARMETAL,23.28,23.28
LIBAS,5.09,5.09
PROLIFE,14.52,14.52
CAPTRUST,100.77,100.77
MAHESHWARI,13.63,13.63
BSE,102.24,102.24
MCL,35.18,35.18
STEELCITY,11.08,11.08
JITFINFRA,27.99,36.32
KRISHANA,30.25,30.25
GLOBAL,13.74,13.74
NITIRAJ,30.92,30.92
SANGINITA,101.7,101.7
TASTYBITE,186.08,186.08
AIRAN,16.29,16.29
URJA,461.66,461.66
EIFFL,235.6,235.6
CREATIVE,27.07,27.07
DEVIT,19.56,19.56
INFOBEAN,32.42,32.42
PSPPROJECT,28.14,28.14
JALAN,,8.44
VSCL,110.54,110.54
CDSL,75.98,75.98
ACEINTEG,54.27,54.27
DYNPRO,43.9,43.9
THEINVEST,32.59,32.59
TOTAL,727.53,727.53
WEWIN,34.47,34.47
GEEKAYWIRE,13.82,13.82
DIXON,144.05,190.2
CHOLAHLDNG,6.46,6.46
CAPACITE,20.86,20.86
WORTH,12.5,12.5
MPTODAY,6.4,6.42
AARVI,20.75,20.75
TIRUPATI,85.51,85.51
AIROLAM,70.79,70.79
RKEC,9.44,9.44
GOLDSTAR,89.18,89.18
BETA,52.41,52.41
TIRUPATIFL,67.44,67.44
MASFIN,17.48,17.48
GICRE,10.26,10.26
NAM-INDIA,37.93,37.93
KHADIM,119.12,119.12
AISL,25.58,25.58
SILVERTUC,46.15,46.15
ZODIAC,61.11,61.11
FELIX,47.93,47.93
DNAMEDIA,.5,
INNOVANA,29.01,29.01
ONEPOINT,52.55,52.55
AJOONI,55.53,55.53
BCONCEPTS,76.85,76.85
NEWGEN,68.37,68.37
SINTERCOM,402.26,402.26
MHHL,9.21,9.21
SOUTHWEST,47.68,50.27
ARVEE,99.57,99.57
GMMPFAUDLR,56.69,56.69
HINDCON,54.64,54.64
SARVESHWAR,54.12,54.12
MACPOWER,53.14,53.14
SUNDARMHLD,31.98,31.98
HAL,36.66,36.68
URAVI,277.51,277.51
MITTAL,36.12,53.07
GIRIRAJ,71.13,71.13
KAPSTON,43.84,43.84
LEMONTREE,62,62
AVG,15.37,23.25
VERA,21.66,21.66
MMP,31.96,31.96
NARMADA,20.24,20.24
BSHSL,73.78,73.78
MAHICKRA,44.11,44.11
AAKASH,21.41,21.41
GODHA,48.47,48.47
SOFTTECH,233.74,233.74
E2E,231.4,231.4
INDOSTAR,45.48,45.48
SIRCA,39.06,39.06
LATTEYS,126.25,126.25
SONAMLTD,49.6,49.6
PRITI,30.45,30.45
ACCURACY,19.37,19.37
FINEORG,35.45,35.42
GANGAFORGE,144.3,146.81
REPL,28.32,28.32
HBSL,3.89,3.89
CREDITACC,10.8,10.8
AARON,50.58,50.58
LAGNAM,16.17,16.17
RPPL,21.12,21.12
AKG,55.13,55.13
IRCON,26.5,26.5
AHLADA,11.39,11.39
SPECTRUM,145.12,145.12
RAJMET,160.49,160.49
KSHITIJPOL,35.01,
GRSE,51.61,51.61
KRITIKA,30.32,30.32
SILGO,21.81,21.81
VINNY,44.99,44.99
BBTCL,45.04,45.04
MARINE,110.62,111.01
IRISDOREME,46.39,46.39
UWCSL,22.29,22.29
TECHNOE,52.24,52.24
SHUBHLAXMI,18.44,18.44
UNIPARTS,19.07,19.07
AWHCL,23.08,23.08
RPSGVENT,81.33,81.33
MSTCLTD,26.26,26.08
ARVINDFASN,54.81,52.99
RVNL,76.74,76.74
POLYCAB,61.27,61.27
KPITTECH,57.69,57.69
CONFIPET,35.23,35.23
INDIAMART,30.4,30.4
DCMNVL,75.47,247.75
WEL,182.27,182.27
CHEMCON,47.39,47.39
SPANDANA,28.74,28.74
DOLATALGO,9.41,9.41
UJJIVANSFB,6.06,6.06
MAZDOCK,40.74,40.74
SECL,277.05,277.05
SAFARI,83.13,83.13
DCI,32.92,32.92
IIFLCAPS,16.3,16.3
SAMHI,,163.75
GREENPANEL,49.67,49.67
APOLLOPIPE,59.07,59.07
MGEL,14.74,13.66
ROUTE,22.92,24.06
HOMEFIRST,26.8,26.8
SIGMA,21.53,21.53
EQUITASBNK,16.35,16.35
ROSSARI,34.38,34.38
HINDWAREAP,1011.04,1011.04
ESAFSFB,75.6,29.81
LIKHITHA,22.6,22.6
ARTEMISMED,71.72,71.72
PATANJALI,66.84,66.84
LGHL,83.08,87.67
ASALCBR,33.92,33.92
BAFNAPH,481.68,260.64
SUVENPHAR,135.92,135.92
STOVEKRAFT,78.78,78.78
KSOLVES,31.45,31.45
HAPPSTMNDS,49.83,52.06
GLAND,42.29,42.29
BOROLTD,78.87,78.87
MAXHEALTH,103.94,103.94
PAVNAIND,62.91,62.91
KALYANKJIL,125.73,125.73
BTML,56.5,56.49
SHAREINDIA,14.23,14.21
SIGACHI,27.58,27.58
ANGELONE,23.31,23.31
SURYODAY,6.93,6.93
UTIAMC,19.31,19.31
BECTORFOOD,80.36,80.36
ORCHPHARMA,74.57,74.57
INDIGOPNTS,49.83,49.83
LXCHEM,55.63,55.63
MTARTECH,138.84,138.84
ANURAS,77.27,77.27
STYLAMIND,32.23,32.03
CLSEL,16.12,16.12
KABRAEXTRU,50.34,50.34
MANGLMCEM,47.1,47.1
POLYPLEX,14.48,14.48
3PLAND,48.96,48.96
EIHAHOTELS,31.61,30.35
SAIL,26.41,18.33
ABB,97.03,97.03
GRAPHITE,23.92,23.92
BRITANNIA,55.09,54.57
DHAMPURSUG,17.31,17.31
CIPLA,26.18,25.33
HEROMOTOCO,21.61,21.61
HARRMALAYA,,160.51
GIPCL,17.63,17.63
INDIANHUME,22.65,22.65
HINDCOMPOS,26.54,26.54
KAMATHOTEL,13.63,42.87
IFBAGRO,213.52,213.52
APOLLOTYRE,23.71,22.44
SHANTIGEAR,45.79,45.79
PRECWIRE,41.98,41.98
NILKAMAL,26.53,26.53
ICIL,24.52,24.52
SEAMECLTD,18.81,19.83
AUROPHARMA,19.78,19.43
EIHOTEL,40,39.4
LICHSGFIN,7.18,7.18
GICHSGFIN,7.38,7.38
MOREPENLAB,36.8,36.8
WSTCSTPAPR,7.73,7.73
21STCENMGM,1.69,1.69
VENKEYS,24.04,24.04
PRAJIND,50.08,54.06
HIL,91.96,38.85
BPL,30.05,30.05
VESUVIUS,40.41,40.41
BOMDYEING,1.28,
GTL,1.34,4.12
GLAXO,58.9,52.67
ZEEL,33.12,29.82
INDHOTEL,72.66,86.26
KOTAKBANK,16.34,18.81
GILLETTE,71.89,71.89
FOSECOIND,41.81,41.99
SCHAEFFLER,62.82,62.59
RALLIS,42.74,42.74
MFSL,94.89,94.89
HEG,80.72,80.72
SGIL,56.94,56.94
FINOPB,30.61,30.61
NYKAA,872.47,872.47
MONARCH,21.04,21.03
EPIGRAL,31.79,31.79
CMSINFO,25.17,25.17
TARSONS,66.28,66.28
TEGA,66.36,66.36
METROBRAND,83,83
FOODSIN,32.91,32.91
ABMINTLLTD,930.57,930.57
TMB,7,7
GANESHBE,15.47,15.47
DMCC,69.87,69.87
SHIVALIK,67.27,67.27
DATAPATTNS,80.05,80.05
MALLCOM,27.09,27.09
SMLT,40.72,40.72
RADIANTCMS,18.9,18.9
HARIOMPIPE,29.58,29.58
DELHIVERY,2107.81,689.67
FIVESTAR,19.15,19.15
VIRINCHI,35.81,35.81
ELDEHSG,27,27
MHLXMIRU,21.19,21.19
RELCHEMQ,67.59,67.59
ZIMLAB,34.27,34.27
CAMPUS,96.07,96.07
AETHER,149.34,76.09
MEGASTAR,64.69,64.69
RACE,124.56,124.56
ETHOSLTD,113.78,113.78
MSUMI,43.79,43.79
HARSHA,35.86,35.86
LICI,14.3,14.3
TVSSCS,253.73,142.89
ACI,39.24,34.66
RITCO,33.27,33.27
HARDWYN,85.62,85.62
MEDICO,53.81,53.81
YATHARTH,41.8,41.8
KAYNES,175.42,175.42
AXITA,34.62,34.62
IDEAFORGE,216.77,216.77
POCL,46.38,46.38
TATATECH,59.14,59.14
ASHOKAMET,7,7
NETWEB,167.07,167.07
EMSLIMITED,28.53,28.53
UDS,27.16,27.16
ATL,26.52,26.36
JSWINFRA,54.36,54.36
YASHO,64.34,64.34
SINDHUTRAD,19.89,19.89
MUFIN,102.83,100.11
MUTHOOTMF,7.75,7.75
TREL,5.99,38.27
HAPPYFORGE,39.96,39.96
RELIANCE,22.41,22.41
BOSCHLTD,51.26,53.45
DEEPAKFERT,24.73,24.73
CARBORUNIV,59.89,59.89
DICIND,121.07,56.69
RAMCOCEM,87.97,87.97
ABREL,103.38,103.38
ADORWELD,36.69,33.1
TORNTPHARM,63.39,66.07
FEDERALBNK,12.61,12.61
BIRLACABLE,95.81,95.81
WEIZMANIND,26.28,26.28
UNICHEMLAB,,96.18
JTEKTINDIA,46.94,47.22
SHREYANIND,5.69,5.69
ARE&M,24.85,24.85
IVP,20.16,20.16
EICHERMOT,35.25,35.25
ZENSARTECH,28.19,28.19
KPIL,40.78,40.78
IGARASHI,109,109
MUNJALSHOW,20.59,20.59
RANASUG,21.67,21.67
UFLEX,,9.38
THOMASCOOK,35.21,35.21
SPMLINFRA,74.78,80.25
BHARATRAS,33.31,33.32
JUBLPHARMA,31.98,26.3
TATACOMM,57.68,69.8
SOMANYCERA,33,34.38
HLVLTD,51.36,56.6
LIBERTSHOE,80.41,55.54
KAJARIACER,48.64,48.62
PCBL,36.8,36.8
OSWALAGRO,380.25,377.79
JINDALSAW,11.2,11.2
STYRENIX,23.99,23.99
CANFINHOME,13.31,13.31
ELECTCAST,11.92,11.92
DABUR,51.18,51.18
LYKALABS,195.77,193.93
GOLDENTOBC,10.69,12.13
GABRIEL,35.12,35.12
PRAKASH,9.25,9.25
GREAVESCOT,332.43,
AKZOINDIA,37.58,37.58
GRASIM,20.73,19.71
DCM,35.81,35.81
HEUBACHIND,35.26,35.26
BEL,51.04,51.04
DALMIASUG,13.23,13.23
GARFIBRES,41.47,41.47
EIMCOELECO,28.99,28.99
SILINV,22.96,22.96
KEYFINSERV,6.35,6.35
HITECHGEAR,28.8,28.74
PUNJABCHEM,33.38,33.38
GANESHHOUC,21.98,21.98
GUJRAFFIA,53.52,53.52
INDRAMEDCO,30.66,30.66
BANKINDIA,6.91,6.91
PNC,62.77,62.77
AXISCADES,52.3,52.05
TIPSMUSIC,68.47,68.47
MARKSANS,42.1,42.1
JISLJALEQS,136.95,136.95
UNITDSPR,77.68,76.57
OLECTRA,121.91,131.32
TIMESGTY,72.25,72.25
GENESYS,82.28,82.28
MARUTI,25.73,25.73
NSIL,53.81,53.81
TVTODAY,12.38,11.99
PETRONET,13.21,13.21
POONAWALLA,67.9,67.9
DATAMATICS,21.12,20.82
EXCELINDUS,23.37,23.37
AMBICAAGAR,8.98,8.98
ULTRACEMCO,52.54,52.33
TEXINFRA,471.56,471.56
GUFICBIO,52.61,52.61
WELENT,21.52,21.52
KOTARISUG,34.11,34.11
INDOCO,107.12,134.51
SUPRAJIT,50.47,50.47
JSWSTEEL,46.76,45.18
JPPOWER,10.06,7.79
SAKSOFT,32.86,32.86
MANGALAM,19.56,19.56
WELCORP,24.81,24.55
SURYALAXMI,104.64,37.48
63MOONS,73.44,73.44
GENUSPOWER,79.87,79.87
JMFINANCIL,,14.16
INSPIRISYS,34.25,34.25
TORNTPOWER,36.34,36.34
LTFOODS,26.19,26.19
JINDRILL,22.4,22.4
WANBURY,19.91,38.47
IZMO,16.27,15.64
PGIL,29.42,29.51
SMSPHARMA,36.59,36.59
LAOPALA,34.22,34.22
ICRA,42.41,42.41
BFUTILITIE,14.95,14.95
HILTON,51.8,51.8
TIMETECHNO,30.94,30.94
CIEINDIA,23.91,23.91
KSCL,16.15,16.15
RELIGARE,31.54,76.5
ADANIPOWER,15.79,15.79
AMRUTANJAN,45.64,45.64
SHILPAMED,129.79,137.35
DLINKINDIA,22.42,22.42
BEARDSELL,20.33,20.33
UNITEDTEA,14.03,14.03
EMMBI,24.48,24.48
TEXMOPIPES,60.45,15.85
ISFT,20.69,20.69
KIRLOSIND,14.89,14.24
IITL,11.27,14.9
ADFFOODS,46.38,46.38
SASTASUNDR,,7.81
WABAG,43.81,43.58
JWL,63.23,63.23
PRESTIGE,80.01,80.01
RESPONIND,39.26,39.26
GRAVITA,57.44,57.44
PENIND,27.39,27.39
JAMNAAUTO,20.9,20.9
A2ZINFRA,29.51,
SHEKHAWATI,.57,5.69
KICL,37.39,49.21
HINDMOTORS,13.38,13.38
VADILALIND,20.26,20.26
RELAXO,89.9,89.9
VSTTILLERS,37.03,36.95
MAITHANALL,4.16,4.16
ELGIRUBCO,50.08,
ASAHISONG,77.78,75.92
NATHBIOGEN,9.43,10.14
SDBL,24.34,24.34
HATSUN,83.08,83.08
SUPERHOUSE,19.97,38.22
MONTECARLO,35.97,35.97
APOLSINHOT,53.27,53.27
MOLDTKPAC,38.04,38.04
HESTERBIO,90.76,90.76
IMAGICAA,59.5,49.67
LFIC,5.17,5.17
UFO,117.53,117.53
SKIPPER,61.09,61.09
ADANIENSOL,304.48,48.5
RAMASTEEL,76.73,76.73
SHARDAMOTR,18.51,18.51
IDFCFIRSTB,20.58,20.58
PILANIINVS,41.28,41.28
OCCL,10.24,10.24
VIDHIING,71.06,71.06
SIMBHALS,6.7,6.7
WEALTH,32.68,32.68
INFIBEAM,38.36,38.36
PARAGMILK,25.06,25.06
NAGAFERT,.29,.29
ARIHANTSUP,33.68,33.68
SHANKARA,21.57,21.57
WIPL,63.5,63.5
SIKKO,37.37,37.37
BHAGYANGR,31.4,31.4
GLOBE,17.93,19.75
AUBANK,24.13,23.33
MAGADSUGAR,9.89,9.89
COCHINSHIP,49.43,49.43
SERVOTECH,198.86,198.86
ICICIGI,87.97,87.97
DPWIRES,20.09,20.09
JASH,49.63,49.61
TCPLPACK,25.81,25.81
DPABHUSHAN,43.13,43.13
TIINDIA,69.39,69.05
NIACL,25.2,25.2
5PAISA,25.13,25.13
VERTOZ,63.12,63.12
ICEMAKE,54.41,54.41
TOUCHWOOD,54.68,54.68
SHIVATEX,159.32,159.32
MOKSH,16.06,16.06
SILLYMONKS,69.14,69.14
AMBER,95.68,95.68
GALAXYSURF,32.78,32.78
HGINFRA,18.33,18.73
ATGL,115.25,115.25
SHRIRAMPPS,30.05,30.05
DALBHARAT,47.29,41.85
ANUP,60.61,60.61
PAR,15.4,15.4
METROPOLIS,76.66,76.66
NEOGEN,151.47,151.47
EMAMIPAP,8.14,8.14
PPL,13.52,13.52
OAL,40.62,40.62
SATIA,7.09,7.09
AFFLE,74.19,74.19
WESTLIFE,573.14,573.14
HNDFDS,69.41,69.41
IRCTC,57.04,56.9
360ONE,50.85,47.6
HPIL,99.15,99.15
FLUOROCHEM,120.13,120.13
KUANTUM,8.52,8.52
CHEMBOND,18.49,19.01
SBICARD,31.45,31.45
CSBBANK,10.09,10.09
EASEMYTRIP,65.93,37.89
PRINCEPIPE,36.1,36.1
PARKHOTELS,57.98,57.98
SUMICHEM,55.11,55.11
ATALREAL,36.74,36.74
UNIVPHOTO,9.87,9.87
POWERINDIA,268.85,268.85
RAJRATAN,34.38,34.38
AARTISURF,37.01,53.07
NDRAUTO,50.32,50.32
AAATECH,41.4,41.4
UNIDT,39.81,39.81
ADL,180.77,180.77
CAMS,61.48,61.48
ROML,59.3,59.3
RAILTEL,55.52,52.77
HERANBA,28.77,28.77
FAIRCHEMOR,26.67,26.67
ISGEC,39.29,39.29
PAKKA,30.95,30.95
PENINLAND,26.45,26.3
WHEELS,21.1,21.1
PREMIERPOL,27.73,27.73
SESHAPAPER,11.3,11.3
SUNDRMFAST,44.88,44.88
EXIDEIND,47.22,47.22
ELECON,42.53,42.53
CRISIL,59.51,59.51
PEL,,55.71
MASTEK,26.87,27.47
MAHSCOOTER,67.38,70.25
TRENT,149.81,217.11
CUMMINSIND,59.18,59.13
JAYBARMARU,38.4,38.4
JBCHEPHARM,46.18,46.18
INDIAGLYCO,27.09,27.09
IGPL,33.63,33.63
HIMATSEIDE,28.34,28.34
BPCL,11.32,10.93
BASF,37.4,37.98
ATUL,59.49,59.49
ACC,20.77,23.51
SCI,11.09,11.09
MRPL,30.31,30.08
HINDPETRO,23,23
RELINFRA,3.39,
BAJAJHLDNG,83.24,83.24
VOLTAS,86.57,86.57
TITAN,95.1,95.1
TATASTEEL,72.96,62.97
SPIC,19.74,13.12
SBIN,10.55,9.84
NOCIL,32.88,32.88
DRREDDY,19.11,19.11
CHAMBLFERT,15.24,15.24
HINDOILEXP,15.83,19.42
COROMANDEL,37.01,37.01
VINDHYATEL,25.4,25.4
ASIANPAINT,51.64,50.2
BEML,65.11,65.11
CENTENKA,20.18,20.18
VTL,20.16,20.16
ATFL,568.43,2135.17
SUPREMEIND,65.32,65.32
BALRAMCHIN,29.42,29.42
HONAUT,69.87,69.87
PRECOT,18.14,22.6
SANDESH,5.95,5.95
ADANIENT,48.76,47.12
BALKRISIND,33.47,33.47
ONGC,7.89,7.63
TAINWALCHM,71.01,71.01
JINDALPOLY,18.75,33.94
JYOTISTRUC,108.99,108.99
BSL,26.3,26.3
JAYNECOIND,164.56,94.96
SOTL,23.47,23.47
RCF,50.05,54.42
DECCANCE,52.84,30.97
TATAPOWER,42.06,40.48
SUNFLAG,31.94,31.94
SIMPLEXINF,27.85,27.85
SIEMENS,103.14,103.14
VSTIND,25.48,25.48
TOKYOPLAST,141.7,141.7
IFCI,57.42,57.61
SANOFI,33.59,31.26
DLF,90.73,90.73
MEGASOFT,223.19,223.19
ADSL,30.81,30.81
ALPA,12.27,12.28
CENTRALBK,15.3,15.3
KPRMILL,43.01,43.01
MOTILALOFS,17.82,17.82
MAGNUM,23.98,48.05
CENTUM,,448.9
MANGCHEFER,17.26,17.26
DELTACORP,22.22,29.91
CERA,41.52,41.52
BVCL,29.19,29.19
ADANIPORTS,26.78,25.51
COLPAL,53.58,53.58
JYOTHYLAB,40.76,40.76
KALYANIFRG,35.35,35.35
ECLERX,34.76,34.67
BRIGADE,65.31,65.31
DVL,40.44,40.44
PATINTLOG,25.36,25.36
ARIES,17.17,17.17
AMBIKCO,15.33,15.33
CEATLTD,24,22.31
RPOWER,16.1,
JKIL,16.44,16.44
KNRCON,7.91,7.83
IRB,37.87,37.87
NMDC,11.69,11.3
NAHARCAP,15.02,15.02
VGUARD,63.59,63.59
DPSCLTD,102.29,102.29
BAJAJFINSV,16.31,16.31
BAJAJ-AUTO,32.19,32.19
RPGLIFE,54.07,48.7
RBL,18.07,17.7
RANEENGINE,20.27,17.13
LOTUSEYE,110.99,112.38
UBL,110.87,110.87
20MICRONS,14.54,14.54
COUNCODOS,81.02,81.02
HINDNATGLS,2.9,1.18
AJMERA,32.59,32.59
GKWLIMITED,137.91,137.91
NHPC,25.35,25.35
SUNTECK,50.22,50.22
SYNGENE,75.57,79.34
PKTEA,18.81,18.81
ARVSMART,55.23,55.23
POWERMECH,31.11,31.06
GUJGASLTD,28.17,29.19
SHK,193.02,23.22
LUXIND,40.44,40.44
SALZERELEC,33.67,33.67
LINCOLN,19.53,19.53
NH,33.57,33.57
PRECAM,69.96,99.86
HITECH,56.19,56.19
BHAGERIA,33.9,33.9
SEQUENT,173.17,150.29
KDDL,26.6,26.58
BHARATWIRE,19.63,19.63
SHRIPISTON,20.73,20.73
ARMANFIN,10.16,10.16
ASPINWALL,15.68,15.68
SALONA,23.44,23.44
PREMEXPLN,104.88,104.88
DAMODARIND,46.2,46.2
MOLDTECH,23.61,23.61
QUESS,27.94,27.3
GROBTEA,8.33,8.33
MINDTECK,34.62,32.8
DBL,14.2,27.89
SPAL,27.45,27.45
RBLBANK,9.13,9.13
LTTS,43.32,43.32
GNA,19.17,19.17
MARATHON,20.14,20.14
ENDURANCE,42.84,42.84
MAZDA,19.23,19.23
PNBHOUSING,14.54,14.54
KINGFA,29.41,29.41
NBIFIN,124.01,124.01
TCIEXP,30.15,30.15
LAURUSLABS,236.78,236.78
ITDC,81.43,81.35
SPCENET,112.27,112.27
BHANDARI,29.25,29.25
PRICOLLTD,37.36,37.36
RADIOCITY,73.9,73.9
DEN,9.82,9.82
SARDAEN,29.9,29.79
AHLUCONT,22.46,38.57
GODREJPROP,60.68,60.68
MMTC,97.75,93.7
WHIRLPOOL,79.75,76.33
JUBLFOOD,119.71,202.33
DBREALTY,28.71,27.54
MANINFRA,36.42,36.42
PERSISTENT,80.4,80.4
KIRLOSBROS,46.88,47.02
KSL,24.06,24.06
MANAPPURAM,6.63,6.63
UMESLTD,260.23,260.23
HMVL,29.34,29.34
BAJAJCON,21.61,21.61
GPPL,26.54,24.45
WELINV,92.73,92.73
KILITCH,37.37,37.37
CAREERP,12.5,12.5
CANTABIL,35.39,36.1
BEDMUTHA,21.2,21.2
OBEROIRLTY,33.56,33.56
COALINDIA,7.48,7.48
JINDWORLD,95.36,95.36
MOIL,21.55,21.55
KIRLOSENG,32.72,32.84
PSB,53.82,53.82
SUMMITSEC,36.28,33.26
HFCL,48.69,48.69
PFS,18.3,18.3
MUTHOOTFIN,17.11,17.11
PIIND,35.19,35.19
ASHIANA,102.31,102.31
DHANUKA,27.53,27.53
INVENTURE,16.35,14.12
FILATEX,27.05,27.05
TDPOWERSYS,53.68,53.68
APLLTD,33.25,33.77
PGEL,123.03,123.03
PANAMAPET,12.31,12.31
PAISALO,29.28,29.33
SHAKTIPUMP,29.81,29.81
INDOTHAI,65.41,65.41
DSSL,29.89,29.89
POLYMED,101.94,101.94
VIKASECO,35.45,35.45
KANANIIND,211.71,211.71
MINDACORP,51.61,51.61
DBSTOCKBRO,18.87,18.87
SCHNEIDER,100.44,100.48
NDL,16.26,16.26
VSSL,19.32,19.32
SPECIALITY,26.52,26.52
MAYURUNIQ,19.67,19.67
DUCON,21.45,21.45
ZUARI,8.3,8.3
CARERATING,36.19,36.19
REPCOHOME,6.98,6.98
ATULAUTO,119.71,119.71
ORIENTCEM,46,46
SREEL,26.73,26.73
AGRITECH,13.31,13.31
WONDERLA,40.05,40.05
CAPLIPOINT,37.78,37.79
SNOWMAN,147.49,147.49
SHARDACROP,34.66,34.66
INTELLECT,41.74,41.76
FCL,32.54,32.54
GULPOLY,53.03,53.03
GENUSPAPER,212.15,212.15
VISHNU,26.52,26.52
MENONBE,9.62,9.62
MANAKALUCO,39.06,39.06
ZENTEC,89.65,90.46
BYKE,76.66,76.66
TPLPLASTEH,39.42,39.42
PNCINFRA,7.2,7.2
TIMKEN,62.88,62.88
SHREECEM,56.86,56.86
IPCALAB,58.78,62.89
HINDALCO,12.07,11.51
GSFC,16.92,17.01
FINPIPE,21.81,37.81
EIDPARRY,11.74,11.74
CGPOWER,134.3,133.36
BIRLACORPN,32.37,33.06
BAJFINANCE,28.64,28.64
PVP,11.84,
GREENPLY,35.22,38.46
PEARLPOLY,39.45,39.45
KHAITANLTD,10.02,10.02
ANDHRSUGAR,40.91,38.09
STARPAPER,6.16,6.01
AUSOMENT,14.63,14.63
JAYAGROGN,16.25,16.25
SAMBHAAV,39.52,44.65
SOMATEX,2.06,181.13
STERTOOLS,36.82,36.82
INDIANCARD,2.6,
DENORA,40.37,40.37
MIRZAINT,45.61,45.61
GUJAPOLLO,34.74,34.74
MMFL,20.25,20.34
JCHAC,182.99,119.13
MPHASIS,37.85,37.85
RUCHINFRA,164.4,164.4
KOTHARIPET,19.03,18.95
BANKBARODA,6.81,6.81
GAIL,13.82,13.82
SKMEGGPROD,16.41,16.41
CONCOR,41.46,40.61
KCPSUGIND,6.8,7.98
HUDCO,20.53,20.53
SAREGAMA,52.82,52.82
FDC,26.74,26.74
ADROITINFO,12.31,12.31
MAHAPEXLTD,37.55,56.41
INDUSINDBK,9.41,9.41
TRIGYN,73.06,61.79
CUB,13.02,13.02
ITDCEM,26.21,26.21
AXISBANK,12.7,12.7
SONATSOFTW,69.33,5.37
KOKUYOCMLN,64.33,64.33
DHANBANK,38.61,38.61
STCINDIA,21.73,13.93
RSSOFTWARE,21.94,21.94
IVC,77.6,77.6
ALEMBICLTD,30.58,30.58
NIPPOBATRY,3,3
HCLTECH,31.11,31.11
BLUECOAST,.16,
IOB,36.78,36.78
KTKBANK,6.43,6.43
AJANTPHARM,39.88,39.88
CALSOFT,45.17,45.17
TVSMOTOR,58.58,58.58
TAJGVK,28.93,28.93
CHENNPETRO,13.43,13.43
GAEL,18.89,18.89
MRO-TEK,15.71,15.71
KHANDSE,69.15,69.15
GODREJCP,,57.62
LUPIN,36.99,36.99
BHARTIARTL,87.72,75.01
PONNIERODE,9.56,9.56
PNB,9.24,9.24
OFSS,42.61,42.61
CANBK,5.88,5.88
OMAXAUTO,7.68,
RADICO,112.55,112.55
BAGFILMS,330.13,330.13
JSL,25.15,25.13
IGL,18.28,18.28
PTC,10.28,10.04
MAHABANK,8.9,8.9
XPROINDIA,74.63,71.85
LT,33.35,33.49
CENTEXT,25.06,25.44
NIITLTD,60.55,60.55
GULFPETRO,12.57,12.57
ASTRAMICRO,63.52,63.52
JBMA,101.05,101.05
XCHANGING,45.87,45.87
CONSOFINVT,8.15,8.15
EVEREADY,36.76,36.76
GOKEX,60.79,60.79
SHOPERSTOP,403.62,330.96
CYBERMEDIA,22.96,33.8
PRIMESECU,25.8,27.89
VHL,,1750.16
YESBANK,37.74,37.74
MSPL,116.75,116.95
GOLDIAM,46.89,46.89
RML,643.47,374.47
IMPAL,19.77,19.77
SUZLON,93.98,91.43
TRIVENI,34.11,34.11
NAHARINDUS,30.89,29.47
EKC,21.71,21.35
NITINSPIN,17.06,17.06
ROHLTD,21.97,21.97
GSPL,10.23,10.44
GVKPIL,1.32,102056.59
SAKUMA,16.16,16.16
KEC,75.92,75.92
JKCEMENT,44.05,50.46
INDOTECH,54.34,54.34
M&MFIN,16.5,16.5
CENTURYPLY,84.06,81.68
KEI,70.88,70.86
VAKRANGEE,481.55,503.12
GALLANTT,27.19,27.19
UTTAMSUGAR,14.43,14.43
KKCL,23.86,23.86
GPIL,17.62,17.63
LOKESHMACH,47.7,47.7
SWELECTES,29.82,67.3
KAMDHENU,23.93,23.93
PIONEEREMB,49.28,49.28
JKLAKSHMI,27.95,28.45
MUNJALAU,25.08,15.76
TECHM,52.15,52.29
GRINDWELL,66.39,66.34
ACE,45.89,45.89
ANANTRAJ,70.71,70.71
BINANIIND,29.6,
ALICON,26.89,26.89
GEECEE,18.03,18.03
FIEMIND,22.96,22.96
GESHIP,5.47,5.47
MANALIPETC,65.63,57.09
DONEAR,16.73,16.73
SOBHA,320.28,320.32
HIRECT,111.37,92.01
PARACABLES,25.86,25.86
AVTNPL,26.85,26.85
PTL,19.47,19.47
GANDHITUBE,19.7,19.7
ORIENTBELL,1523.63,1523.63
FSL,49.77,49.77
PFC,7.69,7.69
INDIANB,8.22,8.22
AMDIND,81.96,81.96
NAHARPOLY,155.74,155.74
BALAMINES,30.47,30.47
BANSWRAS,26.36,26.36
FORTIS,78,73.8
ALPHAGEO,17.05,11.97
NAVINFLUOR,68.93,83.99
DMART,89.82,89.82
NRAIL,10.65,10.65
DOLLAR,32.47,32.51
STARCEMENT,41.93,41.93
TEJASNET,49.66,49.66
GTPL,23.85,23.85
SALASAR,50.39,50.39
AVADHSUGAR,13.9,13.9
GANGESSECU,37.27,37.27
SIS,42.3,42.3
ABCAPITAL,15.03,15.03
SBILIFE,66.89,66.89
GODREJAGRO,46.11,46.11
IEX,44.51,44.51
IFGLEXPOR,34.65,34.65
HDFCLIFE,80.79,80.79
SHALBY,50.58,50.58
APOLLO,64.57,64.57
ASTERDM,53.77,53.77
BDL,80.26,80.26
BANDHANBNK,10.08,10.08
SANDHAR,25.91,26.82
ISEC,13.9,13.9
MIDHANI,82.21,82.21
CHEMFAB,124.76,124.76
ORIENTELEC,85.92,85.92
ADANIGREEN,143.31,114.43
RITES,33.58,33.65
VARROC,18.13,18.13
HDFCAMC,43.95,43.95
SIGIND,17.75,17.75
AAVAS,24.84,24.84
CHALET,269.22,269.22
TATAELXSI,56.04,56.04
HCC,16.46,
NEULANDLAB,77.78,82.43
BERGEPAINT,50.64,50.69
NKIND,650.56,650.56
HSCL,58.22,58.22
ARENTERP,21.06,21.06
JAYSREETEA,31.26,
ESABINDIA,56.84,56.84
AARTIIND,36.37,36.63
KOPRAN,19.05,19.05
SURYAROSNI,19.81,19.81
SAKHTISUG,4.88,
HINDZINC,24.62,24.45
FINCABLES,28.56,40.99
BHEL,523.19,523.19
ASHAPURMIN,23,37.34
AUTOAXLES,17.85,17.85
SWARAJENG,26.29,26.29
TNPETRO,21.66,18.09
CUBEXTUB,32.78,32.78
SANGAMIND,55.9,47.66
CREST,15.44,15.44
TVSSRICHAK,45.22,42.2
ELECTHERM,4.82,4.99
ALKYLAMINE,60.77,60.77
RAMCOIND,31.41,31.41
INDNIPPON,23.11,23.11
ICICIBANK,18.93,18.93
NLCINDIA,19.08,19.08
HAVELLS,77.92,77.92
HIKAL,71.9,71.9
GOLDTECH,34.56,
MPSLTD,30.14,30.14
APTECHT,51.27,44.76
NUCLEUS,19.14,19.14
DIVISLAB,85.71,85.71
UCOBANK,26.51,26.51
JAIBALAJI,20.33,20.33
SIL,50.01,50.01
BIOCON,23.34,24.1
JSWHL,92.62,92.62
NECLIFE,73.47,73.47
FCSSOFT,,60.15
NAUKRI,161.38,176.06
RUCHIRA,8.28,8.28
NFL,22.59,22.59
TANLA,17.5,17.5
SARLAPOLY,18.48,18.48
PITTIENG,44.73,44.73
TTL,33.26,87.04
ASTRAL,95.18,95.18
NCLIND,15.68,14.32
PHOENIXLTD,49.96,49.94
SRHHYPOLTD,15.98,14.52
KMSUGAR,14.29,14.29
V2RETAIL,115.1,115.1
INDOWIND,45.53,45.53
ENERGYDEV,63.5,63.5
EDELWEISS,20.61,20.61
OIL,9.25,9.25
ZYDUSWELL,40.94,41.71
DBCORP,13.19,13.19
TRF,20.77,20.77
VASCONEQ,23.52,23.52
LGBBROSLTD,15.41,16.02
SJVN,47.56,50.82
TI,46.13,44.08
BLISSGVS,22.21,9.78
ORISSAMINE,319.42,319.42
GREENPOWER,82.25,86.39
ORBTEXP,18.64,18.64
GULFOILLUB,16.68,16.68
CIGNITITEC,36.57,35.85
GRPLTD,73.45,67.54
GANECOS,67.58,67.58
MANAKSTEEL,35,35.77
VRLLOG,57.73,57.73
NILAINFRA,27.58,27.58
ORICONENT,164.43,55.54
SATIN,4.71,4.71
SHREEPUSHK,23.4,23.4
BALAXI,13.05,14.08
UMANGDAIRY,39.18,39.18
LALPATHLAB,64.82,64.82
TEAMLEASE,45.6,47.09
KELLTONTEC,22.38,22.38
PDMJEPAPER,13.64,13.64
CROMPTON,53.32,53.32
ALBERTDAVD,12.36,12.36
CONTROLPR,23.18,23.2
INTENTECH,18.76,18.76
CLEDUCATE,49.15,53.56
SCHAND,22.6,22.6
ERIS,56.49,56.49
STEELXIND,52.8,52.8
OPTIEMUS,110.41,110.41
APEX,174.47,174.47
MATRIMONY,29,29
DIAMONDYD,61.59,75.84
