Symbol,Security,From Series,To Series,Change Date,Remarks
APRAMEYA,APRAMEYA ENGINEERING LIMITED,SM,ST,12-DEC-2024,"-"
ARENTERP,RAJDARSHAN INDUSTRIES LIMITED,EQ,BE,12-DEC-2024,"-"
ARTNIRMAN,ART NIRMAN LIMITED,EQ,BE,12-DEC-2024,"-"
BGRENERGY,BGR ENERGY SYSTEMS LIMITED,EQ,BE,12-DEC-2024,"-"
HINDCON,HINDCON CHEMICALS LIMITED,EQ,BE,12-DEC-2024,"-"
INDOTHAI,INDO THAI SECURITIES LIMITED,EQ,BE,12-DEC-2024,"-"
JAINAM,JAINAM FERRO ALLOYS (I) LIMITED,SM,ST,12-DEC-2024,"-"
KREBSBIO,KREBS BIOCHEMICALS AND INDUSTRIES LIMITED,EQ,BE,12-DEC-2024,"-"
KRIDHANINF,KRIDHAN INFRA LIMITED,EQ,BE,12-DEC-2024,"GSM STAGE - 0"
LPDC,LANDMARK PROPERTY DEVELOPMENT COMPANY LIMITED,EQ,BE,12-DEC-2024,"-"
PARAGON,PARAGON FINE AND SPECIALITY CHEMICAL LIMITED,SM,ST,12-DEC-2024,"-"
SETCO,SETCO AUTOMOTIVE LIMITED,EQ,BE,12-DEC-2024,"-"
SVPGLOB,SVP GLOBAL TEXTILES LIMITED,EQ,BE,12-DEC-2024,"-"
TTL,T T LIMITED,EQ,BE,12-DEC-2024,"-"
