"Security Name","Symbol Name","Trade Date","Quantity"
"TATA TECHNOLOGIES LIMITED","TATATECH","11-Dec-2024","958"
"GUJARAT GAS LIMITED","GUJGASLTD","11-Dec-2024","17500"
"JIO FIN SERVICES LTD","JIOFIN","11-Dec-2024","50"
"COALINDIA","COALINDIA","11-Dec-2024","25"
"RELIANCE INDUSTRIES LTD","RELIANCE","11-Dec-2024","10"
"BAJAJ FINANCE LIMITED","BAJFINANCE","11-Dec-2024","2"
"HINDUSTAN AERONAUTICS LTD","HAL","11-Dec-2024","16"
"GREAVES COTTON LTD","GREAVESCOT","11-Dec-2024","1"
"L&T FINANCE LIMITED","LTF","11-Dec-2024","64"
"CAN FIN HOMES LTD        ","CANFINHOME","11-Dec-2024","200"
"INDEGENE LIMITED","INDGN","11-Dec-2024","3"
"UNION BANK OF INDIA","UNIONBANK","11-Dec-2024","30"
"LARSEN & TOUBRO LTD.","LT","11-Dec-2024","61"
"JM FINANCIAL LIMITED    ","JMFINANCIL","11-Dec-2024","3"
"MIRAEAMC - MAFSETF","BFSI","11-Dec-2024","189"
"VAKRANGEE LIMITED        ","VAKRANGEE","11-Dec-2024","106425"
"UPL LIMITED","UPL","11-Dec-2024","100"
"PIRAMAL ENTERPRISES LTD","PEL","11-Dec-2024","5"
