1,AARTIPHARM,INE0LRU01027,718.85,20
2,DEEPAKNTR,INE288B01029,1900.5,20
3,TVSSCS,INE395N01027,131.73,20
4,NFL,INE870D01012,85.75,21
5,MARUTI,INE585B01010,12680.25,9
6,HYUNDAI,INE0V6F01027,1806.3,20
7,RAJESHEXPO,INE343B01030,158.65,20
8,BLUESTARCO,INE472A01039,1963.6,20
9,SGBJAN29IX,IN0020200377,8484.81,10
10,BECTORFOOD,INE495P01012,1359.25,20
11,SGBMAR25,IN0020160126,8530,10
12,INDIAGLYCO,INE560A01015,1151.55,20
13,PGEL,INE457L01029,759.9,24.42
14,PREMIERENE,INE0BS701011,961.8,20
15,SGBSEP27,IN0020190115,8411,10
16,SGBNOV25VI,IN0020170083,8375.3,10
17,RECLTD,INE020B01018,391.65,20
18,SGBAUG27,IN0020190107,8566.66,10
19,SGBMAY26,IN0020180033,8499,10
20,FLUOROCHEM,INE09N301011,3681.9,20
21,CHEMPLASTS,INE488A01050,403.7,20
22,PAGEIND,INE761H01022,41068.35,20
23,EICHERMOT,INE066A01021,4703.35,10.66
24,GUJALKALI,INE186A01019,578.65,20
25,NMDC,INE584A01023,61.93,20
26,KIRLOSENG,INE146L01010,674.95,20
27,MOIL,INE490G01020,293.25,20
28,ANANTRAJ,INE242C01024,555.45,25.38
29,LMW,INE269B01029,14323.1,20
30,TIINDIA,INE974X01010,2580.5,20
31,CHAMBLFERT,INE085A01013,528.15,20
32,KIRLPNU,INE811A01020,1026.65,20
33,SGBNOV25,IN0020170091,8451.61,10
34,HSCL,INE019C01026,413.7,20
35,RCF,INE027A01015,134.81,20.93
36,NCC,INE868B01028,187.6,20.61
37,IREDA,INE202E01016,168.16,20.83
38,STOVEKRAFT,INE00IN01015,702.35,20
39,VENUSPIPES,INE0JA001018,1271.3,20
40,TITAN,INE280A01028,3213.25,9.01
41,BASF,INE373A01013,4146.45,20
42,NIFTYIETF,INF109K012R6,255.72,6
43,HDFCBANK,INE040A01034,1694.85,9
44,HINDALCO,INE038A01020,606.2,12.36
45,TRANSRAILL,INE454P01035,542.75,20
46,LIQUIDBEES,INF732E01037,1000,5
47,POWERINDIA,INE07Y701011,11289.35,22.55
48,TATACONSUM,INE192A01025,1022.55,9.63
49,SUBEXLTD,INE754A01055,15.26,20
50,SENORES,INE0RB801010,515,20
51,SGBMAR30X,IN0020210319,8555,10
52,TANLA,INE483C01032,524.8,20
53,TORNTPHARM,INE685A01028,3013.85,20
54,INOXGREEN,INE510W01014,124.77,22.95
55,YESBANK,INE528G01035,17.76,20
56,COLPAL,INE259A01022,2482.45,20
57,NRBBEARING,INE349A01021,227.95,20
58,IGIL,INE0Q9301021,452.3,20
59,SGBJUN30,IN0020220045,8591.66,10
60,SHRIRAMPPS,INE217L01019,73.09,20
61,SGBOCT25IV,IN0020170067,8455,10
62,DMART,INE192R01011,3682.65,20
63,SANOFI,INE058A01010,5149.75,20
64,SULA,INE142Q01026,313,20
65,ABSLLIQUID,INF209KB18T9,1000.01,5
66,INDUSTOWER,INE121J01017,335.5,20
67,RICOAUTO,INE209B01025,68.86,21.86
68,UCOBANK,INE691A01018,39.25,20
69,DOMS,INE321T01012,2458.8,20
70,AADHARHFC,INE883F01010,384.5,20
71,JUNIORBEES,INF732E01045,637.51,6.99
72,KFINTECH,INE138Y01010,924.85,21.49
73,FORTIS,INE061F01013,603.85,20
74,BERGEPAINT,INE463A01038,478.3,20
75,OIL,INE274J01014,396.35,20
76,SCHNEIDER,INE839M01018,627.45,20
77,ITC,INE154A01025,410.25,9
78,EMAMILTD,INE548C01032,524.5,20
79,EBBETF0431,INF754K01LE1,1302.11,20
80,IMFA,INE919H01018,632,20
81,DRREDDY,INE089A01031,1197.05,9
82,3MINDIA,INE470A01017,26739.95,20
83,CONFIPET,INE552D01024,61.47,20
84,GUJGASLTD,INE844O01030,393.5,20
85,WHIRLPOOL,INE716A01013,1002.4,20
86,IXIGO,INE0HV901016,144.96,20
87,CONSUMBEES,INF204KA1LD7,118.16,20
88,LTF,INE498L01015,136.96,20
89,ADVENZYMES,INE837H01020,308.65,20
90,VTL,INE825A01020,435.6,20
91,ICICIB22,INF109KB15Y7,96.65,20
92,JYOTHYLAB,INE668F01031,358.75,20
93,INDIANB,INE562A01011,508.45,20
94,MANKIND,INE634S01028,2394.35,20
95,SARDAEN,INE385C01021,458.05,20
96,GMDCLTD,INE131A01031,269.7,21.06
97,SGLTL,INE0M4D01010,143.41,20
98,ASTRAL,INE006I01046,1332.6,20
99,SONACOMS,INE073K01018,489.25,20
100,HAVELLS,INE176B01034,1498.25,20
101,INTELLECT,INE306R01017,705.3,20
102,WAAREEENER,INE377N01017,2103.9,20
103,SAFARI,INE429E01023,1975.15,20
104,PFIZER,INE182A01018,4178.25,20
105,MCX,INE745G01035,5443.7,20
106,ARVIND,INE034A01011,322.05,20
107,NORTHARC,INE850M01015,174.75,20
108,DCBBANK,INE503A01015,111.61,20
109,RRKABEL,INE777K01022,1129,20
110,JSWINFRA,INE880J01026,228.5,20
111,BIOCON,INE376G01013,349.35,20
112,BIRLACORPN,INE340A01012,993.15,20
113,PIIND,INE603J01030,3162.8,20
114,INDUSINDBK,INE095A01012,1024.4,12.9
115,TATAPOWER,INE245A01021,337.15,20
116,FILATEX,INE816B01035,42.51,20
117,BRITANNIA,INE216A01030,4939.65,9
118,MSTCLTD,INE255X01014,531.85,21.66
119,IOLCP,INE485C01011,336.4,20
120,SGBNOV258,IN0020170109,8598,10
121,SGBOCT27VI,IN0020190388,8400,10
122,BPCL,INE029A01011,251,12.42
123,SGBDE30III,IN0020220110,8589.43,10
124,ABB,INE117A01022,5263.75,20
125,APTUS,INE852O01025,298.65,20
126,SBC,INE04AK01028,17.27,20
127,GOLDBEES,INF204KB17I5,72.22,20
128,AFCONS,INE101I01011,424.25,20
129,CEATLTD,INE482A01020,2599.1,20
130,NSLNISP,INE0NNS01018,37.14,20
131,SGBOCT25V,IN0020170075,8299,10
132,MRF,INE883A01011,109474.85,20
133,SGBJUN28,IN0020200104,8499.99,10
134,SYNGENE,INE398R01022,690.35,20
135,INOXINDIA,INE616N01034,903.05,20
136,ACC,INE012A01025,1873.95,20
137,GOLDSHARE,INF789F1AUX7,73.05,20
138,GRINDWELL,INE536A01023,1604,20
139,SHREECEM,INE070A01015,28556.05,20
140,ITIETF,INF109KC16I6,44.51,20
141,PHARMABEES,INF204KC1089,21.32,20
142,CLEAN,INE227W01023,1300.65,20
143,HCLTECH,INE860A01027,1711.25,9.5
144,JUBLPHARMA,INE700A01033,944.95,20
145,TIMKEN,INE325A01013,2622.6,20
146,SGBMAR28X,IN0020190552,8520,10
147,SGBSEP31II,IN0020230093,8625.9,10
148,IIFL,INE530B01024,314.35,20
149,SBFC,INE423Y01016,82.41,20
150,ARE&M,INE885A01032,953.85,20
151,KAYNES,INE918Z01012,4008.4,21.75
152,STARCEMENT,INE460H01021,203.35,20
153,SPARC,INE232I01014,141.32,20
154,SGBJUL25,IN0020170034,8500,10
155,TI,INE133E01013,253.7,23.45
156,EXIDEIND,INE302A01020,358.55,20
157,ABREL,INE055A01016,2068.7,20
158,THERMAX,INE152A01029,3109,20
159,NEXT50IETF,INF109KC1NS5,62.34,7.17
160,GOKEX,INE887G01027,918.9,20
161,GILLETTE,INE322A01010,7577.6,20
162,DHAMPURSUG,INE041A01016,132.65,20
163,MOTILALOFS,INE338I01027,619.75,21.96
164,SGBOCT27,IN0020190370,8406.01,10
165,JSWSTEEL,INE019A01038,964.6,10.05
166,TDPOWERSYS,INE419M01027,332.35,20
167,BAJAJHLDNG,INE118A01012,12075.2,20
168,TTML,INE517B01013,66.47,21.79
169,IDEAFORGE,INE349Y01013,386.85,20
170,M&MFIN,INE774D01024,271.25,20
171,MOM30IETF,INF109KC17C7,28.7,7.72
172,KNRCON,INE634I01029,246.6,20
173,EIEL,INE0LLY01014,228.8,20
174,IFCI,INE039A01010,44.6,25.95
175,HATHWAY,INE982F01036,13.94,20
176,MOBIKWIK,INE0HLU01028,326.85,20
177,RAIN,INE855B01025,124.32,20
178,DISHTV,INE836F01026,7.35,20.34
179,IRFC,INE053F01010,121.75,20
180,WIPRO,INE075A01022,308.1,10.81
181,TATATECH,INE142M01025,733.85,20
182,ATUL,INE100A01010,5408.75,20
183,NEWGEN,INE619B01017,959.55,23.66
184,NIACL,INE470Y01017,155.47,21.53
185,INTERARCH,INE00M901018,1385.65,20
186,DIVISLAB,INE361B01024,5843.75,20
187,ASTERDM,INE914M01019,415.4,20
188,JTLIND,INE391J01032,86.92,20
189,SHARDACROP,INE221J01015,535.6,20
190,SGBAPR28I,IN0020200062,8505.25,10
191,ABSLAMC,INE404A01024,652.85,20
192,AARTIDRUGS,INE767A01016,411.5,20
193,BANKBEES,INF204KB15I9,504.56,20
194,SGBAUG29V,IN0020210129,8537.32,10
195,ABDL,INE552Z01027,327.05,20
196,TRENT,INE849A01020,5117.35,15.39
197,EBBETF0430,INF754K01KO2,1453.11,20
198,MFSL,INE180A01020,1057.85,20
199,FINCABLES,INE235A01022,934.45,20
200,PVRINOX,INE191H01014,1018.25,20
201,TATACHEM,INE092A01019,846.5,20
202,KAJARIACER,INE217B01036,911.15,20
203,SILVERBEES,INF204KC1402,94.71,20
204,APLLTD,INE901L01018,818.15,20
205,CAPLIPOINT,INE475E01026,1915.95,20
206,SGBNV29VII,IN0020210178,8500.67,10
207,POLYCAB,INE455K01017,5416.25,20
208,BSOFT,INE836A01035,488,20
209,AJANTPHARM,INE031B01049,2560.25,20
210,PVTBANIETF,INF109KC18U7,24.62,20
211,ACI,INE128X01021,424.6,20
212,HONAUT,INE671A01010,34690.95,20
213,SIEMENS,INE003A01024,4990.85,20
214,HAL,INE066F01020,3513.7,20
215,HINDCOPPER,INE531E01026,214.5,20
216,TRIDENT,INE064C01022,27.8,20
217,SGBJUN29II,IN0020210061,8478.66,10
218,AUBANK,INE949L01017,534.9,20
219,MOREPENLAB,INE083A01026,51.81,21.31
220,MAZDOCK,INE249Z01020,2166.35,24.33
221,UPL,INE628A01036,618.35,20
222,SGBJUL27,IN0020190081,8357,10
223,MARKSANS,INE750C01026,230.69,20.83
224,SANSTAR,INE08NE01025,99.51,20
225,SANATHAN,INE0JPD01013,321.7,20
226,SAREGAMA,INE979A01025,486.75,20
227,HCC,INE549A01026,25.74,25.54
228,POLICYBZR,INE417T01026,1574,20
229,CENTURYPLY,INE348B01021,751.4,20
230,HDFCLIFE,INE795G01014,626.2,9.73
231,ECLERX,INE738I01010,3100.1,20
232,HIKAL,INE475B01022,341.75,20
233,NAUKRI,INE663F01024,7485.5,20
234,APARINDS,INE372A01015,6367.35,20.26
235,TRITURBINE,INE152M01016,588.7,20.37
236,SOUTHBANK,INE683A01023,24.12,20
237,ALPHA,INF174KA1IA5,43.05,8.74
238,HOMEFIRST,INE481N01025,936.3,20
239,ALOKINDS,INE270A01029,16.34,20
240,PNGJL,INE953R01016,611.75,20
241,LTFOODS,INE818H01020,386.65,20
242,PEL,INE140A01024,926.55,20
243,GMMPFAUDLR,INE541A01023,1127.1,20
244,AEROFLEX,INE024001021,200.73,21.48
245,SUMICHEM,INE258G01013,470.95,20
246,EMCURE,INE168P01015,994.7,20
247,APLAPOLLO,INE702C01027,1303.05,20
248,GOODLUCK,INE127I01024,702.7,20
249,KTKBANK,INE614B01018,176.56,20
250,ORIENTCEM,INE876N01018,331.9,20
251,POLYPLEX,INE633B01018,1130.95,20
252,FEDFINA,INE007N01010,90.29,20
253,BOMDYEING,INE032A01023,137.82,20.14
254,GIPCL,INE162A01010,163.27,20.28
255,SGBJUL28IV,IN0020200146,8473.49,10
256,TRIVENI,INE256C01024,370.85,20
257,SGBOCT25,IN0020170059,8550,10
258,MASTEK,INE759A01021,2443.1,20
259,CARTRADE,INE290S01011,1567.8,20.73
260,LODHA,INE670K01029,1153.55,20
261,RADICO,INE944F01028,2042.9,20
262,PERSISTENT,INE262H01021,5562.7,20
263,RTNINDIA,INE834M01019,45.86,20.47
264,SGBD29VIII,IN0020210228,8489.2,10
265,GODIGIT,INE03JT01014,296.85,20
266,SMALLCAP,INF769K01LC3,40.42,7.74
267,NATCOPHARM,INE987B01026,883.2,20
268,BANDHANBNK,INE545U01014,135.38,20
269,SGBAUG28V,IN0020200161,8501.39,10
270,MGL,INE002S01010,1239.6,20
271,MAHABANK,INE457A01014,47.73,20
272,GODREJIND,INE233A01035,800.7,20
273,FEDERALBNK,INE171A01029,181.01,20
274,LLOYDSENGG,INE093R01011,65.25,23.6
275,SGBMAY25,IN0020170018,8500,10
276,BHARTIHEXA,INE343G01021,1365.55,20
277,HDFCSILVER,INF179KC1DI2,94.66,20
278,ALKYLAMINE,INE150B01039,1654.65,20
279,PETRONET,INE347G01014,286.65,20
280,ESCORTS,INE042A01014,2948.65,20
281,FCL,INE045J01026,265.15,20
282,SETFNIF50,INF200KA1FS1,244.11,6
283,SGBN28VIII,IN0020200286,8498.41,10
284,LIQUIDBETF,INF0QA701854,1016.25,5
285,NOCIL,INE163A01018,202.74,20
286,CGPOWER,INE067A01029,552.35,20
287,PRAKASH,INE603A01013,139.08,20
288,CHOLAFIN,INE121A01024,1376,20
289,M&M,INE101A01026,2942.6,11.93
290,UNOMINDA,INE405E01023,906.25,20
291,JWL,INE209L01016,312.5,24.84
292,SHRIRAMFIN,INE721A01047,539.15,14.25
293,AWL,INE699H01024,236.45,20
294,MMTC,INE123F01029,57.64,22.16
295,HBLENGINE,INE292B01021,501.05,21.28
296,ELGIEQUIP,INE285A01027,491.05,20
297,SWIGGY,INE00H001014,340.75,20
298,MID150BEES,INF204KB1V68,189.38,6.74
299,PGHH,INE179A01014,13858.45,20
300,SANSERA,INE953O01021,1189.95,20
301,TVSMOTOR,INE494B01023,2401.4,20
302,SDBL,INE480C01038,112.41,20
303,GAEL,INE036B01030,106.2,20
304,SRF,INE647A01010,2752.25,20
305,CHALET,INE427F01016,693.65,20
306,BANKINDIA,INE084A01016,99.3,20
307,ZYDUSLIFE,INE010B01027,901.85,20
308,GABRIEL,INE524A01029,471.8,20
309,CANBK,INE476A01022,85.62,20
310,KARURVYSYA,INE036D01028,223.6,20
311,ADANIENT,INE423A01024,2152.65,21.58
312,GODFRYPHLP,INE260B01028,5999.5,26.85
313,SOBHA,INE671H01015,1160.95,20
314,PGHL,INE199A01012,5237.5,20
315,PAYTM,INE982J01020,724.05,23.88
316,CDSL,INE736A01011,1205.3,20
317,MUTHOOTFIN,INE414G01012,2254.9,20
318,MAHLIFE,INE813A01018,358.5,20
319,JKTYRE,INE573A01042,285.2,20
320,UBL,INE686F01025,2040.6,20
321,TIPSMUSIC,INE716B01029,662.85,20
322,WESTLIFE,INE274F01020,725.05,20
323,COFORGE,INE591G01017,7793.35,20
324,AAVAS,INE216P01012,1685.05,20
325,ENGINERSIN,INE510A01028,160.48,20.36
326,AFFLE,INE00WC01027,1501.6,20
327,VAIBHAVGBL,INE884A01027,258.2,20
328,WSTCSTPAPR,INE976A01021,484.35,20
329,KPRMILL,INE930H01031,839.3,20
330,LIQUIDSHRI,INF680P01422,1038.63,5
331,CYIENTDLM,INE055S01018,434.3,20
332,ONGC,INE213A01029,230.5,13.41
333,GODREJCP,INE102D01028,1058.9,20
334,ANGELONE,INE732I01013,2209.35,21.39
335,ZFCVINDIA,INE342J01019,10730.4,20
336,HEROMOTOCO,INE158A01026,3862.4,9.84
337,IONEXCHANG,INE570A01022,521.15,20
338,GODREJPROP,INE484J01027,1968.15,20
339,RBA,INE07T201019,70.14,20
340,IGL,INE203G01027,185.67,20
341,GICRE,INE481Y01014,369.1,20.4
342,APOLLOHOSP,INE437A01024,6270.5,9.49
343,KEC,INE389H01022,747.6,20
344,SAIL,INE114A01011,105.71,20
345,SPIC,INE147A01011,76.88,20
346,MASFIN,INE348L01012,241.3,20
347,LICHSGFIN,INE115A01026,533.55,20
348,INDIGO,INE646L01027,4223.3,20
349,TATASTEEL,INE081A01020,134.47,11.43
350,SGBMAY29I,IN0020210053,8502.28,10
351,IDBI,INE008A01015,72.12,20
352,SGBJAN26,IN0020170166,8700,10
353,ZENSARTECH,INE520A01027,830.25,20
354,AXISGOLD,INF846K01W80,72.93,20
355,FIEMIND,INE737H01014,1373.65,20
356,MEDPLUS,INE804L01022,724.7,20
357,CARYSIL,INE482D01024,583.35,20
358,YATHARTH,INE0JO301016,401.95,20
359,SHK,INE500L01026,177.04,20
360,NUVOCO,INE118D01016,311.7,20
361,CUB,INE491A01021,160.48,20
362,FIVESTAR,INE128S01021,698.55,20
363,UTKARSHBNK,INE735W01017,28.11,20
364,RVNL,INE415G01027,359.9,24.61
365,SATIN,INE836B01017,141.85,20
366,BAJAJFINSV,INE918I01026,1841.3,9.85
367,NEULANDLAB,INE794A01010,11825.25,23.48
368,BEML,INE258A01016,2759.85,21.3
369,GPPL,INE517F01014,132.36,20
370,SUNDARMFIN,INE660A01013,4565.2,20
371,EBBETF0425,INF754K01LD3,1276.67,20
372,RBLBANK,INE976G01028,156.82,20
373,OLECTRA,INE260D01016,1171.15,20
374,MINDACORP,INE842C01021,519.2,20
375,VINATIORGA,INE410B01037,1591.95,20
376,RELIANCE,INE002A01018,1217.25,9
377,IMAGICAA,INE172N01012,67.48,20.51
378,ANURAS,INE930P01018,674.1,20
379,AHLUCONT,INE758C01029,668.95,20
380,SIGNATURE,INE903U01023,1167.95,20
381,DEEPAKFERT,INE501A01019,1002.45,21.42
382,HAPPSTMNDS,INE419U01012,693.05,20
383,SFL,INE916U01025,775.3,20
384,WELSPUNLIV,INE192B01031,118.2,20
385,SUVENPHAR,INE03QK01018,1089.65,20
386,KOTAKBANK,INE237A01028,1952.4,9.38
387,INFY,INE009A01021,1856.4,9.36
388,LIQUID,INF769K01KS1,999.99,5
389,SHAREINDIA,INE932X01026,209.18,20
390,LATENTVIEW,INE0I7C01011,404.25,20
391,VARROC,INE665L01035,486.1,20
392,KANSAINER,INE531A01024,231.4,20
393,SBIN,INE062A01020,722.15,10.51
394,DELTACORP,INE124G01033,90.68,20
395,LINDEINDIA,INE473A01011,5572.75,20
396,CAMLINFINE,INE052I01032,136.96,20
397,PRESTIGE,INE811K01011,1227.15,20
398,GRASIM,INE047A01021,2431.3,9.19
399,NHPC,INE848E01016,73.29,20
400,SHILPAMED,INE790G01031,649.7,20
401,TECHM,INE669C01036,1659.1,10.02
402,SGBDEC2513,IN0020170158,8499,10
403,REDINGTON,INE891D01026,245.26,20
404,ALKEM,INE540L01014,4651.5,20
405,NTPC,INE733E01010,300.35,11.67
406,JIOFIN,INE758E01017,222.29,20
407,PIDILITIND,INE318A01026,2806.2,20
408,RENUKA,INE087H01022,30.04,20
409,GANECOS,INE845D01014,1442.9,20
410,LICI,INE0J1Y01017,759.1,20
411,PPLPHARMA,INE0DK501011,184.9,20
412,JINDALSAW,INE324A01032,232.45,20.09
413,JBCHEPHARM,INE572A01036,1669.3,20
414,UNITDSPR,INE854D01024,1364.4,20
415,SGBNOV26,IN0020180314,8800,10
416,SGBSEP28VI,IN0020200195,8530.66,10
417,RELAXO,INE131B01039,469.45,20
418,SGBDEC25,IN0020170125,8450,10
419,JAMNAAUTO,INE039C01032,83.8,20
420,MANGLMCEM,INE347A01017,784.75,20
421,BAJAJHFL,INE377Y01014,109.72,20
422,CMSINFO,INE925R01014,430.2,20
423,ARVINDFASN,INE955V01021,398.45,20
424,SBICARD,INE018E01016,859,20
425,TEGA,INE011K01018,1348.6,20
426,LOWVOLIETF,INF109KC19U5,20.53,6.28
427,PHOENIXLTD,INE211B01039,1569.6,20
428,AUROPHARMA,INE406A01037,1131.35,20
429,CERA,INE739E01017,6170.95,20
430,VPRPL,INE0AE001013,172.1,21.55
431,GATEWAY,INE079J01017,70.97,20
432,SUPRAJIT,INE399C01030,403.5,20
433,TBOTEK,INE673O01025,1617.4,20
434,AVANTEL,INE005B01027,113.06,20
435,HINDUNILVR,INE030A01027,2318.35,9
436,LUPIN,INE326A01037,1969.9,20
437,TIRUMALCHM,INE338A01024,232.33,20
438,ITBEES,INF204KB15V2,44.59,20
439,ALPL30IETF,INF109KC17V7,25.78,6
440,SETFGOLD,INF200KA16D8,74.54,20
441,SUDARSCHEM,INE659A01023,914.3,20
442,KSB,INE999A01023,599.1,20
443,LAURUSLABS,INE947Q01028,546.2,20
444,SUPREMEIND,INE195A01028,3765.25,20
445,LTIM,INE214T01019,5511.6,20
446,SYMPHONY,INE225D01027,1100.75,20
447,SGBOCT26,IN0020180249,8450,10
448,HINDOILEXP,INE345A01011,193.97,20
449,MON100,INF247L01AP3,205.44,8.96
450,VIPIND,INE054A01027,347.5,20
451,SUPRIYA,INE07RO01027,666.75,21.33
452,PTC,INE877F01012,137.76,20
453,HDFCAMC,INE127D01025,3752.45,20
454,JUSTDIAL,INE599M01018,800.45,20
455,GOLD1,INF174KA1HJ8,72.92,20
456,ACE,INE731H01025,1203.55,20
457,SGBJ28VIII,IN0020190537,8500,10
458,LIQUIDETF,INF740KA1EU7,1000,5
459,CARRARO,INE0V7W01012,353.65,20
460,UJJIVANSFB,INE551W01018,33.41,20
461,KALYANKJIL,INE303R01014,488.4,20.49
462,SYRMA,INE0DYJ01015,441.55,21.65
463,SPANDANA,INE572J01011,298.8,22.06
464,BALRAMCHIN,INE119A01028,429.25,20
465,PATELENG,INE244B01030,44.56,20
466,TATAELXSI,INE670A01012,6174,20
467,SGBMAR31IV,IN0020220169,8668.76,10
468,DBL,INE917M01012,393.55,20
469,SGBJAN30IX,IN0020210236,8530.74,10
470,PNBHOUSING,INE572E01012,792.7,20
471,PSUBNKBEES,INF204KB16I7,65.43,20
472,ADANIPORTS,INE742F01042,1062.7,16.73
473,HINDZINC,INE267A01025,416.55,20
474,ORCHPHARMA,INE191A01027,943.6,22.33
475,NYKAA,INE388Y01029,168.66,20
476,JISLJALEQS,INE175A01038,61.27,22.42
477,J&KBANK,INE168A01041,95.06,20
478,PENIND,INE932A01024,144.06,22.54
479,SGBSEP29VI,IN0020210145,8511.72,10
480,PSB,INE608A01012,43.34,20.16
481,KIMS,INE967H01025,581.35,20
482,VIJAYA,INE043W01024,921.7,20
483,METROPOLIS,INE112L01020,1681.65,20
484,HGINFRA,INE926X01010,1154.45,20
485,PCBL,INE602A01031,366.15,20
486,TATACOMM,INE151A01013,1503.2,20
487,PITTIENG,INE450D01021,946.2,20
488,GROWWLIQID,INF666M01IP5,102.6,5
489,ATGL,INE399L01023,573.75,22.21
490,DATAPATTNS,INE0IX101010,1606,20.25
491,SILVERETF,INF789F1AYK6,95.69,20
492,RAINBOW,INE961O01016,1295.2,20
493,TEXRAIL,INE621L01012,141.01,22.99
494,SUNDRMFAST,INE387A01021,986.55,20
495,ASHOKLEY,INE208A01029,213.85,20
496,AMBER,INE371P01015,5817.3,21.92
497,VESUVIUS,INE386A01015,3911.4,20
498,GSPL,INE246F01010,284.05,20
499,SGBDC27VII,IN0020190461,8510,10
500,BDL,INE171Z01026,1102.55,20
501,TATAMOTORS,INE155A01022,680.65,12.17
502,NV20IETF,INF109KC11V0,14.33,20
503,SGBNOV25IX,IN0020170117,8500,10
504,ASKAUTOLTD,INE491J01022,415,20
505,BATAINDIA,INE176A01028,1320.05,20
506,INFIBEAM,INE483S01020,19.64,20
507,CSBBANK,INE679A01013,289,20
508,JKCEMENT,INE823G01014,4657.25,20
509,WABAG,INE956G01038,1385.25,20.98
510,KRN,INE0Q3J01015,840.45,20
511,AVANTIFEED,INE871C01038,659,20
512,JYOTICNC,INE980O01024,957.55,20.49
513,DAMCAPITAL,INE284H01025,256,20
514,ASHOKA,INE442H01029,207.55,20.02
515,RATNAMANI,INE703B01027,2493.7,20
516,POLYMED,INE205C01021,2122.8,20
517,COROMANDEL,INE169A01031,1752.2,20
518,CIEINDIA,INE536H01010,419.7,20
519,SGBDEC26,IN0020180389,8499,10
520,GLENMARK,INE935A01035,1323.05,20
521,SAMHI,INE08U801020,150.7,20
522,LT,INE018A01030,3237.65,10.58
523,STARHEALTH,INE575P01011,392.3,20
524,AXISBANK,INE238A01034,997.5,9.37
525,RAILTEL,INE0DD101019,306.05,23.44
526,JSWENERGY,INE121E01018,437.1,20
527,VMM,INE01EA01019,104.54,20
528,ELECTCAST,INE086A01029,102.98,20.92
529,CAPACITE,INE264T01014,337.65,20
530,BSE,INE118H01025,5120.55,23.04
531,IPCALAB,INE571A01038,1463.9,20
532,FDC,INE258B01022,405.45,20
533,CENTRALBK,INE483A01010,47.9,20
534,DBREALTY,INE879I01012,132.22,23.43
535,HINDPETRO,INE094A01015,312.35,20
536,BAJFINANCE,INE296A01024,8392.3,10.62
537,NLCINDIA,INE589A01014,194.28,20
538,SURYAROSNI,INE335A01020,225.75,21.81
539,LTGILTBEES,INF204KB1882,27.56,10
540,KESORAMIND,INE087A01019,214.88,20
541,INGERRAND,INE177A01018,3532.55,20
542,ABBOTINDIA,INE358A01014,27839.75,20
543,PARADEEP,INE088F01024,101.71,20
544,DEN,INE947J01015,34.15,20
545,SCI,INE109A01011,154.22,21.46
546,IOC,INE242A01010,117.25,20
547,OBEROIRLTY,INE093I01010,1570.65,20
548,BALKRISIND,INE787D01026,2625,20
549,IEX,INE022Q01020,163.93,20
550,NTPCGREEN,INE0ONG01011,106.85,20
551,EMBDL,INE069I01010,133.63,24.91
552,ENDURANCE,INE913H01037,1857.6,20
553,MIDHANI,INE099Z01011,268.4,20
554,DREAMFOLKS,INE0JS101016,282.2,20
555,ANUP,INE294Z01018,2732.1,21.71
556,STYLEBAAZA,INE01FR01028,189.8,20
557,INDHOTEL,INE053A01029,710.2,20
558,HIMATSEIDE,INE049A01027,128.24,21.42
559,AUTOBEES,INF204KC1337,225.64,20
560,GENESYS,INE727B01026,773.75,24.43
561,PNB,INE160A01022,92.25,20
562,ISGEC,INE858B01029,962.35,20
563,FSL,INE684F01012,352.4,20
564,ULTRACEMCO,INE481G01011,11263.85,9.42
565,ASTRAZEN,INE203A01020,7103.65,20
566,PRINCEPIPE,INE689W01016,278.85,20
567,BANKBARODA,INE028A01039,205.16,20
568,ICICIGI,INE765G01017,1737.95,20
569,GHCL,INE539A01019,626.05,20
570,SUNPHARMA,INE044A01036,1700.5,9
571,LIQUIDCASE,INF0R8F01034,107.06,5
572,RAMCOCEM,INE331A01037,844.65,20
573,CEWATER,INE037Z01029,522.35,20
574,GLAND,INE068V01023,1459.4,20
575,BEL,INE263A01024,250.35,14.99
576,SKIPPER,INE439E01022,423.25,25.91
577,BCLIND,INE412G01024,37.38,20
578,CONCOR,INE111A01025,675.2,20
579,GMRAIRPORT,INE776C01039,70.48,20
580,SGBDEC25XI,IN0020170133,8500,10
581,INDGN,INE065X01017,570,20
582,SAMMAANCAP,INE148I01020,122.19,20
583,FMCGIETF,INF109KC19V3,56.25,20
584,GAIL,INE129A01019,162.29,20
585,VENTIVE,INE781S01027,676.15,20
586,PATANJALI,INE619A01035,1806.9,20
587,CREDITACC,INE741K01010,966.1,20
588,DELHIVERY,INE148O01028,266.25,20
589,ABFRL,INE647O01011,247.6,20
590,FINPIPE,INE183A01024,190.2,20
591,SGBJU29III,IN0020210087,8489.64,10
592,IOB,INE565A01014,46.58,20.77
593,TMB,INE668A01016,423.95,20
594,SCHAEFFLER,INE513A01022,2931.9,20
595,ICICIPRULI,INE726G01019,582.45,20
596,GRWRHITECH,INE291A01017,3887.8,25.99
597,CHOICEIN,INE102B01014,492.5,20
598,ISEC,INE763G01038,843.85,20
599,ABCAPITAL,INE674K01013,152.74,20
600,UTIAMC,INE094J01016,949.9,20
601,TIMETECHNO,INE508G01029,364.05,20.9
602,BAJAJCON,INE933K01021,172.96,20
603,MANINFRA,INE949H01023,171.31,20
604,BALUFORGE,INE011E01029,538.85,20.93
605,DIXON,INE935N01020,14010.7,20
606,CONCORDBIO,INE338H01029,1692.3,20
607,MSUMI,INE0FS801015,49.87,20
608,CYIENT,INE136B01020,1419.15,20
609,SGBMAY28,IN0020200088,8487.59,10
610,SHRIPISTON,INE526E01018,1967.35,20
611,NATIONALUM,INE139A01034,181.63,20
612,KSCL,INE455I01029,935.75,20
613,MEDIASSIST,INE456Z01021,490.75,20
614,BHARTIARTL,INE397D01024,1717.05,9
615,DALBHARAT,INE00R701025,1782.45,20
616,BEPL,INE922A01025,106.68,20
617,SILVER,INF209KB19F6,98.72,20
618,NIVABUPA,INE995S01015,79.54,20
619,PRAJIND,INE074A01025,534.15,20
620,MRPL,INE103A01014,110.67,20
621,LIQUID1,INF174KA1LV5,1035.41,5
622,DCW,INE500A01029,73.86,21.4
623,BHARATFORG,INE465A01025,1078.35,20
624,VEDL,INE205A01025,413.35,20
625,GPIL,INE177H01039,169.52,20
626,WONDERLA,INE066O01014,669.5,20
627,AMBUJACEM,INE079A01024,489.5,20
628,VOLTAS,INE226A01021,1213.85,20
629,NAM-INDIA,INE298J01013,517.2,20
630,CANFINHOME,INE477A01020,607.3,20
631,SILVERIETF,INF109KC1Y56,98.34,20
632,TATAINVEST,INE672A01018,5293.85,20
633,MAPMYINDIA,INE0BV301023,1651,20
634,DLF,INE271C01023,673.3,20
635,INDOFARM,INE622H01018,192.11,20
636,CARBORUNIV,INE120A01034,1014.55,20
637,NESCO,INE317F01035,925.55,20
638,GOLDETF,INF769K01JP9,84.81,20
639,SGBJUN27,IN0020190073,8505.57,10
640,MAHSEAMLES,INE271B01025,610.5,20
641,VBL,INE200M01039,488.55,20
642,BALAMINES,INE050E01027,1433.15,20
643,NAVINFLUOR,INE048G01026,4016.1,20
644,SGBJUL29IV,IN0020210111,8490,10
645,JMFINANCIL,INE780C01023,98.44,20
646,CEIGALL,INE0AG901020,270.9,20
647,AZAD,INE02IJ01035,1296.55,20
648,SIGACHI,INE0D0K01022,36.18,20
649,LIQUIDIETF,INF109KC1KT9,1000,5
650,LALPATHLAB,INE600L01024,2620.3,20
651,JKPAPER,INE789E01012,317.1,20
652,EMSLIMITED,INE0OV601013,650.05,20.62
653,INDIACEM,INE383A01012,282.05,20
654,BLUEDART,INE233B01017,5928.7,20
655,SURAKSHA,INE877V01027,300.45,20
656,RELIGARE,INE621H01010,235.21,20
657,HITECH,INE106T01025,108.32,20
658,MOM100,INF247L01023,53.3,6.96
659,RALLIS,INE613A01020,216.3,20
660,EMIL,INE02YR01019,130.36,20
661,FINEORG,INE686Y01026,3919.5,20
662,CIPLA,INE059A01026,1459.45,9.55
663,LXCHEM,INE576O01020,198.08,20
664,LIQUIDPLUS,INF769K01MY5,1017.89,5
665,GREENPLY,INE461C01038,272.45,20
666,TEJASNET,INE010J01012,780.2,21.55
667,MANAPPURAM,INE522D01027,178.15,20
668,SAILIFE,INE570L01029,662.2,20
669,STLTECH,INE089C01029,96.3,20
670,LIQUIDADD,INF740KA1UM0,1057.61,5
671,TCS,INE467B01029,3934.85,9
672,EIDPARRY,INE126A01031,749.85,20
673,PNBGILTS,INE859A01011,89.95,20
674,LLOYDSME,INE281B01032,1136.5,20
675,DWARKESH,INE366A01041,40.55,20
676,HUDCO,INE031A01017,183.79,23.01
677,SGBFEB28IX,IN0020190545,8559,10
678,POWERMECH,INE211R01019,1905.15,20
679,ADANIGREEN,INE364U01010,884.4,24.59
680,NETWEB,INE0NT901020,1409.1,20.92
681,IDFCFIRSTB,INE092T01019,60.6,20
682,AWFIS,INE108V01019,640.05,20
683,BAJAJ-AUTO,INE917I01010,8506.5,10.73
684,WELENT,INE625G01013,494.65,20
685,PRICOLLTD,INE726V01018,452.9,20
686,JKLAKSHMI,INE786A01032,744.9,20
687,PRSMJOHNSN,INE010A01011,119.01,20
688,GANDHAR,INE717W01049,148.64,20
689,CIGNITITEC,INE675C01017,1396.65,20
690,GRAVITA,INE024L01027,1652,23.68
691,BHEL,INE257A01026,193.31,20
692,USHAMART,INE228A01035,302.6,20
693,BOSCHLTD,INE323A01026,27004.55,20
694,BIKAJI,INE00E101023,577.75,20
695,RATEGAIN,INE0CLI01024,614.9,20
696,DABUR,INE016A01026,519.9,20
697,CHENNPETRO,INE178A01016,479.35,20.39
698,EQUITASBNK,INE063P01018,62.57,20
699,JBMA,INE927D01051,594.8,20
700,KRBL,INE001B01026,268.2,20
701,SENCO,INE602W01027,357.6,20.18
702,NIFTYBEES,INF204KB14I2,256.95,6
703,CPSEETF,INF457M01133,76.6,20
704,KEI,INE878B01027,3411.65,20
705,ARKADE,INE0QRL01017,142.32,20
706,DODLA,INE021O01019,997.15,20
707,JUBLFOOD,INE797F01020,669.3,20
708,SBILIFE,INE123W01016,1465.45,9.4
709,SOLARINDS,INE343H01029,8862.4,20
710,PARAGMILK,INE883N01014,161.09,20
711,ZEEL,INE256A01028,96.57,21.14
712,SONATSOFTW,INE269A01021,420.2,20
713,MAHLOG,INE766P01016,320.3,20
714,CCL,INE421D01022,598.4,20
715,OFSS,INE881D01027,8962.95,20
716,HEMIPROP,INE0AJG01018,131.29,20
717,CUMMINSIND,INE298A01020,2734.8,20
718,SGBDE31III,IN0020230168,8633.37,10
719,NBCC,INE095N01031,82.11,21.96
720,REPCOHOME,INE612J01015,335.7,20
721,CAMS,INE596I01012,3375.35,20
722,INDIGOPNTS,INE09VQ01012,1085.75,20
723,SGBOC28VII,IN0020200203,8521.66,10
724,NAZARA,INE418L01021,924.55,20
725,STYRENIX,INE189B01011,2426.1,20
726,MPHASIS,INE356A01018,2554.25,20
727,JUBLINGREA,INE0BY001018,630.35,20
728,SGBAUG30,IN0020220078,8580,10
729,BBTC,INE050A01025,1864,20
730,BLSE,INE0NLT01010,169.07,20
731,NIFTYETF,INF769K01EG9,245.38,6
732,ZOMATO,INE758T01015,215.99,20
733,BAYERCROP,INE462A01022,4490.55,20
734,HFCL,INE548A01028,85.7,21.76
735,CRISIL,INE007A01025,5123.45,20
736,POWERGRID,INE752E01010,257.35,11.22
737,GESHIP,INE017A01032,902.5,20
738,APOLLOTYRE,INE438A01022,413.2,20
739,CELLO,INE0LMW01024,612.15,20
740,ANANDRATHI,INE463V01026,3620.4,20
741,SGBDEC2512,IN0020170141,8499,10
742,EMUDHRA,INE01QM01018,672.35,20
743,SUNTV,INE424H01027,584.6,20
744,SGBFEB32IV,IN0020230184,8868.93,10
745,ITDCEM,INE686A01026,524.75,20.17
746,KIRIINDUS,INE415I01015,538.3,21.5
747,RHIM,INE743M01012,418.05,20
748,ROUTE,INE450U01017,1061.4,20
749,BAJAJHIND,INE306A01021,22.05,21.61
750,AGI,INE415A01038,690.75,23.24
751,BRIGADE,INE791I01019,1016.8,20
752,GULFOILLUB,INE635Q01029,1095.95,20
753,NH,INE410P01011,1328.25,20
754,SGBMR29XII,IN0020200427,8500.35,10
755,IKS,INE115Q01022,1657.15,20
756,GILT5YBEES,INF204KC1030,59.46,10
757,GOLDIETF,INF109KC1NT3,74.39,20
758,ASTRAMICRO,INE386C01029,626.1,20
759,KIRLOSBROS,INE732A01036,1715.7,23.34
760,EKC,INE184H01027,129.77,22.55
761,NESTLEIND,INE239A01024,2195.85,9
762,UNIONBANK,INE692A01016,109.44,20
763,PRUDENT,INE00F201020,2015.05,23.54
764,SANGHVIMOV,INE989A01032,247.45,22.71
765,MOTHERSON,INE775A01035,126.21,20
766,NAVA,INE725A01030,364.1,20
767,ERIS,INE406M01024,1248.8,20
768,EIHOTEL,INE230A01023,335.4,20
769,TITAGARH,INE615H01020,804.65,21.49
770,CHOLAHLDNG,INE149A01033,1505.6,20
771,DEVYANI,INE872J01023,158.29,20
772,EPIGRAL,INE071N01016,1750.6,21.07
773,SKFINDIA,INE640A01023,3687.85,20
774,SGBJUN31I,IN0020230069,8589.65,10
775,TATAGOLD,INF277KA1976,8.48,20
776,METROBRAND,INE317I01021,1138.65,20
777,TORNTPOWER,INE813H01021,1237.7,20
778,IRCON,INE962Y01021,157.92,23.82
779,POONAWALLA,INE511C01022,286.55,20
780,LEMONTREE,INE970X01018,130,20
781,JINDALSTEL,INE749A01030,833.3,20
782,360ONE,INE466L01038,904.6,20
783,BLS,INE153T01027,375.3,20
784,INDIAMART,INE933S01016,2124.6,20
785,VGUARD,INE951I01027,340.15,20
786,QUESS,INE615P01015,608.55,20
787,GRINFRA,INE201P01022,1028.2,20
788,MANYAVAR,INE825V01034,880.05,20
789,DYNAMATECH,INE221B01012,6447.9,20
790,CESC,INE486A01021,122.18,20
791,SJS,INE284S01014,870.75,20
792,KRSNAA,INE08LI01020,741.95,20
793,VENKEYS,INE398A01010,1677.1,20
794,ADANIPOWER,INE814H01011,488.65,21.26
795,HEIDELBERG,INE578A01017,198.6,20
796,OLAELEC,INE0LXG01040,60.87,20
797,LUXIND,INE150G01020,1368.55,20
798,GSFC,INE026A01025,198.15,20
799,ALEMBICLTD,INE426A01027,99.68,20
800,COALINDIA,INE522F01014,354.2,12.13
801,SUNTECK,INE805D01034,421.05,20
802,MEDANTA,INE474Q01031,1110.2,20
803,AEGISLOG,INE208C01025,717.25,22.56
804,GLAXO,INE159A01016,2018,20
805,VSTIND,INE710A01016,295.7,20
806,ASAHIINDIA,INE439A01020,633.85,20
807,PFC,INE134E01011,371.3,20
808,SNOWMAN,INE734N01019,50.3,20
809,CRAFTSMAN,INE00LO01017,3933.05,20
810,QUADFUTURE,INE0LRY01011,507.75,23.57
811,LIQUIDSBI,INF200KA13Z8,999.99,5
812,SGBFEB29XI,IN0020200393,8522,10
813,KCP,INE805C01028,187.58,20
814,SGBJAN27,IN0020180462,8485.97,10
815,ZYDUSWELL,INE768C01010,1682.65,20
816,SAPPHIRE,INE806T01020,299.85,20
817,ICIL,INE483B01026,321.8,22.36
818,SHYAMMETL,INE810G01011,733.7,20
819,INOXWIND,INE066P01011,171.93,23.45
820,CROMPTON,INE299U01018,330.9,20
821,AUTOIETF,INF109KC10V2,22.58,20
822,HEG,INE545A01024,340.65,20.53
823,SETFNIFBK,INF200KA1580,499.93,20
824,WELCORP,INE191B01025,737.5,20
825,HDFCGOLD,INF179KC1981,74.55,20
826,CAMPUS,INE278Y01022,268.6,20
827,AMIORG,INE00FF01017,2164.2,20
828,ACMESOLAR,INE622W01025,181.05,20
829,FIRSTCRY,INE02RE01045,405.35,20
830,JSL,INE220G01021,584.85,20
831,SGBFEB27,IN0020180561,8510,10
832,ESAFSFB,INE818W01011,29.96,20
833,GREAVESCOT,INE224A01026,262.05,22.11
834,MOL,INE0CT101020,71.61,20
835,EASEMYTRIP,INE07O001026,11.95,20
836,ELECON,INE205B01031,461.05,21.32
837,MTARTECH,INE864I01014,1351.1,20
838,KPIL,INE220B01022,879.55,20
839,AARTIIND,INE769A01020,414.95,20
840,NETWORK18,INE870H01013,46.82,20.4
841,VOLTAMP,INE540H01012,6673.1,21.99
842,IRCTC,INE335Y01020,732.6,20
843,BANKIETF,INF109KC15I8,49.99,20
844,FACT,INE188A01015,754.5,23.33
845,NUVAMA,INE531F01015,5287.75,20
846,RKFORGE,INE399G01023,632.3,20
847,UNIMECH,INE0U3I01011,1143.7,20
848,SGBJAN29X,IN0020200385,8510,10
849,TEAMLEASE,INE985S01024,2049.95,20
850,GNFC,INE113A01013,551.8,20
851,ETHOSLTD,INE04TZ01018,2445.35,20
852,KPITTECH,INE04I401011,1342.65,20
853,DCMSHRIRAM,INE499A01024,1056.3,20
854,LTTS,INE010V01017,4958.35,20
855,GRAPHITE,INE371A01025,409.3,20
856,MAXHEALTH,INE027H01010,1003.65,20
857,GODREJAGRO,INE850D01014,706.95,20
858,JKIL,INE576I01022,692.15,20
859,IDEA,INE669E01016,8.21,25.06
860,SJVN,INE002L01015,89.75,20.24
861,AIAENG,INE212H01026,3441.5,20
862,ALLCARGO,INE418H01029,34.25,20
863,RITES,INE320J01015,206.8,20
864,EPL,INE255A01020,251.92,20
865,MARICO,INE196A01026,633.75,20
866,GRANULES,INE101D01020,512.85,20
867,ICICIBANK,INE090A01021,1260.1,9
868,AXITA,INE02EZ01022,10.23,20
869,HDFCSML250,INF179KC1FB2,146.02,7.36
870,ASIANPAINT,INE021A01026,2231.3,9
871,RIIL,INE046A01015,871.1,20
872,BALMLAWRIE,INE164A01016,164.31,20
873,SURYODAY,INE428Q01011,123.07,20
874,CASTROLIND,INE172A01027,196.6,20
875,HDFCLIQUID,INF179KC1HE2,999.99,5
876,IRB,INE821I01022,47.39,20