Confirmed list of securities to be auctioned in A 2025034 to be held on Feb 17 2025.

Sr No,Symbol,Series,Total Qty
1,AAKASH,EQ,524
2,ABAN,EQ,2437
3,ABDL,EQ,19
4,ACCURACY,EQ,1618
5,ADANIENSOL,EQ,68
6,AGIIL,EQ,25
7,AIIL,EQ,9
8,AKZOINDIA,EQ,5
9,ALKEM,EQ,1
10,ALMONDZ,EQ,100
11,AUROPHARMA,EQ,1
12,AXISGOLD,EQ,1
13,AXISILVER,EQ,377
14,AZAD,EQ,100
15,BAJFINANCE,EQ,1
16,BALKRISHNA,EQ,216
17,BALUFORGE,EQ,1
18,BANSALWIRE,EQ,2
19,BCLIND,EQ,2
20,BDL,EQ,480
21,BEL,EQ,1011
22,BHAGCHEM,EQ,795
23,BHAGYANGR,EQ,111
24,BHARATRAS,EQ,2
25,BHARTIARTL,EQ,100
26,BINANIIND,EQ,1
27,BLS,EQ,151
28,BOROLTD,EQ,12
29,BPCL,EQ,200
30,BRITANNIA,EQ,5
31,BSE,EQ,12
32,BSOFT,EQ,1
33,CAMLINFINE,EQ,3000
34,CAPACITE,EQ,20
35,CEWATER,EQ,10
36,CHEMBOND,EQ,18
37,CINEVISTA,EQ,63
38,CIPLA,EQ,1
39,CONTROLPR,EQ,11
40,CUMMINSIND,EQ,2
41,CUPID,EQ,500
42,DCI,EQ,36
43,DCW,EQ,388
44,DEEPAKNTR,EQ,2708
45,DHAMPURSUG,EQ,15
46,DHARMAJ,EQ,4
47,DRREDDY,EQ,80
48,DTIL,EQ,1
49,ECOSMOBLTY,EQ,2
50,EIDPARRY,EQ,13
51,EMIL,EQ,12
52,EPACK,EQ,3
53,FINOPB,EQ,247
54,FIVESTAR,EQ,16
55,GAIL,EQ,150
56,GALLANTT,EQ,1
57,GANECOS,EQ,10
58,GENSOL,EQ,8
59,GLOBE,EQ,30999
60,GLOBUSSPR,EQ,4
61,GMRAIRPORT,EQ,157
62,GODFRYPHLP,EQ,39314
63,GODIGIT,EQ,225
64,GOKEX,EQ,7
65,GOLDETF,EQ,94
66,GOLDETFADD,EQ,118
67,GRASIM,EQ,7
68,GREENPANEL,EQ,173
69,HARSHA,EQ,109
70,HAVELLS,EQ,9
71,HCL-INSYS,EQ,167
72,HDFCAMC,EQ,4
73,HDFCSENSEX,EQ,238
74,HILTON,EQ,104
75,HINDCOMPOS,EQ,80
76,HMAAGRO,EQ,1245
77,HONASA,EQ,8
78,HPAL,EQ,1982
79,HPIL,EQ,1
80,HUDCO,EQ,100
81,HYUNDAI,EQ,5
82,ICICIBANK,EQ,4
83,IDFCFIRSTB,EQ,10
84,IEX,EQ,206
85,IMPAL,EQ,6
86,INCREDIBLE,EQ,1
87,INDIGO,EQ,10
88,INDOBORAX,EQ,108
89,INDOSTAR,EQ,749
90,INNOVACAP,EQ,8
91,IRFC,EQ,40
92,IVC,EQ,161
93,IXIGO,EQ,5000
94,JAGRAN,EQ,1000
95,JBCHEPHARM,EQ,4
96,JHS,EQ,5
97,JINDWORLD,EQ,8
98,JKLAKSHMI,EQ,2
99,JUBLFOOD,EQ,48
100,JUBLINGREA,EQ,55
101,JUBLPHARMA,EQ,11
102,JYOTISTRUC,EQ,19
103,KALYANKJIL,EQ,1
104,KDDL,EQ,65
105,KILITCH,EQ,1
106,KIOCL,EQ,23
107,KMEW,EQ,1
108,KPEL,EQ,15
109,KPIGREEN,EQ,1
110,KPIL,EQ,122
111,LAURUSLABS,EQ,39
112,LEMONTREE,EQ,1
113,LICHSGFIN,EQ,12
114,LICI,EQ,172
115,LICMFGOLD,EQ,2
116,LIQUIDBEES,EQ,10
117,LOTUSEYE,EQ,191
118,MACPOWER,EQ,318
119,MAHKTECH,EQ,10
120,MANALIPETC,EQ,3
121,MANAPPURAM,EQ,22035
122,MAXHEALTH,EQ,79
123,MCLOUD,EQ,4
124,MCX,EQ,1
125,MGL,EQ,25
126,MICEL,EQ,1
127,MINDTECK,EQ,100
128,MIRCELECTR,EQ,16
129,MMTC,EQ,5
130,MOBIKWIK,EQ,6
131,MONQ50,EQ,110
132,MSTCLTD,EQ,2
133,MSUMI,EQ,247
134,MUTHOOTFIN,EQ,31
135,NBCC,EQ,70
136,NEWGEN,EQ,4
137,NIITLTD,EQ,50
138,NIITMTS,EQ,25
139,NPST,SM,50
140,NRL,EQ,15
141,NTPCGREEN,EQ,5
142,OAL,EQ,342
143,PAISALO,EQ,5
144,PARADEEP,EQ,10
145,PAYTM,EQ,25
146,PCJEWELLER,EQ,3760
147,PDMJEPAPER,EQ,332
148,PETRONET,EQ,1
149,PFOCUS,EQ,491
150,PIDILITIND,EQ,6
151,PILITA,EQ,1603
152,PNGJL,EQ,4
153,POLICYBZR,EQ,70
154,POLYPLEX,EQ,2
155,PRAKASHSTL,EQ,1
156,PREMEXPLN,EQ,505
157,PRESTIGE,EQ,2
158,PSUBANK,EQ,63
159,PTL,EQ,400
160,PURVA,EQ,86
161,PVRINOX,EQ,657
162,QUADFUTURE,EQ,4
163,RAJMET,EQ,3356
164,RAMASTEEL,EQ,1100
165,RECLTD,EQ,245
166,RETAIL,EQ,55
167,RPOWER,EQ,2
168,S&SPOWER,EQ,62
169,SAILIFE,EQ,1
170,SASKEN,EQ,9
171,SBICARD,EQ,103
172,SBILIFE,EQ,2
173,SBISILVER,EQ,392
174,SEAMECLTD,EQ,5
175,SHALPAINTS,EQ,203
176,SHANTI,EQ,1997
177,SHAREINDIA,EQ,29
178,SHREDIGCEM,EQ,796
179,SHRIRAMFIN,EQ,72
180,SIKKO,EQ,3
181,SILVERADD,EQ,123
182,SIYSIL,EQ,1
183,SOBHA,EQ,26
184,SOMICONVEY,EQ,7
185,SRF,EQ,33
186,STEELXIND,EQ,1500
187,SUNPHARMA,EQ,29
188,SUPREME,EQ,636
189,SWANENERGY,EQ,68
190,TAJGVK,EQ,8
191,TATAMOTORS,EQ,187
192,TATVA,EQ,98
193,TECHM,EQ,1
194,TEXMOPIPES,EQ,314
195,TIPSMUSIC,EQ,5
196,TRIVENI,EQ,16
197,TVSSCS,EQ,1
198,UCOBANK,EQ,69
199,UYFINCORP,EQ,100
200,VAKRANGEE,EQ,28344
201,VARROC,EQ,1
202,VIMTALABS,EQ,25
203,VIPIND,EQ,4
204,VMM,EQ,1
205,WELSPUNLIV,EQ,7
206,WINDLAS,EQ,1
207,WIPRO,EQ,3
208,WSI,EQ,1
209,ZENITHEXPO,EQ,13
210,ZOMATO,EQ,100
