Date,Symbol,Security Name,Client Name,Buy/Sell,Quantity Traded,Trade Price / Wght. Avg. Price,Remarks
17-FEB-2025,AMJUMBO,A and M Jumbo Bags Ltd,MODI SACHIN GOVINDLAL HUF,BUY,88000,8.55,-
17-FEB-2025,CHAMUNDA,Chamunda Electrical Ltd,GEETABEN YOGESHBHAI SHAH,BUY,69000,57.45,-
17-FEB-2025,CHAMUNDA,Chamunda Electrical Ltd,ISHAAN TRADEFIN LLP,BUY,30000,57.45,-
17-FEB-2025,CHANDAN,Chandan Healthcare Ltd,NIRAJ RAJNIKANT SHAH,BUY,600000,165.10,-
17-FEB-2025,CHANDAN,Chandan Healthcare Ltd,ANANT WEALTH CONSULTANTS PRIVATE LIMITED,BUY,153600,169.21,-
17-FEB-2025,CHANDAN,Chandan Healthcare Ltd,B.W.TRADERS,BUY,123200,170.00,-
17-FEB-2025,CHANDAN,Chandan Healthcare Ltd,KEYA VIMAL SALOT,BUY,300000,165.10,-
17-FEB-2025,CHANDAN,Chandan Healthcare Ltd,TRADE CORNER,BUY,300800,165.10,-
17-FEB-2025,CYIENTDLM,Cyient DLM Limited,SARAVANA SECURITIES  D.SATHYAMOORTHI,BUY,601000,420.69,-
17-FEB-2025,GENESYS,Genesys International Cor,HRTI PRIVATE LIMITED,BUY,234969,717.89,-
17-FEB-2025,GODFRYPHLP,Godfrey Phillips Ltd.,GRAVITON RESEARCH CAPITAL LLP,BUY,269169,6505.49,-
17-FEB-2025,JYOTI-RE1,Jyoti Structures Limited,CROMEWELL ENTERPRISE PRIVATE LIMITED,BUY,1581000,2.19,-
17-FEB-2025,KOTHARIPRO,Kothari Products Ltd.,DEEPAK KOTHARI,BUY,1210927,176.40,-
17-FEB-2025,MANAPPURAM,Manappuram Finance Ltd,GRAVITON RESEARCH CAPITAL LLP,BUY,4834289,190.63,-
17-FEB-2025,MOBIKWIK,One Mobikwik Systems Ltd,AAKRAYA RESEARCH LLP,BUY,473975,323.81,-
17-FEB-2025,MOBIKWIK,One Mobikwik Systems Ltd,HRTI PRIVATE LIMITED,BUY,417079,323.97,-
17-FEB-2025,MOKSH,Moksh Ornaments Limited,BRIGHTFUL COMMERCIAL PRIVATE LIMITED,BUY,525951,13.06,-
17-FEB-2025,MTNL,Maha Tel Nigam Ltd.,HRTI PRIVATE LIMITED,BUY,1941707,47.65,-
17-FEB-2025,ONDOOR,On Door Concepts Limited,ANANT WEALTH CONSULTANTS PRIVATE LIMITED,BUY,36000,253.30,-
17-FEB-2025,PENIND,Pennar Industries Ltd,GRAVITON RESEARCH CAPITAL LLP,BUY,717735,162.58,-
17-FEB-2025,PRAENG,Prajay Engineers Syndicat,MANJU SINGHI,BUY,397000,19.01,-
17-FEB-2025,QUADFUTURE,Quadrant Future Tek Ltd,ELIXIR WEALTH MANAGEMENT PRIVATE LIMITED,BUY,258771,502.45,-
17-FEB-2025,QUADFUTURE,Quadrant Future Tek Ltd,HRTI PRIVATE LIMITED,BUY,1061147,500.98,-
17-FEB-2025,QUADFUTURE,Quadrant Future Tek Ltd,JUMP TRADING FINANCIAL INDIA PRIVATE LIMITED,BUY,340218,504.43,-
17-FEB-2025,QUADFUTURE,Quadrant Future Tek Ltd,AAKRAYA RESEARCH LLP,BUY,1722752,502.47,-
17-FEB-2025,QUADFUTURE,Quadrant Future Tek Ltd,ALGOQUANT FINTECH LIMITED  .,BUY,332860,501.99,-
17-FEB-2025,QUADFUTURE,Quadrant Future Tek Ltd,ALGOQUANT FINANCIALS LLP,BUY,258424,501.60,-
17-FEB-2025,QUADFUTURE,Quadrant Future Tek Ltd,UDIT AGGARWAL,BUY,235884,501.78,-
17-FEB-2025,QUADFUTURE,Quadrant Future Tek Ltd,QE SECURITIES LLP,BUY,646499,500.46,-
17-FEB-2025,QUADFUTURE,Quadrant Future Tek Ltd,NK SECURITIES RESEARCH PRIVATE LIMITED,BUY,313934,510.59,-
17-FEB-2025,SATKARTAR,Sat Kartar Shopping Ltd,GENERATIONAL CAPITAL BREAKOUT FUND 1,BUY,137600,192.27,-
17-FEB-2025,SENCO,Senco Gold Limited,GRAVITON RESEARCH CAPITAL LLP,BUY,1148432,323.18,-
17-FEB-2025,AJAXENGG,Ajax Engineering Limited,MORGAN STANLEY IFSC FUND,SELL,758091,588.74,-
17-FEB-2025,AMJUMBO,A and M Jumbo Bags Ltd,SACHIN GOVINDLAL MODI,SELL,88000,8.55,-
17-FEB-2025,BSL,BSL Ltd,GOYAL GUMS PRIVATE LIMITED,SELL,71173,156.76,-
17-FEB-2025,CHAMUNDA,Chamunda Electrical Ltd,ISHAAN TRADEFIN LLP,SELL,75000,57.45,-
17-FEB-2025,CHANDAN,Chandan Healthcare Ltd,CRAFT EMERGING MARKET FUND PCC- CITADEL CAPITAL FUND,SELL,253600,170.10,-
17-FEB-2025,CHANDAN,Chandan Healthcare Ltd,CRAFT EMERGING MARKET FUND PCC- ELITE CAPITAL FUND,SELL,228000,169.99,-
17-FEB-2025,CLEDUCATE,CL Educate Limited,SAGAR MAL MALL,SELL,298196,86.41,-
17-FEB-2025,CYIENTDLM,Cyient DLM Limited,SSPL SECURITIES PRIVATE LIMITED,SELL,601000,420.67,-
17-FEB-2025,FALCONTECH,Falcon Technoproj Ind Ltd,HUKAMSINH ANOPSINH ZALA,SELL,54000,31.30,-
17-FEB-2025,GENESYS,Genesys International Cor,HRTI PRIVATE LIMITED,SELL,226725,715.01,-
17-FEB-2025,GENSOL,Gensol Engineering Ltd,ANMOL SINGH JAGGI,SELL,215000,533.05,-
17-FEB-2025,GODFRYPHLP,Godfrey Phillips Ltd.,GRAVITON RESEARCH CAPITAL LLP,SELL,269169,6503.54,-
17-FEB-2025,JYOTI-RE1,Jyoti Structures Limited,NIRANJAN LAKHUMAL HIRANANDANI,SELL,1730769,2.04,-
17-FEB-2025,KOTHARIPRO,Kothari Products Ltd.,DHAM SECURITIES PRIVATE LIMITED,SELL,1210927,176.40,-
17-FEB-2025,MANAPPURAM,Manappuram Finance Ltd,GRAVITON RESEARCH CAPITAL LLP,SELL,4798289,191.02,-
17-FEB-2025,MOBIKWIK,One Mobikwik Systems Ltd,HRTI PRIVATE LIMITED,SELL,566307,322.36,-
17-FEB-2025,MOBIKWIK,One Mobikwik Systems Ltd,AAKRAYA RESEARCH LLP,SELL,473975,323.89,-
17-FEB-2025,MOKSH,Moksh Ornaments Limited,PINE OAK GLOBAL FUND,SELL,500000,13.06,-
17-FEB-2025,MTNL,Maha Tel Nigam Ltd.,HRTI PRIVATE LIMITED,SELL,1989193,47.81,-
17-FEB-2025,NAZARA,Nazara Technologies Ltd,M PRASAD & CO LIMITED,SELL,500988,920.05,-
17-FEB-2025,OLIL,Oneclick Logistics Ind L,YASH NITINBHAI TRIVEDI,SELL,20400,120.00,-
17-FEB-2025,ONDOOR,On Door Concepts Limited,NIRAJ RAJNIKANT SHAH,SELL,82800,253.30,-
17-FEB-2025,PENIND,Pennar Industries Ltd,GRAVITON RESEARCH CAPITAL LLP,SELL,717735,162.59,-
17-FEB-2025,QUADFUTURE,Quadrant Future Tek Ltd,ELIXIR WEALTH MANAGEMENT PRIVATE LIMITED,SELL,258771,503.34,-
17-FEB-2025,QUADFUTURE,Quadrant Future Tek Ltd,AAKRAYA RESEARCH LLP,SELL,1722752,502.95,-
17-FEB-2025,QUADFUTURE,Quadrant Future Tek Ltd,NK SECURITIES RESEARCH PRIVATE LIMITED,SELL,313934,510.88,-
17-FEB-2025,QUADFUTURE,Quadrant Future Tek Ltd,QE SECURITIES LLP,SELL,640576,505.00,-
17-FEB-2025,QUADFUTURE,Quadrant Future Tek Ltd,HRTI PRIVATE LIMITED,SELL,1075611,502.68,-
17-FEB-2025,QUADFUTURE,Quadrant Future Tek Ltd,JUMP TRADING FINANCIAL INDIA PRIVATE LIMITED,SELL,340218,500.25,-
17-FEB-2025,QUADFUTURE,Quadrant Future Tek Ltd,UDIT AGGARWAL,SELL,235884,502.20,-
17-FEB-2025,QUADFUTURE,Quadrant Future Tek Ltd,ALGOQUANT FINANCIALS LLP,SELL,258424,502.31,-
17-FEB-2025,QUADFUTURE,Quadrant Future Tek Ltd,ALGOQUANT FINTECH LIMITED  .,SELL,332860,503.02,-
17-FEB-2025,RELIABLE,Reliable Data Service Ltd,LOANACHARYA CONSULTANTS PRIVATE LIMITED,SELL,100000,81.22,-
17-FEB-2025,SATKARTAR,Sat Kartar Shopping Ltd,ASHIKA GLOBAL SECURITIES PRIVATE LIMITED,SELL,91200,176.38,-
17-FEB-2025,SENCO,Senco Gold Limited,GRAVITON RESEARCH CAPITAL LLP,SELL,1148432,323.67,-
17-FEB-2025,TRANSTEEL,Transteel Seating Tech L,SAGAR KANTILAL JAIN,SELL,104000,95.65,-
