Sr. No,Symbol,Series,Security Name,From,To
1,BAJAJHCARE,EQ,BAJAJ HEALTHCARE LIMITED,10,20
2,NIBE,EQ,NIBE LIMITED,10,5
3,POKARNA,EQ,POKARNA LIMITED,10,20
4,S&SPOWER,EQ,S&S POWER SWITCHGEARS LIMITED,10,5
5,URBAN,SM,URBAN ENVIRO WASTE MANAGEMENT LIMITED,10,5
6,APRAMEYA,ST,APRAMEYA ENGINEERING LIMITED,2,5
7,AVPINFRA,ST,AVP INFRACON LIMITED,2,5
8,BGRENERGY,BE,BGR ENERGY SYSTEMS LIMITED,2,5
9,ENSER,ST,ENSER COMMUNICATIONS LIMITED,2,5
10,FRESHARA,ST,FRESHARA AGRO EXPORTS LIMITED,2,5
11,HIGREEN,ST,HI-GREEN CARBON LIMITED,2,5
12,JAINAM,ST,JAINAM FERRO ALLOYS (I) LIMITED,2,5
13,ONDOOR,ST,ON DOOR CONCEPTS LIMITED,2,5
14,PRAXIS,BE,PRAXIS HOME RETAIL LIMITED,2,5
15,PRIZOR,ST,PRIZOR VIZTECH LIMITED,2,5
16,SETCO,BE,SETCO AUTOMOTIVE LIMITED,2,5
17,SHANTHALA,ST,SHANTHALA FMCG PRODUCTS LIMITED,2,5
18,SVLL,BE,SHREE VASU LOGISTICS LIMITED,2,5
19,THESL,ST,THINKING HATS ENTERTAINMENT SOLUTIONS LIMITED,2,5
20,TRANSTEEL,ST,TRANSTEEL SEATING TECHNOLOGIES LIMITED,2,5
21,VEEKAYEM,ST,VEEKAYEM FASHION AND APPARELS LIMITED,2,5
22,EXCELINDUS,EQ,EXCEL INDUSTRIES LIMITED,20,10
23,IEML,ST,INDIAN EMULSIFIERS LIMITED,20,5
24,KRISHCA,ST,KRISHCA STRAPPING SOLUTIONS LIMITED,20,5
25,NATCOPHARM,EQ,NATCO PHARMA LIMITED,20,10
26,ADROITINFO,EQ,ADROIT INFOTECH LIMITED,5,10
27,DECCANTRAN,SM,DECCAN TRANSCON LEASING LIMITED,5,20
28,EFACTOR,SM,E FACTOR EXPERIENCES LIMITED,5,20
29,GOLDTECH,EQ,AION-TECH SOLUTIONS LIMITED,5,20
30,NAMOEWASTE,SM,NAMO EWASTE MANAGEMENT LIMITED,5,10
31,TEMBO,BE,TEMBO GLOBAL INDUSTRIES LIMITED,5,2
32,UNITEDPOLY,EQ,UNITED POLYFAB GUJARAT LIMITED,5,10
33,UTSSAV,SM,UTSSAV CZ GOLD JEWELS LIMITED,5,20
