Symbol,Security,From Series,To Series,Change Date,Remarks
ADROITINFO,ADROIT INFOTECH LIMITED,BE,EQ,17-FEB-2025,"-"
AKANKSHA,AKANKSHA POWER AND INFRASTRUCTURE LIMITED,ST,SM,17-FEB-2025,"-"
AUSOMENT,AUSOM ENTERPRISE LIMITED,BE,EQ,17-FEB-2025,"-"
AVROIND,AVRO INDIA LIMITED,BE,EQ,17-FEB-2025,"-"
DECCANTRAN,DECCAN TRANSCON LEASING LIMITED,ST,SM,17-FEB-2025,"-"
EFACTOR,E FACTOR EXPERIENCES LIMITED,ST,SM,17-FEB-2025,"-"
FOCE,FOCE INDIA LIMITED,ST,SM,17-FEB-2025,"-"
GOLDTECH,AION-TECH SOLUTIONS LIMITED,BE,EQ,17-FEB-2025,"-"
HECPROJECT,HEC INFRA PROJECTS LIMITED,BE,EQ,17-FEB-2025,"-"
HYBRIDFIN,HYBRID FINANCIAL SERVICES LIMITED,BE,EQ,17-FEB-2025,"-"
IEML,INDIAN EMULSIFIERS LIMITED,SM,ST,17-FEB-2025,"-"
KANDARP,KANDARP DIGI SMART BPO LIMITED,ST,SM,17-FEB-2025,"-"
KRISHCA,KRISHCA STRAPPING SOLUTIONS LIMITED,SM,ST,17-FEB-2025,"-"
NAMOEWASTE,NAMO EWASTE MANAGEMENT LIMITED,ST,SM,17-FEB-2025,"-"
REFEX,REFEX INDUSTRIES LIMITED,BE,EQ,17-FEB-2025,"-"
SUMIT,SUMIT WOODS LIMITED,BE,EQ,17-FEB-2025,"-"
UNITEDPOLY,UNITED POLYFAB GUJARAT LIMITED,BE,EQ,17-FEB-2025,"-"
UTSSAV,UTSSAV CZ GOLD JEWELS LIMITED,ST,SM,17-FEB-2025,"-"
VLEGOV,VL E GOVERNANCE & IT SOLUTIONS LIMITED,EQ,BE,17-FEB-2025,"-"
