"Security Name","Symbol Name","Trade Date","Quantity"
"CUMMINS INDIA LTD","CUMMINSIND","14-Feb-2025","2"
"MAX HEALTHCARE INS LTD","MAXHEALTH","14-Feb-2025","2"
"WELSPUN LIVING LIMITED","WELSPUNLIV","14-Feb-2025","7"
"GODFREY PHILLIPS INDIA LT","GODFRYPHLP","14-Feb-2025","29227"
"GREENPANEL INDUSTRIES LTD","GREENPANEL","14-Feb-2025","173"
"ADANI TOTAL GAS LIMITED","ATGL","14-Feb-2025","29450"
"BHAGIRADHA CHEM & INDS L","BHAGCHEM","14-Feb-2025","295"
"TATA MOTORS LIMITED","TATAMOTORS","14-Feb-2025","13"
"HDFC AMC LIMITED","HDFCAMC","14-Feb-2025","2"
"SWAN ENERGY LIMITED    ","SWANENERGY","14-Feb-2025","43"
"HDFCAMC - HDFCSENSEX","HDFCSENSEX","14-Feb-2025","238"
"HARSHA ENGINEERS INT LTD","HARSHA","14-Feb-2025","109"
"MANAPPURAM FINANCE LTD","MANAPPURAM","14-Feb-2025","35"
"INDOSTAR CAPITAL FIN LTD","INDOSTAR","14-Feb-2025","749"
"SUN PHARMACEUTICALS IND.","SUNPHARMA","14-Feb-2025","2"
"UNION BANK OF INDIA","UNIONBANK","14-Feb-2025","185850"
"SHREE CEMENTS LTD","SHREECEM","14-Feb-2025","1900"
"ASTRAL POLY TECHNIK LIMITED","ASTRAL","14-Feb-2025","3"
"BSE LIMITED","BSE","14-Feb-2025","15500"
"PURAVANKARA PROJ. LTD.","PURVA","14-Feb-2025","86"
"HCL INFOSYSTEMS LTD","HCL-INSYS","14-Feb-2025","167"
"VAKRANGEE LIMITED        ","VAKRANGEE","14-Feb-2025","11144"
"DIXON TECHNO (INDIA) LTD","DIXON","14-Feb-2025","7700"
"ADANI GREEN ENERGY LTD","ADANIGREEN","14-Feb-2025","3750"
"CIPLA LTD","CIPLA","14-Feb-2025","1"
"TECH MAHINDRA LIMITED","TECHM","14-Feb-2025","1"
"CENTRAL DEPOSITORY SERVICES (INDIA) LIMITED","CDSL","14-Feb-2025","55300"
"IRFC","IRFC","14-Feb-2025","200925"
"AXISAMC - AXISILVER","AXISILVER","14-Feb-2025","377"
"KDDL LIMITED","KDDL","14-Feb-2025","65"
"IDFC FIRST BANK LIMI","IDFCFIRSTB","14-Feb-2025","10"
"KALYAN JEWELLERS IND LTD","KALYANKJIL","14-Feb-2025","72076"
"JYOTI STRUCTURES LTD","JYOTISTRUC","14-Feb-2025","19"
"AUROBINDO PHARMA LTD","AUROPHARMA","14-Feb-2025","1"
"LARSEN & TOUBRO LTD.","LT","14-Feb-2025","2"
"MUTHOOT FINANCE LIMITED","MUTHOOTFIN","14-Feb-2025","1"
"DSPAMC - DSPSILVETF","SILVERADD","14-Feb-2025","123"
