Confirmed list of securities to be auctioned in A 2024222 to be held on Nov 26 2024.

Sr No,Symbol,Series,Total Qty
1,360ONE,EQ,11
2,3IINFOLTD,EQ,1
3,3MINDIA,EQ,9
4,3PLAND,EQ,17
5,AADHARHFC,EQ,845
6,ABB,EQ,42
7,ABFRL,EQ,4450
8,ACEINTEG,EQ,100
9,ACLGATI,EQ,50
10,ACMESOLAR,EQ,256
11,ADANIENSOL,EQ,496
12,ADANIENT,EQ,10
13,ADANIGREEN,EQ,3355
14,ADANIPORTS,EQ,760
15,ADANIPOWER,EQ,7334
16,AEGISLOG,EQ,2
17,AFCONS,EQ,142
18,AGRITECH,EQ,52
19,AHLUCONT,EQ,10
20,AIAENG,EQ,10
21,AKUMS,EQ,5
22,ALEMBICLTD,EQ,250
23,ALKEM,EQ,160
24,ALLCARGO,EQ,2000
25,AMBUJACEM,EQ,999
26,AMRUTANJAN,EQ,1
27,ANANDRATHI,EQ,1
28,ANDHRSUGAR,EQ,51
29,ANGELONE,EQ,268
30,ANMOL,EQ,178
31,ANUP,EQ,5
32,ANURAS,EQ,500
33,APCL,EQ,1
34,ASMS,EQ,352
35,ASTRAZEN,EQ,84
36,ATAM,EQ,27
37,AURIONPRO,EQ,24
38,AUROPHARMA,EQ,177464
39,AVANTEL,EQ,1
40,AWL,EQ,368
41,AXISHCETF,EQ,6
42,AXSENSEX,EQ,1
43,BAJAJ-AUTO,EQ,90
44,BAJAJHLDNG,EQ,412
45,BALMLAWRIE,EQ,70
46,BANKBEES,EQ,144
47,BBETF0432,EQ,24
48,BBNPPGOLD,EQ,1
49,BDL,EQ,23
50,BEL,EQ,3500
51,BGRENERGY,EQ,1
52,BHARATGEAR,EQ,11
53,BHARTIARTL,EQ,7
54,BHEL,EQ,110
55,BIRET,RR,1194
56,BIRLACORPN,EQ,1
57,BLISSGVS,EQ,200
58,BPL,EQ,658
59,BSE500IETF,EQ,16
60,BSLGOLDETF,EQ,294
61,CAMS,EQ,50
62,CANBK,EQ,100
63,CEATLTD,EQ,47
64,CENTRALBK,EQ,1
65,CHALET,EQ,8
66,CMSINFO,EQ,50
67,COALINDIA,EQ,693
68,COMPUSOFT,EQ,158
69,CROMPTON,EQ,1
70,CUMMINSIND,EQ,104
71,CYIENT,EQ,4
72,DCBBANK,EQ,20000
73,DCI,EQ,13
74,DHRUV,EQ,63
75,DIFFNKG,EQ,184
76,DIL,EQ,418
77,DIXON,EQ,38
78,DJML,EQ,2
79,DREDGECORP,EQ,106
80,EASEMYTRIP,EQ,1
81,EBBETF0430,EQ,6
82,EBBETF0431,EQ,7
83,EBBETF0433,EQ,14
84,EGOLD,EQ,16
85,EIDPARRY,EQ,2
86,EMAMILTD,EQ,1
87,EMBDL,EQ,1000
88,EMSLIMITED,EQ,45
89,ENERGYDEV,EQ,88
90,EPL,EQ,4
91,ESILVER,EQ,108
92,ESTER,EQ,1000
93,EXICOM,EQ,1928
94,FEDERALBNK,EQ,195
95,FOODSIN,EQ,1
96,GAIL,EQ,54
97,GARUDA,EQ,80877
98,GATEWAY,EQ,14
99,GENUSPOWER,EQ,1
100,GLOBE,EQ,2267
101,GMRP&UI,EQ,1769
102,GOCOLORS,EQ,2
103,GODREJAGRO,EQ,4
104,GODREJCP,EQ,270
105,GODREJIND,EQ,3
106,GODREJPROP,EQ,60
107,GPPL,EQ,1
108,GPTHEALTH,EQ,13
109,GRANULES,EQ,100
110,GRASIM,EQ,100
111,GRSE,EQ,101
112,GRWRHITECH,EQ,89
113,GSEC10IETF,EQ,82
114,GSEC10YEAR,EQ,15
115,GSLSU,EQ,1
116,HATHWAY,EQ,343
117,HBLPOWER,EQ,2
118,HCC,EQ,200
119,HCLTECH,EQ,1
120,HDFCAMC,EQ,10
121,HDFCBANK,EQ,6967
122,HDFCLIFE,EQ,9
123,HDFCMID150,EQ,390
124,HDFCNIF100,EQ,399
125,HINDCOMPOS,EQ,22
126,HINDCON,EQ,16
127,HINDPETRO,EQ,101
128,HINDUNILVR,EQ,342
129,HINDWAREAP,EQ,3
130,HONASA,EQ,64
131,HPIL,EQ,1
132,HPL,EQ,20
133,HUDCO,EQ,1
134,HYUNDAI,EQ,1
135,ICICIBANK,EQ,369
136,ICICIGI,EQ,639
137,ICICIPRULI,EQ,200
138,IDEA,EQ,19414
139,IDFCFIRSTB,EQ,100
140,IEX,EQ,178
141,IFCI,EQ,2400
142,IGL,EQ,33
143,INDBANK,EQ,1
144,INDGN,EQ,45
145,INDHOTEL,EQ,7
146,INDIAMART,EQ,8
147,INDIASHLTR,EQ,6
148,INDIGO,EQ,150
149,INDOBORAX,EQ,26
150,IRB,EQ,1032
151,IRCTC,EQ,4715
152,ITC,EQ,25
153,ITDCEM,EQ,50
154,ITIETF,EQ,222
155,JAGSNPHARM,EQ,2
156,JAICORPLTD,EQ,81
157,JINDALPOLY,EQ,26000
158,JINDALSTEL,EQ,2548
159,JINDWORLD,EQ,1
160,JIOFIN,EQ,50
161,JITFINFRA,EQ,5
162,JSL,EQ,6298
163,JTLIND,EQ,2000
164,JYOTISTRUC,EQ,406
165,K2INFRA,SM,600
166,KALYANIFRG,EQ,36
167,KAMATHOTEL,EQ,24
168,KAPSTON,EQ,8
169,KEC,EQ,10
170,KERNEX,EQ,1
171,KIRLOSBROS,EQ,95
172,KITEX,EQ,335
173,KOPRAN,EQ,126
174,KOTHARIPRO,EQ,64
175,KPITTECH,EQ,1340
176,KREBSBIO,EQ,305
177,KRISHCA,SM,1000
178,LICMFGOLD,EQ,1
179,LICNETFGSC,EQ,16
180,LICNFNHGP,EQ,12
181,LIQUIDADD,EQ,4
182,LIQUIDBEES,EQ,104
183,LIQUIDETF,EQ,10
184,LIQUIDIETF,EQ,5
185,LLOYDSME,EQ,10
186,LT,EQ,40
187,LTF,EQ,1
188,LTFOODS,EQ,51
189,LTTS,EQ,2
190,LUMAXIND,EQ,8
191,MAHABANK,EQ,140
192,MAHSCOOTER,EQ,1
193,MANAKALUCO,EQ,1
194,MANAKCOAT,EQ,199
195,MANGLMCEM,EQ,1
196,MASTEK,EQ,7
197,MAXHEALTH,EQ,2
198,MAZDOCK,EQ,25
199,MCLEODRUSS,EQ,6711
200,MEDICO,EQ,66
201,MENONBE,EQ,5
202,MINDTECK,EQ,1192
203,MITCONPP,E1,8
204,MOIL,EQ,1
205,MOVALUE,EQ,236
206,MPHASIS,EQ,5
207,MRPL,EQ,50
208,MTNL,EQ,22897
209,MUFIN,EQ,5
210,MUKANDLTD,EQ,13
211,MVGJL,EQ,1
212,NATCOPHARM,EQ,28
213,NAUKRI,EQ,1
214,NBCC,EQ,193
215,NBIFIN,EQ,7
216,NCC,EQ,500
217,NEWGEN,EQ,100
218,NEXTMEDIA,EQ,78
219,NFL,EQ,5
220,NGIL,EQ,2
221,NHPC,EQ,400
222,NIF100BEES,EQ,12
223,NIF5GETF,EQ,4
224,NIFITETF,EQ,1
225,NIFTYBEES,EQ,1800
226,NIITMTS,EQ,11
227,NITINSPIN,EQ,100
228,NMDC,EQ,16
229,NOCIL,EQ,10
230,NTPC,EQ,70
231,NV20,EQ,32
232,OFSS,EQ,60
233,OIL,EQ,2
234,OILIETF,EQ,1104
235,OLECTRA,EQ,26
236,OMAXE,EQ,768
237,OMINFRAL,EQ,25
238,ONDOOR,SM,300
239,ONGC,EQ,545
240,OSWALGREEN,EQ,25
241,PAGEIND,EQ,34
242,PAISALO,EQ,9195
243,PATELENG,EQ,500
244,PAYTM,EQ,5
245,PDMJEPAPER,EQ,22
246,PETRONET,EQ,600
247,PIIND,EQ,1
248,PILITA,EQ,594
249,PNBHOUSING,EQ,10
250,POLICYBZR,EQ,599
251,POLYMED,EQ,68
252,PPL,EQ,10
253,PRAJIND,EQ,50
254,PREMEXPLN,EQ,111
255,PRESTIGE,EQ,1
256,PRITIKAUTO,EQ,431
257,PROZONER,EQ,103
258,PURVA,EQ,22
259,PYRAMID,EQ,1
260,QGOLDHALF,EQ,6
261,QUAL30IETF,EQ,473
262,QUICKHEAL,EQ,1
263,RAILTEL,EQ,1
264,RAMASTEEL,EQ,10342
265,RATNAVEER,EQ,1
266,RAYMOND,EQ,7
267,RAYMONDLSL,EQ,30
268,RBA,EQ,9047
269,REDINGTON,EQ,1
270,REDTAPE,EQ,1
271,RELIABLE,EQ,65
272,RRKABEL,EQ,2
273,RVHL,EQ,57
274,SANGHVIMOV,EQ,69
275,SANOFICONR,EQ,62
276,SANSERA,EQ,3
277,SASKEN,EQ,2
278,SBICARD,EQ,5625
279,SBIN,EQ,3
280,SBINEQWETF,EQ,6
281,SDL26BEES,EQ,77
282,SECMARK,EQ,2
283,SETF10GILT,EQ,82
284,SHAKTIPUMP,EQ,80
285,SHALBY,EQ,1
286,SHANTI,EQ,8
287,SHIVAMAUTO,EQ,528
288,SHREDIGCEM,EQ,380
289,SHREERAMA,EQ,99
290,SHRIRAMPPS,EQ,2
291,SJVN,EQ,1
292,SMSPHARMA,EQ,1
293,SOBHAPP,E1,10
294,SOLARAPP,E1,21
295,SOLARINDS,EQ,1255
296,SOMATEX,EQ,100
297,SPCENET,EQ,14379
298,SPECIALITY,EQ,32
299,STEELCAS,EQ,6
300,STERTOOLS,EQ,50
301,STYLEBAAZA,EQ,1
302,SUNDARMFIN,EQ,1
303,SUNFLAG,EQ,10
304,SUPREMEIND,EQ,885
305,SUZLON,EQ,75121
306,TAJGVK,EQ,500
307,TARC,EQ,2
308,TATACOMM,EQ,212
309,TATACONSUM,EQ,13
310,TCI,EQ,2
311,TCS,EQ,5
312,TDPOWERSYS,EQ,200
313,TECHLABS,SM,875
314,TEJASNET,EQ,1
315,TFCILTD,EQ,95
316,THERMAX,EQ,100
317,THOMASCOTT,EQ,186
318,THYROCARE,EQ,26
319,TIMESGTY,EQ,22
320,TIMKEN,EQ,1
321,TIPSFILMS,EQ,937
322,TRENT,EQ,2
323,TRITURBINE,EQ,125
324,TVTODAY,EQ,5487
325,UMESLTD,EQ,2
326,UNIONBANK,EQ,50
327,UNIVCABLES,EQ,16
328,VAKRANGEE,EQ,50000
329,VARROC,EQ,1
330,VEEDOL,EQ,1
331,VENKEYS,EQ,69
332,VIKASECO,EQ,121
333,VIKASLIFE,EQ,7534
334,VIMTALABS,EQ,63
335,VIRINCHI,EQ,91
336,VIVIDHA,EQ,1
337,VSTIND,EQ,100
338,VSTL,EQ,2
339,VSTTILLERS,EQ,8
340,WABAG,EQ,1
341,WEBELSOLAR,EQ,2
342,WELCORP,EQ,1
343,WELSPUNLIV,EQ,2000
344,WEWIN,EQ,33
345,WINDMACHIN,EQ,1560
346,WIPL,EQ,3
347,WOCKPHARMA,EQ,2028
348,YAARI,EQ,797
349,YESBANK,EQ,171926
350,ZEELEARN,EQ,1748
351,ZODIACLOTH,EQ,5
352,ZOMATO,EQ,3523
353,ZYDUSWELL,EQ,40
