SYMBOL,SERIES,SECURITY,HIGH/LOW,INDEX FLAG
3PLAND,EQ,3P LAND HOLDINGS LIMITED,H
522GS2025,GS,GOI LOAN 5.22% 2025,H
63MOONS,EQ,63 MOONS TECHNOLOGIES LTD,H
832GS2032,GS,GOI LOAN 8.32% 2032,H
AARTECH,EQ,AARTECH SOLONICS LIMITED,H
ABMINTLLTD,BE,ABM INTERNATIONAL LTD,H
AGUL,SM,A G UNIVERSAL LIMITED,H
AILIMITED,ST,ABHISHEK INTEGRATIONS LTD,H
AIMTRON,ST,AIMTRON ELECTRONICS LTD,H
AKUMS,EQ,AKUMS DRUGS AND PHARMA L,H
ALPEXSOLAR,SM,ALPEX SOLAR LIMITED,H
AMEYA,ST,AMEYA PRECISION ENG LTD,H
AMJLAND,EQ,AMJ LAND HOLDINGS LIMITED,H
ANKITMETAL,BZ,ANKIT MET & POW LTD,H
ARENTERP,EQ,RAJDARSHAN INDUSTRIES LTD,H
ASHIMASYN,BE,ASHIMA LTD,H
AURIONPRO,EQ,AURIONPRO SOLN LTD,H
AURUMPP1,X1,AURUM RS. 3.12 PPD UP,H
BBOX,EQ,BLACK BOX LIMITED,H
BIRLAMONEY,BE,ADITYA BIRLA MONEY LTD,H
BPL,EQ,BPL LTD,H
BYKE,BE,THE BYKE HOSPITALITY LTD,H
CCCL,BE,CONS. CONST. CONSORT LTD,H
CINEVISTA,EQ,CINEVISTA LIMITED,H
CMMIPL,SM,CMM INFRAPROJECTS LIMITED,H
CMRSL,SM,CYBER MEDIA RES & SER LTD,H
COCHINSHIP,BE,COCHIN SHIPYARD LIMITED,H
COOLCAPS,ST,COOL CAPS INDUSTRIES LTD,H
CREATIVEYE,BE,CREATIVE EYE LIMITED,H
CYBERTECH,BE,CYBERTECH SYSTEMS & SOFTW,H
DHRUV,EQ,DHRUV CONSULTANCY SER LTD,H
DIGIDRIVE,EQ,DIGIDRIVE DISTRIBUTORS L,H
DNAMEDIA,EQ,DILIGENT MEDIA CORP LTD.,H
DONEAR,BE,DONEAR IND. LIMITED,H
DRCSYSTEMS,EQ,DRC SYSTEMS INDIA LIMITED,H
DREDGECORP,EQ,DREDGING CORP OF INDIA,H
DRONE,ST,DRONE DESTINATION LIMITED,H
EMCURE,EQ,EMCURE PHARMACEUTICALS L,H
EMKAY,BE,EMKAY GLOBAL FIN SERV LTD,H
ENSER,ST,ENSER COMMUNICATIONS LTD,H
EROSMEDIA,BZ,EROS INTL MEDIA LTD,H
EXCEL,BE,EXCEL REALTY N INFRA LTD,H
FEL,BZ,FUTURE ENTERPRISES LTD,H
FIBERWEB,EQ,FIBERWEB INDIA LIMITED,H
FLFL,BZ,FUT LIFESTYLE FASH LTD,H
GAYAPROJ,BZ,GAYATRI PROJECTS LTD,H
GENUSPOWER,EQ,GENUS POWER INFRASTRU LTD,H
GLFL,BE,GUJARAT LEASE FINANCING L,H
GLOBALVECT,BE,GLOBAL VEC HELICORP LTD,H
GMRP&UI,EQ,GMR POW AND URBAN INFRA L,H
GODAVARIB,EQ,GODAVARI BIOREFINERIES L,H
GTLINFRA,EQ,GTL INFRA.LTD,H
GVKPIL,BE,GVK POW. & INFRA LTD.,H
ICDSLTD,EQ,ICDS LTD,H
IEL,EQ,INDIABULLS ENT LTD,H
IL&FSTRANS,BZ,IL&FS TRANS NET LTD,H
IMPEXFERRO,BZ,IMPEX FERRO TECH LIMITED,H
INDOTECH,BE,INDO TECH TRANSFORM LTD.,H
INDOTHAI,BE,INDO THAI SEC LTD,H
IZMO,EQ,IZMO LIMITED,H
JALAN,SM,JALAN TRANSOLU. INDIA LTD,H
KCPSUGIND,BE,KCPSUGARINDUS,H
KERNEX,EQ,KERNEX MICROSYS(I) LTD,H
KITEX,EQ,KITEX GARMENTS LTD,H
KREBSBIO,EQ,KREBS BIOCHEMICALS & IND,H
KRISHCA,SM,KRISHCA STRAPPING SLTN L,H
LAKPRE,BZ,LAKSHMI PRE SCRE LTD,H
LATTEYS,BE,LATTEYS INDUSTRIES LTD,H
LPDC,EQ,LANDMARK PR.DEV.CO.LTD,H
MAHKTECH,EQ,MIRAEAMC - MAHKTECH,H
MANAKCOAT,EQ,MAN COAT METAL & IND LTD,H
MARINE,EQ,MARINE ELECTRICAL (I) LTD,H
MARSHALL,BE,MARSHALL MACHINES LTD,H
MCLEODRUSS,EQ,MCLEOD RUSSEL INDIA LTD.,H
MEGATHERM,SM,MEGATHERM INDUCTION LTD,H
MINDTECK,EQ,MINDTECK (INDIA) LIMITED,H
MKPL,BE,M K PROTEINS LIMITED,H
MOXSH,SM,MOXSH OVERSEAS EDUCON LTD,H
NAGREEKCAP,EQ,NAGREEKA CAP & INFR.LTD,H
NAGREEKEXP,BE,NAGREEKA EXPORTS LTD.,H
NAMAN,ST,NAMAN IN-STORE (INDIA) L,H
NBIFIN,EQ,N.B.I. IND. FIN. CO. LTD,H
NEELAM,ST,NEELAM LINENS & GAR (I) L,H
NEXTMEDIA,EQ,NEXT MEDIAWORKS LIMITED,H
NIBL,BE,NRB INDUS. BEARINGS LTD.,H
NILASPACES,BE,NILA SPACES LIMITED,H
ONELIFECAP,EQ,ONELIFE CAP ADVISORS LTD,H
ONYX,ST,ONYX BIOTEC LIMITED,H
PIGL,BE,POWER INSTRUMENT (G) LTD,H
PLASTIBLEN,BE,PLASTIBLENDS INDIA LTD,H
PROLIFE,SM,PROLIFE INDUSTRIES LTD,H
PRUDMOULI,BE,PRUDENTIAL SUGAR CORPORAT,H
PURVA,EQ,PURAVANKARA LIMITED,H
RELINFRA,BE,RELIANCE INFRASTRUCTU LTD,H
RELTD,BE,RAVINDRA ENERGY LIMITED,H
RPOWER,BE,RELIANCE POWER LTD.,H
RPPINFRA,EQ,R.P.P INFRA PROJECTS LTD,H
RUBYMILLS,EQ,THE RUBY MILLS LTD,H
RUCHINFRA,BE,RUCHI INFRASTRUCTURE LTD,H
SABAR,ST,SABAR FLEX INDIA LIMITED,H
SABEVENTS,BE,SAB EVENTS & GOVERNANCE,H
SADBHAV,EQ,SADBHAV ENGINEERING LTD,H
SAGILITY,EQ,SAGILITY INDIA LIMITED,H
SANWARIA,BZ,SANWARIA CONSUMER LIMITED,H
SECL,SM,SALASAR EXTERIOR CONT LTD,H
SETUINFRA,BZ,SETUBANDHAN INFRA LTD,H
SHAKTIPUMP,EQ,SHAKTI PUMPS (I) LTD,H
SHIVAMAUTO,EQ,SHIVAM AUTO.LTD,H
SHREERAMA,EQ,SHREE RAMA MULTI TECH LTD,H
SILLYMONKS,EQ,SILLY MONKS ENTERTAIN LTD,H
SIMBHALS,BE,SIMBHAOLI SUGARS LTD.,H
SITINET,BE,SITI NETWORKS LIMITED,H
SMSLIFE,BE,SMS LIFESCIENCES (I) LTD,H
SOLARA,EQ,SOLARA ACTIVE PHA SCI LTD,H
SPRL,ST,SP REFRACTORIES LIMITED,H
SUNDARAM,EQ,SUNDARAM MULTI PAP LTD,H
SUPREMEINF,BZ,SUPREME INFRA. LTD,H
SURANI,ST,SURANI STEEL TUBES LTD.,H
SVLL,BE,SHREE VASU LOGISTICS LTD,H
SWSOLAR,EQ,STRLNG & WIL REN ENE LTD,H
TARIL,BE,TRANS & RECTI. LTD,H
TECHLABS,SM,TRIDENT TECHLABS LIMITED,H
TERASOFT,BE,TERA SOFTWARE LIMITED,H
TFL,BE,TRANSWARRANTY FIN. LTD.,H
TNTELE,EQ,TAMILNADU TELECOMMUNICATI,H
TOLINS,EQ,TOLINS TYRES LIMITED,H
TRIGYN,EQ,TRIGYN TECHNOLOGIES LTD,H
TTML,EQ,TATA TELESERV(MAHARASTRA),H
UMESLTD,EQ,USHA MARTIN EDU & SOL LTD,H
UNIINFO,EQ,UNIINFO TELECOM SERVI LTD,H
UNIVASTU,EQ,UNIVASTU INDIA LIMITED,H
UWCSL,SM,ULTRA WIRING CONN SYS LTD,H
VARDMNPOLY,BE,VARDHMAN POLYTEX LTD.,H
VETO,BE,VETO SWITCHGEAR CABLE LTD,H
VIVO,ST,VIVO COLLAB SOLUTIONS LTD,H
WEBELSOLAR,EQ,WEBSOL ENERGY SYSTEM LTD,H
WEWIN,EQ,WE WIN LIMITED,H
WINDMACHIN,EQ,WINDSOR MACHINES LIMITED,H
WINSOME,BZ,WINSOME YARNS LIMITED,H
WTICAB,ST,WISE TRAVEL INDIA LIMITED,H
XELPMOC,BE,XELPMOC DESIGN & TECH LTD,H
YAARI,EQ,YAARI DIGI INT SER LTD,H
21STCENMGM,BE,21ST CENTURY MGMT SERVICE,L
A2ZINFRA,EQ,A2Z INFRA ENGINEERING LTD,L
ACCORD,SM,ACCORD SYNERGY LIMITED,L
ADROITPP1,X1,ADROITINFO RS. 5 PPD UP,L
AGARWALFT,SM,AGARWAL FLOAT GLASS I LTD,L
AKUMS,EQ,AKUMS DRUGS AND PHARMA L,L
ANKITMETAL,BZ,ANKIT MET & POW LTD,L
ANSALAPI,BZ,ANSAL PROP & INFRA LTD,L
ARROWGREEN,EQ,ARROW GREENTECH LIMITED,L
ARSHIYA,BE,ARSHIYA LIMITED,L
AURUMPP1,X1,AURUM RS. 3.12 PPD UP,L
BASILIC,ST,BASILIC FLY STUDIO LTD,L
CADSYS,ST,CADSYS (INDIA) LIMITED,L
DCG,SM,DCG CABLES & WIRES LTD,L
DIL,EQ,DEBOCK INDUSTRIES LIMITED,L
ELECTHERM,BE,ELECTROTHERM (I) LTD.,L
ENSER,ST,ENSER COMMUNICATIONS LTD,L
EPACK,BE,EPACK DURABLE LIMITED,L
FEL,BZ,FUTURE ENTERPRISES LTD,L
FOCE,ST,FOCE INDIA LIMITED,L
GLOBALE,BE,GLOBALE TESSILE LIMITED,L
GOENKA,BZ,GOENKA DIAMOND&JEWELS LTD,L
GTECJAINX,BE,G-TEC JAINX EDUCATION LTD,L
GVT&D,BE,GE VERNOVA T&D INDIA LTD,L
HBSL,EQ,HB STOCKHOLDINGS LIMITED,L
HECPROJECT,BE,HEC INFRA PROJECTS LTD,L
HOMESFY,SM,HOMESFY REALTY LIMITED,L
INDOTECH,BE,INDO TECH TRANSFORM LTD.,L
JALAN,SM,JALAN TRANSOLU. INDIA LTD,L
JSWHL,BE,JSW HOLDINGS LIMITED,L
KALYANIFRG,EQ,KALYANI FORGE LIMITED,L
KAVVERITEL,BE,KAVVERI TEL. LTD.,L
KCK,ST,KCK INDUSTRIES LTD,L
KORE,SM,JAY JALARAM TECHNO LTD,L
LATTEYS,BE,LATTEYS INDUSTRIES LTD,L
LCCINFOTEC,BE,LCC INFOTECH LTD,L
LRRPL,ST,LEAD REC AND RUB PROD LTD,L
MCON,SM,MCON RASAYAN INDIA LTD,L
MEDIORG,ST,MEDICAMEN ORGANICS LTD,L
MEGAFLEX,ST,MEGA FLEX PLASTICS LTD,L
NAGREEKCAP,EQ,NAGREEKA CAP & INFR.LTD,L
NAMOEWASTE,ST,NAMO EWASTE MANAGEMENT L,L
NEXTMEDIA,EQ,NEXT MEDIAWORKS LIMITED,L
PANSARI,BE,PANSARI DEVELOPERS LTD,L
PERFECT,ST,PERFECT INFRAENGINEER LTD,L
PIGL,BE,POWER INSTRUMENT (G) LTD,L
PRAENG,BE,PRAJAY ENG. SYN. LTD.,L
QUADPRO,SM,QUADPRO ITES LIMITED,L
RAJRILTD,BE,RAJ RAYON INDUSTRIES LTD,L
RHFL,BE,RELIANCE HOME FINANCE LTD,L
RULKA,SM,RULKA ELECTRICALS LIMITED,L
SAMPANN,EQ,SAMPANN UTPADAN INDIA LTD,L
SANWARIA,BZ,SANWARIA CONSUMER LIMITED,L
SETUINFRA,BZ,SETUBANDHAN INFRA LTD,L
SHEKHAWATI,BE,SHEKHAWATI INDUSTRIES LTD,L
SKYGOLD,BE,SKY GOLD LIMITED,L
SOMICONVEY,BE,SOMI CONVEYOR BELT. LTD.,L
SPRL,ST,SP REFRACTORIES LIMITED,L
TECHERA,ST,TECHERA ENGINEER (IND) L,L
VIJIFIN,BE,VIJI FINANCE LIMITED,L
VINYAS,ST,VINYAS INNOVATIVE TECH L,L
VLINFRA,ST,V.L.INFRAPROJECTS LIMITED,L
WOMANCART,ST,WOMANCART LIMITED,L
WTICAB,ST,WISE TRAVEL INDIA LIMITED,L
ZENITHDRUG,ST,ZENITH DRUGS LIMITED,L
