GAIN_LOSS,SECURITY,CLOSE_PRIC,PREV_CL_PR,PERCENT_CG
 ,Nifty 50 Sec., , , 
 , , , , 
G,SHRIRAM FINANCE LIMITED,      3046.35,      2947.80,3.34
G,BRITANNIA INDUSTRIES LTD,      5013.60,      4903.95,2.24
G,BHARAT ELECTRONICS LTD,       297.90,       292.35,1.9
G,ASIAN PAINTS LIMITED,      2505.00,      2459.70,1.84
G,INFOSYS LIMITED,      1924.15,      1889.70,1.82
G,WIPRO LTD,       589.00,       582.45,1.12
G,JSW STEEL LIMITED,       963.60,       953.30,1.08
G,HINDALCO  INDUSTRIES  LTD,       666.10,       659.85,.95
G,TATA CONSULTANCY SERV LT,      4352.70,      4315.10,.87
G,TATA CONSUMER PRODUCT LTD,       963.55,       955.70,.82
G,SBI LIFE INSURANCE CO LTD,      1506.75,      1495.20,.77
G,TECH MAHINDRA LIMITED,      1745.40,      1732.60,.74
G,RELIANCE INDUSTRIES LTD,      1295.70,      1287.00,.68
G,INDUSIND BANK LIMITED,      1009.60,      1003.50,.61
G,TATA STEEL LIMITED,       144.47,       143.67,.56
G,TITAN COMPANY LIMITED,      3327.50,      3309.10,.56
G,HCL TECHNOLOGIES LTD,      1899.55,      1891.70,.41
G,NESTLE INDIA LIMITED,      2265.25,      2256.95,.37
G,HINDUSTAN UNILEVER LTD.,      2479.20,      2471.45,.31
G,ICICI BANK LTD.,      1304.95,      1300.95,.31
G,ITC LTD,       477.00,       476.80,.04
G,APOLLO HOSPITALS ENTER. L,      7076.55,      7075.00,.02
 , , , , 
L,ADANI ENTERPRISES LIMITED,      2150.50,      2257.50,-4.74
L,ADANI PORT & SEZ LTD,      1128.85,      1166.80,-3.25
L,BAJAJ AUTO LIMITED,      9137.45,      9420.95,-3.01
L,ULTRATECH CEMENT LIMITED,     11121.05,     11457.45,-2.94
L,SUN PHARMACEUTICAL IND L,      1761.60,      1798.90,-2.07
L,MAHINDRA & MAHINDRA LTD,      2985.20,      3045.60,-1.98
L,NTPC LTD,       361.65,       368.40,-1.83
L,TATA MOTORS LIMITED,       783.00,       796.60,-1.71
L,TRENT LTD,      6669.35,      6774.95,-1.56
L,COAL INDIA LTD,       411.50,       417.45,-1.43
L,OIL AND NATURAL GAS CORP.,       254.25,       257.90,-1.42
L,EICHER MOTORS LTD,      4931.75,      5002.35,-1.41
L,LARSEN & TOUBRO LTD.,      3702.60,      3753.00,-1.34
L,POWER GRID CORP. LTD.,       338.80,       342.75,-1.15
L,BAJAJ FINANCE LIMITED,      6617.95,      6685.40,-1.01
L,AXIS BANK LIMITED,      1144.80,      1155.90,-0.96
L,BHARAT PETROLEUM CORP  LT,       293.85,       296.55,-0.91
L,MARUTI SUZUKI INDIA LTD.,     10943.95,     11025.15,-0.74
L,CIPLA LTD,      1492.70,      1503.30,-0.71
L,BAJAJ FINSERV LTD.,      1594.40,      1604.90,-0.65
L,STATE BANK OF INDIA,       839.40,       844.45,-0.6
L,GRASIM INDUSTRIES LTD,      2617.20,      2629.80,-0.48
L,HERO MOTOCORP LIMITED,      4838.70,      4858.30,-0.4
L,KOTAK MAHINDRA BANK LTD,      1783.60,      1790.75,-0.4
L,HDFC LIFE INS CO LTD,       682.40,       684.80,-0.35
L,BHARTI AIRTEL LIMITED,      1577.25,      1578.75,-0.1
L,DR. REDDY S LABORATORIES,      1208.65,      1209.30,-0.05
L,HDFC BANK LTD,      1785.55,      1785.60,0
 , , , , 
 ,Nifty Next 50 Sec., , , 
 , , , , 
G,MACROTECH DEVELOPERS LTD,      1276.05,      1227.25,3.98
G,ZOMATO LIMITED,       280.11,       273.31,2.49
G,VARUN BEVERAGES LIMITED,       614.25,       601.10,2.19
G,CHOLAMANDALAM IN & FIN CO,      1265.45,      1239.90,2.06
G,LTIMINDTREE LIMITED,      6227.15,      6115.25,1.83
G,JINDAL STEEL & POWER LTD,       892.80,       877.25,1.77
G,GODREJ CONSUMER PRODUCTS,      1240.10,      1218.70,1.76
G,HINDUSTAN AERONAUTICS LTD,      4364.55,      4289.95,1.74
G,UNITED SPIRITS LIMITED,      1511.15,      1486.10,1.69
G,UNION BANK OF INDIA,       121.40,       119.79,1.34
G,BHEL,       243.97,       241.22,1.14
G,AVENUE SUPERMARTS LIMITED,      3659.15,      3621.05,1.05
G,VEDANTA LIMITED,       448.40,       443.80,1.04
G,ABB INDIA LIMITED,      7329.70,      7259.85,0.96
G,PUNJAB NATIONAL BANK,       105.11,       104.11,0.96
G,ICICI LOMBARD GIC LIMITED,      1854.45,      1836.90,0.96
G,JIO FIN SERVICES LTD,       326.05,       323.25,0.87
G,PIDILITE INDUSTRIES LTD,      3012.05,      2986.20,0.87
G,CANARA BANK,       101.79,       100.98,0.8
G,DABUR INDIA LTD,       525.35,       521.50,0.74
G,SAMVRDHNA MTHRSN INTL LTD,       166.32,       165.20,0.68
G,INFO EDGE (I) LTD,      8247.55,      8195.30,0.64
G,POWER FIN CORP LTD.,       484.40,       481.50,0.6
G,ICICI PRU LIFE INS CO LTD,       691.25,       687.65,0.52
G,DLF LIMITED,       827.35,       823.30,0.49
G,INDIAN OIL CORP LTD,       136.96,       136.40,0.41
G,INDIAN RAIL TOUR CORP LTD,       814.95,       812.10,0.35
G,INDIAN RAILWAY FIN CORP L,       146.69,       146.31,0.26
G,LIFE INSURA CORP OF INDIA,       907.20,       905.05,0.24
G,HAVELLS INDIA LIMITED,      1711.20,      1708.15,0.18
 , , , , 
L,ADANI GREEN ENERGY LTD,       898.55,       968.80,-7.25
L,ADANI ENERGY SOLUTION LTD,       600.75,       625.20,-3.91
L,ADANI TOTAL GAS LIMITED,       579.45,       600.40,-3.49
L,GAIL (INDIA) LTD,       193.97,       199.19,-2.62
L,JSW ENERGY LIMITED,       657.40,       675.05,-2.61
L,AMBUJA CEMENTS LTD,       493.70,       504.95,-2.23
L,ADANI POWER LTD,       437.65,       446.65,-2.02
L,SHREE CEMENT LIMITED,     24980.65,     25467.30,-1.91
L,NHPC LTD,        81.23,        82.43,-1.46
L,SIEMENS LTD,      7242.50,      7348.50,-1.44
L,TVS MOTOR COMPANY  LTD,      2424.60,      2458.35,-1.37
L,TORRENT PHARMACEUTICALS L,      3225.55,      3266.60,-1.26
L,ZYDUS LIFESCIENCES LTD,       953.00,       964.35,-1.18
L,BAJAJ HOLDINGS & INVS LTD,     10476.25,     10591.55,-1.09
L,DIVI S LABORATORIES LTD,      6072.50,      6138.45,-1.07
L,TATA POWER CO LTD,       410.30,       412.35,-0.5
L,INTERGLOBE AVIATION LTD,      4229.60,      4244.50,-0.35
L,BOSCH LIMITED,     34988.25,     35042.60,-0.16
 , , , , 
 ,OTHER SECURITIES, , , 
 , , , , 
G,R.P.P INFRA PROJECTS LTD,       199.51,       166.26,20
G,THE RUBY MILLS LTD,       248.96,       207.47,20
G,TOLINS TYRES LIMITED,       211.89,       176.58,20
G,KREBS BIOCHEMICALS & IND,       117.34,        97.79,19.99
G,8.54% SEC RED BOND S2A,      1439.90,      1200.00,19.99
G,3P LAND HOLDINGS LIMITED,        66.70,        55.59,19.99
G,AMJ LAND HOLDINGS LIMITED,        63.53,        53.06,19.73
G,GODAVARI BIOREFINERIES L,       331.90,       280.90,18.16
G,TATA TELESERV(MAHARASTRA),        80.59,        69.05,16.71
G,SIGNPOST INDIA LIMITED,       283.01,       248.10,14.07
G,SAJ HOTELS LIMITED,        61.30,        53.80,13.94
G,TIPS FILMS LIMITED,       600.45,       528.10,13.7
G,NIIT LIMITED,       216.22,       190.94,13.24
G,SIYARAM SILK MILLS LTD,       778.40,       688.05,13.13
G,DELTA MANUFACTURING LTD,       111.09,        99.75,11.37
G,STERLING TOOLS LIMITED,       672.10,       606.95,10.73
G,OBSC PERFECTION LIMITED,       144.60,       130.85,10.51
G,ARIES AGRO LTD.,       364.80,       330.15,10.5
G,KRONOX LAB SCIENCES LTD,       185.04,       167.66,10.37
G,GTL LTD,        13.04,        11.82,10.32
G,SEC RE NCD 10.50% SR.VII,      1019.00,       925.00,10.16
G,RAJDARSHAN INDUSTRIES LTD,        52.17,        47.43,9.99
G,IZMO LIMITED,       476.70,       433.40,9.99
G,MINDTECK (INDIA) LIMITED,       300.10,       272.85,9.99
G,SAGILITY INDIA LIMITED,        31.54,        28.68,9.97
G,LANDMARK PR.DEV.CO.LTD,         9.82,         8.93,9.97
G,TRIGYN TECHNOLOGIES LTD,       112.91,       102.81,9.82
G,AURO IMPEX & CHEMICALS L,        80.10,        73.05,9.65
G,PIX TRANSMISSIONS LIMITED,      2510.95,      2292.20,9.54
G,FIBERWEB INDIA LIMITED,        51.90,        47.38,9.54
 , , , , 
L,DEBOCK INDUSTRIES LIMITED,         5.76,         7.20,-20
L,NEXT MEDIAWORKS LIMITED,        10.46,        11.63,-10.06
L,PLADA INFOTECH SERVICES L,        29.80,        32.95,-9.56
L,QUICKTOUCH TECHNOLOGIES L,       108.45,       118.00,-8.09
L,INDIFRA LIMITED,        27.15,        29.50,-7.97
L,POLY MEDICURE LIMITED,      2763.90,      3002.35,-7.94
L,MIRAEAMC - MASPTOP50,        50.28,        54.58,-7.88
L,CENTUM ELECTRONICS LTD,      1495.30,      1616.50,-7.5
L,MACOBS TECHNOLOGIES LTD,       163.00,       175.90,-7.33
L,MICROPRO SOFTWARE SOL L,        32.90,        35.25,-6.67
L,CROP LIFE SCIENCE LIMITED,        43.00,        45.85,-6.22
L,UNSEC RED NCD 10.5% SR.VI,       970.76,      1033.00,-6.03
L,SHREE TIRUPATI BALAJEE,       790.00,       840.00,-5.95
L,APCOTEX INDUSTRIES LIMITE,       366.20,       388.15,-5.66
L,SEC RE NCD 9.39% SR.VIII,       826.00,       875.00,-5.6
L,PRECISION METALIKS LTD,        43.90,        46.50,-5.59
L,DIVYADHAN RECYCLING IND L,        77.45,        82.00,-5.55
L,BSE LIMITED,      4431.10,      4686.80,-5.46
L,KRN HEAT EXCHANGE N REF L,       742.70,       784.55,-5.33
L,DCM SHRIRAM LIMITED,      1159.75,      1223.90,-5.24
L,SAMPANN UTPADAN INDIA LTD,        28.14,        29.63,-5.03
L,AGARWAL FLOAT GLASS I LTD,        84.45,        88.90,-5.01
L,NAGREEKA CAP & INFR.LTD,        38.55,        40.58,-5
L,HOMESFY REALTY LIMITED,       479.75,       505.00,-5
L,JAY JALARAM TECHNO LTD,       355.80,       374.50,-4.99
L,HB STOCKHOLDINGS LIMITED,       105.18,       110.70,-4.99
L,DCG CABLES & WIRES LTD,       100.20,       105.45,-4.98
L,CADSYS (INDIA) LIMITED,       121.30,       127.65,-4.97
L,LEAD REC AND RUB PROD LTD,        84.20,        88.60,-4.97
L,MEDICAMEN ORGANICS LTD,        47.90,        50.40,-4.96
