SECURITY,NEW,PREVIOUS,NEW_STATUS
MAN COAT METAL & IND LTD,68.97,66.16,H
SURANI STEEL TUBES LTD.,175.95,167.6,H
ICICIPRAMC - ICICITECH,49.11,47.15,H
RADAAN MEDIAWORKS (I) LTD,4.81,4.72,H
NIP IND ETF IT,47.65,47.45,H
SDL AP 7.7% 2038,102,101.34,H
DANISH POWER LIMITED,949,940,H
GOI TBILL 182D-27/02/25,98.25,97.95,H
TEMBO GLOBAL IND LTD,744.1,729.55,H
K.P. ENERGY LIMITED,608.7,595.2,H
EMKAY GLOBAL FIN SERV LTD,311.6,296.8,H
TILAKNAGAR INDUSTRIES LTD,387,374.45,H
DHRUV CONSULTANCY SER LTD,138.5,133.28,H
TERA SOFTWARE LIMITED,218.26,207.87,H
POWER INSTRUMENT (G) LTD,337.59,321.52,H
SEC RE NCD 8.20% SR.V,1049.84,1048,H
GSM FOILS LIMITED,93.95,93.35,H
EID PARRY INDIA LTD,877.8,875.5,H
GANESH HOUSING CORP LTD,1250,1230,H
INNOVA CAPTAB LIMITED,1060,1059,H
SBIAMC - SBIETFIT,474.29,473.25,H
NITCO LIMITED,123.09,121.74,H
AFCONS INFRASTRUCTURE LTD,552.5,532.05,H
ONYX BIOTEC LIMITED,62.5,59.55,H
3P LAND HOLDINGS LIMITED,66.7,56.52,H
SKY GOLD LIMITED,4245,4156.5,H
RAMDEVBABA SOLVENT LTD,137,136.9,H
TRIDENT TECHLABS LIMITED,1088.85,1037,H
UTIAMC - NIFITETF,455,450,H
GOI TBILL 364D-23/01/25,98.9,98.02,H
FUTURE MKT NETWORKS LTD,17.61,17.27,H
SEC RE NCD 10.50% SR.VII,1099,1030,H
ARIES AGRO LTD.,370,342.7,H
SHARDA CROPCHEM LTD.,872.25,832.75,H
KOTAKMAMC - KOTAKIT,47.19,46.98,H
DYNAMIC CABLES LIMITED,975.35,970,H
SERENCD 8.60% SR.IV OP8,1078.25,1077.8,H
INDO THAI SEC LTD,1136.55,1098.3,H
RAINBOW CHILDRENS MED LTD,1709.6,1688.8,H
AXISAMC - AXISTECETF,471.89,469.95,H
SONAM LIMITED,86.45,86.3,H
S&S POWER SWITCHGEARS,474.15,464.9,H
NILA SPACES LIMITED,13.82,13.17,H
GENESYS INTL CORPN LTD,892.5,865,H
MARKSANS PHARMA LIMITED,344,328.8,H
SASKEN TECHNOLOGIES LTD,2285,2238,H
AJMERA REALTY & INF I LTD,1025,999.8,H
KAYNES TECHNOLOGY IND LTD,6145,6037.95,H
AARVEE DEN. & EXP. LTD,72.54,71.12,H
PRITIKA ENG COMPO LTD,206.95,204.95,H
COFORGE LIMITED,8680,8640,H
ENSER COMMUNICATIONS LTD,310.5,308,H
GOI LOAN   6.92% 2039,100.65,98.95,H
NIRMAN AGRI GENTICS LTD,410.65,402.8,H
NIRAJ CEMENT STRUC LTD,62.15,62,H
JAGSONPAL PHARMACEUTICALS,726.65,700,H
TRIVENI TURBINE LIMITED,885,843.95,H
WINDSOR MACHINES LIMITED,329.54,313.85,H
ADITYA BIRLA MONEY LTD,172.92,170.56,H
PIX TRANSMISSIONS LIMITED,2610,2455.4,H
AVALON TECHNOLOGIES LTD,934.7,897.7,H
GOI TBILL 364D-30/01/25,98.84,98.5,H
AMEYA PRECISION ENG LTD,123,118.15,H
SEC RE NCD SR 2,1098.5,1088,H
GOI TBILL 364D-26/12/24,99.4,99.2,H
SAJ HOTELS LIMITED,63.4,54.8,H
DIGICONTENT LIMITED,54.39,53.33,H
8.54% SEC RED BOND S2A,1439.9,1439,H
SEC RE NCD 8.94% SR.II,996,995.5,H
NGIL RS. 6 PPD UP,26.9,25.79,H
CIGNITI TECHNOLOGIES LTD,1648.95,1555.7,H
SRI ADHIKARI BRO TELE N L,1821.35,1785.65,H
TV VISION LIMITED,24.89,24.41,H
ICDS LTD,53.51,51,H
SEC RE NCD 8.75% SR.VII,978.5,975,H
ESSEN SPECIALITY FILMS L,754,749,H
KARNIKA INDUSTRIES LTD,297.75,294.9,H
NEELAM LINENS & GAR (I) L,48.4,46.1,H
SAHYADRI INDUSTRIES LTD,298,299.85,L
CADSYS (INDIA) LIMITED,121.3,127.65,L
IND SWIFT LABORATORIES LT,96.65,98.63,L
SOLVE PLASTIC PRODUCTS L,44.5,45.1,L
BAL PHARMA LTD.,131.71,134.4,L
SEC RED NCD 8.85% SR. VI,980,999,L
UNIPARTS INDIA LIMITED,407.35,410.2,L
ADANI ENERGY SOLUTION LTD,593.05,620,L
ZENITH EXPORTS LTD,243,247.95,L
INDIAN PHOSPHATE LIMITED,78.05,78.5,L
SEJAL GLASS LIMITED,511.55,521.95,L
V.L.INFRAPROJECTS LIMITED,47.25,49,L
NECTAR LIFESCIENCES LTD.,32.3,32.91,L
LASA SUPERGENERICS LTD,24,24.49,L
PULZ ELECTRONICS LIMITED,74,75.5,L
ARVIND AND COMPANY,85,86.7,L
VIVIANA POWER TECH LTD,802.4,818.75,L
SANGANI HOSPITALS LIMITED,69.4,70.6,L
UNILEX COLOURS AND CHEM L,67,67.5,L
KONTOR SPACE LIMITED,120.8,123.25,L
LAKSHYA POWERTECH LIMITED,247.65,251.4,L
FELIX INDUSTRIES LTD.,177.25,180.85,L
RACHANA INFRA LTD,42.05,42.9,L
A B INFRABUILD LIMITED,90.2,91.1,L
TVS ELECTRONICS LTD,320,322.25,L
JSW HOLDINGS LIMITED,15050.5,15804.05,L
COMMITTED CARGO CARE LTD,48.5,49.15,L
HOAC FOODS INDIA LIMITED,108,111,L
RULKA ELECTRICALS LIMITED,295.8,310.3,L
MEDICAMEN ORGANICS LTD,47.9,50.4,L
MANGALAM ORGANICS LIMITED,454.9,464.15,L
NANDAN DENIM LIMITED,4.81,4.91,L
S A TECH SOFTWARE INDIA L,132.2,134.9,L
ZINKA LOGISTICS SOL LTD,248.35,253,L
DAVANGERE SUGAR COMPANY L,5.01,5.62,L
G-TEC JAINX EDUCATION LTD,33.55,34.36,L
REFRACTORY SHAPES LIMITED,106.95,109.05,L
OBSC PERFECTION LIMITED,122.1,129,L
TREE HOUSE EDU LTD,15.2,15.48,L
KRISHNA DEF AND ALD IND L,626.75,639.55,L
SONA MACHINERY LIMITED,117.4,118.75,L
NANDANI CREATION LIMITED,33.5,35.63,L
AKME FINTRADE (INDIA) LTD,79,80.5,L
MORARJEE TEXTILES LIMITED,8.56,8.65,L
NIRAJ CEMENT STRUC LTD,61.02,62,L
SDL MH 7.27% 2030,99,100.91,L
TRUCAP FINANCE LIMITED,18.66,19.05,L
WISE TRAVEL INDIA LIMITED,163.4,184.85,L
BRACE PORT LOGISTICS LTD,113.5,136.5,L
HDFCAMC - HDFCLIQUID,975,980,L
SWARAJ SUITING LIMITED,224,227.8,L
KAMDHENU VENTURES LIMITED,17.04,17.38,L
NGIL RS. 6 PPD UP,20,20.01,L
PATTECH FITWELL TUB COM L,124.2,126.7,L
MASTER COMPONENTS LIMITED,268.45,273.85,L
KORE DIGITAL LIMITED,1873.8,1912,L
ESCONET TECHNOLOGIES LTD,402.9,411.1,L
ASTRON PAPER BORD MIL LTD,17,17.6,L
AXITA COTTON LIMITED,11.97,12,L
MOXSH OVERSEAS EDUCON LTD,36.4,36.6,L
V MARC INDIA LIMITED,407.8,416.1,L
DIGISPICE TECHNOLOGIES LT,26,26.1,L
CHAMAN METALLICS LIMITED,105.45,107.6,L
FRESHARA AGRO EXPORTS LTD,110,115,L
BANNARI AM SPIN MILL LTD.,50,50.55,L

