SYMBOL,SYMBOL P/E,ADJUSTED P/E
THERMAX,72.35,83.55
RIIL,169.36,169.36
RAYMOND,20.4,20.09
SHREDIGCEM,17.14,17.14
SMLISUZU,19.51,19.51
FACT,,509.62
LMW,81.4,81.4
NELCO,109.97,109.97
LUMAXIND,41.13,41.13
KECL,86.22,300.69
KCP,9.11,8.81
INFY,29.08,29.08
IONEXCHANG,43.04,43.04
IFBIND,53.54,53.54
GNFC,19.56,19.56
BHARATFORG,68.49,62.03
FORCEMOT,22.83,22.83
ARVIND,32.55,32.56
TATAMOTORS,8.84,8.81
LINDEINDIA,128.32,128.32
ESCORTS,35.87,35.87
ASHOKLEY,24.33,24.76
ZUARIIND,1.4,
SUNDARMFIN,29.88,28.71
VEDL,10.96,12.36
NOCIL,31.21,31.21
BATAINDIA,48.85,70.01
MAHSEAMLES,10.29,10.25
BALMLAWRIE,19.38,19.38
MOTOGENFIN,61.21,61.21
PGHL,39.18,37.65
TATACHEM,,44.86
EPL,33.37,31.89
VLSFINANCE,4.28,4.28
SRF,58.37,58.37
AEGISLOG,42.52,42.52
WEIZMANIND,22.44,22.44
BBOX,55.71,43.21
PRECOT,15.92,19.84
SHREYANIND,5.26,5.26
ARE&M,23.45,23.45
ADANIENT,44.79,43.29
GVT&D,124.49,124.49
ONGC,7.93,7.67
TAINWALCHM,69.64,69.64
JINDALPOLY,14.47,26.19
BSL,20.28,20.28
APCOTEXIND,38.55,38.55
RCF,44.93,48.85
DECCANCE,48.62,28.5
ADVANIHOTR,26.63,26.63
SUBROS,31.28,31.28
SIEMENS,106.45,106.45
TATACOMM,55.93,67.68
IFCI,57.47,57.66
M&M,32.71,32.71
KABRAEXTRU,46.81,46.81
POLYPLEX,12.25,12.25
3PLAND,48.11,48.11
SAIL,23.73,16.48
GRAPHITE,20.2,20.2
BBL,36.07,36.07
DCMSHRIRAM,36.6,36.6
COSMOFIRST,19.11,19.11
HDFCBANK,19.4,19.12
GMBREW,11.43,11.43
INDIANHUME,20.33,20.33
IOC,12.15,13.04
OSWALGREEN,145.14,145.14
HUHTAMAKI,5.02,26.9
RICOAUTO,30.12,29.36
BANCOINDIA,23.51,23.51
MANINDS,18.53,18.53
SHANTIGEAR,43.07,43.07
ONWARDTEC,29.83,29.83
NCC,21.76,21.25
ELGIEQUIP,62.72,62.72
BBTC,9.27,9.09
LICHSGFIN,7.07,7.07
BEPL,17.15,17.15
BANARBEADS,29.53,29.53
PRUDMOULI,28.02,26.11
PRAJIND,48.96,52.86
EVERESTIND,115.95,154.16
TRANSWORLD,134.71,134.71
PGHH,76.37,76.37
BOMDYEING,1.23,
NAVNETEDUL,4.04,14.91
AGI,21.58,21.58
GLAXO,58.77,52.56
TATACONSUM,75.24,63.71
INDHOTEL,69.33,82.31
LYKALABS,170.01,168.42
GOLDENTOBC,9.65,10.94
ESABINDIA,54.53,54.53
GABRIEL,29.63,29.63
PRAKASH,8.51,8.51
KOPRAN,20.07,20.07
TIMKEN,63.79,63.79
SAKHTISUG,4.59,
HINDALCO,11.88,11.33
GSFC,15.13,15.21
FINCABLES,24.9,35.74
DCM,33.63,33.63
HEUBACHIND,35.08,35.08
BHARATGEAR,33.97,
NAVA,9.98,10.74
REMSONSIND,36.16,37.25
SWARAJENG,24.1,24.1
TNPETRO,19.59,16.36
AUSOMENT,13.66,13.66
JAYAGROGN,14.92,14.92
SILINV,22.1,22.1
SUNDRMBRAK,47.71,47.71
MOTHERSON,31.5,31.5
STERTOOLS,33.27,33.27
HITECHGEAR,25.9,25.84
SHRIRAMFIN,13.96,13.96
MIRZAINT,43.49,43.49
GUJAPOLLO,29.2,29.2
JCHAC,179.52,116.87
KOTHARIPET,17.29,17.21
GAIL,13.37,13.37
BANKINDIA,6.47,6.47
ENGINERSIN,36.98,36.98
JAICORPLTD,88.65,88.65
MAHAPEXLTD,38.41,57.72
ASAHIINDIA,52.57,52.57
SOUTHBANK,4.93,4.93
ITDCEM,25.69,25.69
CYIENT,29.95,28.44
CYBERTECH,20.64,20.64
GOACARBON,16,16
SANGHVIMOV,15.74,15.74
RSSOFTWARE,23.17,23.17
NATIONALUM,14.57,16.21
ALEMBICLTD,25.88,25.88
ICDSLTD,41.81,41.81
BSOFT,25.44,25.44
STAR,43.83,40.75
ZYDUSLIFE,22.57,22.57
RAJESHEXPO,181.27,181.27
SHREERAMA,39.06,39.06
IOB,33.47,33.47
GEPIL,135.54,135.54
AJANTPHARM,42.78,42.78
CALSOFT,44.83,44.83
PNBGILTS,9.31,9.58
CHENNPETRO,13.2,13.2
KRBL,15.74,15.74
UNITDSPR,76.1,75.02
TCI,28.09,27.89
PONNIERODE,9.32,9.32
SURANAT&P,26.79,26.79
CANBK,5.46,5.46
GODREJIND,26.15,26.15
BAGFILMS,275.95,275.95
WELSPUNLIV,20.72,20.72
UNIENTER,355.6,355.6
MUKANDLTD,19.64,19.64
MAHABANK,8.57,8.57
RKFORGE,47.58,47.49
CCL,36.44,36.44
APARINDS,45.17,45.17
TCS,32.76,32.27
COFORGE,68.05,68.78
GUFICBIO,49.01,49.01
PATELENG,13.38,16.5
EVEREADY,36.62,36.62
ALLDIGI,18.99,23.33
IIFL,14.37,7.48
SSWL,4.96,14.83
JKPAPER,8.86,8.86
GRANULES,28.61,28.61
GENUSPOWER,79.06,79.06
SPLIL,12.77,12.77
SASKEN,50.42,50.42
AURIONPRO,54.06,54.06
AIAENG,30.8,30.82
ORIENTCER,34.49,39.09
EKC,20.5,20.17
ENIL,36.84,36.84
JAGRAN,11.19,11.19
M&MFIN,15.9,15.9
KEI,58.15,58.14
SOLARINDS,85.1,85.1
SUNTV,16.39,16.39
EMKAY,11.8,11.8
KAMDHENU,21.63,21.63
EMAMILTD,38.04,37.8
TECHM,51.25,51.39
ANANTRAJ,65.46,65.46
ALICON,24.81,24.81
INSPIRISYS,30.15,30.15
VENUSREM,17.82,17.82
NFL,20.32,20.32
PARACABLES,21.41,21.41
VEEDOL,23.8,23.8
PTL,17.93,17.93
UNOMINDA,77.65,80.08
TIIL,20.66,20.15
REDINGTON,12.76,12.76
NAHARPOLY,132.25,132.25
BALAMINES,30.47,30.47
NDLVENTURE,355.27,355.27
FORTIS,76.27,72.16
WEBELSOLAR,,95.35
V2RETAIL,104.72,104.72
CIEINDIA,21.6,21.6
INDOWIND,39.72,39.72
KSCL,14.43,14.43
MANGCHEFER,15.87,15.87
RELIGARE,26.47,64.22
RGL,22.28,22.28
COLPAL,52.48,52.48
ECLERX,30.29,30.22
TARIL,117.15,117.15
MANAKSIA,8.55,6.29
BIRLAMONEY,12.47,12.47
CORDSCABLE,21.47,21.47
HERCULES,24.19,24.19
SEPC,152.46,152.46
GSS,21.92,21.92
RECLTD,9.19,9.19
NESCO,19.54,19.54
TITAGARH,50.83,50.55
GOKUL,47.17,47.17
VINYLINDIA,25.7,25.7
ZFCVINDIA,69.17,69.17
TPHQ,18.6,18.6
HINDNATGLS,2.82,1.15
MHRIL,62.35,62.35
EXCEL,106.45,106.45
GLOBUSSPR,38.56,38.56
EXPLEOSOL,18.82,18.82
RTNPOWER,.68,
REFEX,51.62,51.71
JSWENERGY,59.96,59.96
HINDCOPPER,66.93,66.93
NESTLEIND,67.17,68.49
WHIRLPOOL,73.67,70.52
THANGAMAYL,57.45,57.45
HATHWAY,41.08,40.73
SJVN,44.71,47.77
MANAPPURAM,5.61,5.61
TI,40.36,38.57
BAJAJCON,20.1,20.1
GPPL,24.27,22.36
KILITCH,34.95,34.95
SASTASUNDR,,6.79
CANTABIL,31.46,32.09
BEDMUTHA,19.44,19.44
RESPONIND,36.31,36.31
GRAVITA,54.27,54.27
A2ZINFRA,23.76,
SURANASOL,414.98,414.98
KICL,38.11,50.16
VADILALIND,19,19
RELAXO,86.32,86.32
ASHIANA,95.18,95.18
RELIANCE,22.57,22.57
BOSCHLTD,49.6,51.72
DEEPAKFERT,23.56,23.56
CARBORUNIV,60.84,60.84
DICIND,122.46,57.34
RAMCOCEM,83.59,83.59
ABREL,98.93,98.93
ADORWELD,37.4,33.74
TORNTPHARM,61.35,63.95
FEDERALBNK,12.5,12.5
BIRLACABLE,86.07,86.07
HONAUT,69.39,69.39
SUNPHARMA,38.76,38.22
HCC,13.24,
IVP,19.41,19.41
EICHERMOT,36.72,36.72
ZENSARTECH,25.44,25.44
KPIL,34.81,34.81
IGARASHI,101.1,101.1
NKIND,474.02,474.02
HSCL,50.15,50.15
UFLEX,,9.3
SPMLINFRA,59.1,63.42
JUBLPHARMA,30.93,25.44
SOMANYCERA,31.02,32.31
HLVLTD,43.95,48.43
KAJARIACER,49.37,49.34
PCBL,29.76,29.76
JINDALSAW,10.43,10.43
STYRENIX,19.59,19.59
CANFINHOME,13.7,13.7
DABUR,52.51,52.51
JAYSREETEA,29.74,
FOSECOIND,40.52,40.7
ANDHRAPAP,10.13,10.13
AMJLAND,16.76,16.76
KSB,66.36,66.36
GODFRYPHLP,41.91,39.67
SUDARSCHEM,51.91,50.02
AKZOINDIA,38.14,38.14
AMBUJACEM,32.23,33
CGPOWER,126.34,125.46
BEL,47.5,47.5
GREENPLY,33.17,36.22
NATCOPHARM,12.58,12.58
TTKPRESTIG,55.65,55.65
EIMCOELECO,29.09,29.09
SAMBHAAV,33.99,38.4
KEYFINSERV,5.91,5.91
WENDT,75.82,75.82
PUNJABCHEM,30.77,30.77
GANESHHOUC,20.7,20.7
PGEL,91.48,91.48
TRITURBINE,76.99,76.99
DSSL,25.99,25.99
JISLDVREQS,1.64,1.64
VIKASECO,34.4,34.4
KANANIIND,210.21,210.21
DBSTOCKBRO,17.66,17.66
IRFC,29.37,29.37
RHIM,,41.12
SCHNEIDER,99.13,99.17
TBZ,24.3,24.3
SPECIALITY,26.5,26.5
RTNINDIA,12.06,12.06
THEJO,41.34,41.34
MAYURUNIQ,18.84,18.84
TVSHLTD,11.19,11.19
ZUARI,7.14,7.14
PCJEWELLER,457.57,457.57
INDUSTOWER,11.8,11.8
REPCOHOME,7.07,7.07
ATULAUTO,104.03,104.03
MITCON,17.56,17.56
ORBTEXP,14.13,14.13
NATHBIOGEN,8.37,9
CASTROLIND,21.27,21.27
IREDA,35.35,35.35
AGARIND,12.44,12.44
GOCLCORP,29.42,28.75
PDSL,34.37,35.04
GOODLUCK,20.45,20.45
GULPOLY,52.35,52.35
GRPLTD,74.79,68.78
GREENLAM,57.2,57.2
LINC,25.92,25.92
JMA,8.9,8.9
MANAKCOAT,33.76,35.89
IMAGICAA,56.81,47.42
INOXWIND,136,126.1
VRLLOG,56.23,56.23
TPLPLASTEH,34.98,34.98
ALANKIT,22.25,22.25
AYMSYNTEX,49.67,78.76
PKTEA,14.02,14.02
SHARDAMOTR,17.68,17.68
GUJGASLTD,25.34,26.25
PERFECT,66.58,66.58
LUXIND,33.99,33.99
SALZERELEC,26.09,26.09
LINCOLN,12.76,12.76
PRECAM,59.22,84.53
HITECH,55.39,55.39
SEQUENT,184.92,160.5
KDDL,24.08,24.06
HECPROJECT,22.06,22.06
SAGARDEEP,45.79,45.79
PARAGMILK,24,24
UNITEDPOLY,30.17,30.17
NAGAFERT,.27,.27
CONTROLPR,22.51,22.53
MOLDTECH,22.28,22.28
QUESS,26.26,25.66
LLOYDSENGG,81.13,81.13
LTIM,38.9,38.9
MINDTECK,31.46,29.82
DBL,12.49,24.54
BIGBLOC,72.37,72.37
MBAPL,70.76,70.76
CUPID,24.2,24.2
ICICIPRULI,153.1,153.1
HPL,51.94,51.94
JAIPURKURT,11.34,11.34
SAKAR,50.55,50.55
AURDIS,13.28,13.28
PANSARI,57.82,57.82
ARTNIRMAN,117.68,117.68
VBL,78.69,78.69
PODDARMENT,14.17,14.17
JETFREIGHT,7.99,11.15
TCIEXP,27.89,27.89
ITDC,72.71,72.63
LIBAS,4.91,4.91
PROLIFE,14.28,14.28
MAHESHWARI,12.54,12.54
BHANDARI,23.72,23.72
MCL,21.78,21.78
PRICOLLTD,33.9,33.9
STEELCITY,10.84,10.84
KRISHANA,30.37,30.37
GLOBAL,12,12
NITIRAJ,27.71,27.71
SANGINITA,97.9,97.9
RADIOCITY,68.88,68.88
AIRAN,13.29,13.29
URJA,431.77,431.77
EIFFL,234.47,234.47
CREATIVE,23.15,23.15
DEVIT,21.69,21.69
MKPL,22.19,22.19
SCHAND,19.76,19.76
PSPPROJECT,26.93,26.93
JALAN,,6.68
VSCL,117.83,117.83
GLOBE,13.2,14.55
AUBANK,24.37,23.56
TRANSWIND,23.41,23.41
STEELXIND,49.53,49.53
THEINVEST,32.19,32.19
WEWIN,32.68,32.68
SIS,41.24,41.24
VAISHALI,95.88,95.88
GEEKAYWIRE,12.19,12.19
SERVOTECH,192.17,192.17
CHOLAHLDNG,6.38,6.38
CAPACITE,18.69,18.69
WORTH,11.16,11.16
MPTODAY,5.64,5.66
AARVI,19.48,19.48
AIROLAM,68.81,68.81
RKEC,9.8,9.8
GOLDSTAR,84.88,84.88
JASH,46.9,46.88
BETA,50.96,50.96
OMFURN,23.23,23.23
GODREJAGRO,43.81,43.81
GICRE,9.51,9.51
NAM-INDIA,33.34,33.34
IFGLEXPOR,34.39,34.39
SILVERTUC,47.98,47.98
ZODIAC,55.49,55.49
DNAMEDIA,.45,
INNOVANA,28.34,28.34
ONEPOINT,55.5,55.5
AJOONI,55.32,55.32
BCONCEPTS,67.5,67.5
NEWGEN,53.89,53.89
AMJUMBO,648.53,648.53
SINTERCOM,360.58,360.58
MHHL,8.59,8.59
SOUTHWEST,41.19,43.43
ARVEE,74.09,74.09
GMMPFAUDLR,53.66,53.66
HINDCON,43.72,43.72
SARVESHWAR,42.37,42.37
MACPOWER,46.25,46.25
SUNDARMHLD,31.01,31.01
HAL,33.83,33.84
MITTAL,35.43,52.06
GIRIRAJ,80.55,80.55
ISEC,13.79,13.79
KAPSTON,45.46,45.46
CONTI,21.23,
LEMONTREE,54.56,54.56
AVG,14.45,21.86
VERA,18.73,18.73
MMP,26.88,26.88
NARMADA,20,20
PIGL,43.22,43.22
BSHSL,63.56,63.56
AAKASH,20.26,20.26
GODHA,43.54,43.54
SOFTTECH,177.26,177.26
ORIENTELEC,79,79
E2E,228.48,228.48
SIRCA,38.35,38.35
SVLL,206.74,206.74
LATTEYS,136.21,136.21
SONAMLTD,54.56,54.56
PRITI,27.81,27.81
ACCURACY,15.07,15.07
VARROC,15.64,15.64
GANGAFORGE,141.53,144
REPL,23.73,23.73
AVROIND,46.81,46.81
HDFCAMC,42.01,42.01
AARON,49.2,49.2
SUMIT,43.59,43.59
LAGNAM,13.79,13.79
RPPL,20.83,20.83
AKG,50.91,50.91
IRCON,22.04,22.04
AHLADA,9.3,9.3
RAJMET,150.84,150.84
AAVAS,24.54,24.54
KSHITIJPOL,32.9,
GRSE,42.96,42.96
PARIN,225.44,225.44
SILGO,19.55,19.55
VINNY,39.71,39.71
MARINE,85.09,85.39
UWCSL,13.06,13.06
ATGL,96.44,96.44
SHRIRAMPPS,25.51,25.51
NILASPACES,25.72,25.72
SURANI,70.34,70.34
MSTCLTD,22.37,22.22
ANUP,61.46,61.46
ARVINDFASN,58.85,56.89
RVNL,70.89,70.89
METROPOLIS,73.06,73.06
KPITTECH,50.88,50.88
NEOGEN,125.99,125.99
CONFIPET,30.92,30.92
INDIAMART,29.27,29.27
DCMNVL,67.73,222.33
WEL,158.56,158.56
CHEMCON,43.84,43.84
SPANDANA,27.44,27.44
DOLATALGO,8.72,8.72
UJJIVANSFB,5.47,5.47
MAZDOCK,34.56,34.56
SECL,241.43,241.43
SAFARI,76.81,76.81
DCI,33.38,33.38
IIFLSEC,14.27,14.27
SAMHI,,153.14
GREENPANEL,41.57,41.57
APOLLOPIPE,60.91,60.91
MGEL,13.82,12.8
ROUTE,22.33,23.44
HOMEFIRST,29.72,29.72
SIGMA,20.88,20.88
EQUITASBNK,15.9,15.9
ROSSARI,32.47,32.47
HINDWAREAP,991.4,991.4
ESAFSFB,71.84,28.33
LIKHITHA,20.04,20.04
ARTEMISMED,67.65,67.65
PATANJALI,64.15,64.15
LGHL,56.88,60.02
ASALCBR,29.07,29.07
SUVENPHAR,135.62,135.62
STOVEKRAFT,73.07,73.07
KSOLVES,31.31,31.31
HAPPSTMNDS,47.43,49.56
GLAND,42.26,42.26
BOROLTD,72.69,72.69
MAXHEALTH,89.21,89.21
PAVNAIND,64.53,64.53
KALYANKJIL,115.26,115.26
BTML,54.32,54.31
SHAREINDIA,13.39,13.38
SIGACHI,24.29,24.29
ADL,163.47,163.47
SURYODAY,6.46,6.46
ROML,51.18,51.18
RAILTEL,48.8,46.38
BECTORFOOD,75.62,75.62
HERANBA,27.43,27.43
LXCHEM,52.72,52.72
FAIRCHEMOR,24.43,24.43
ANURAS,73.23,73.23
ISGEC,31.58,31.58
PAKKA,26.91,26.91
CLSEL,14.43,14.43
CARYSIL,33.39,33.39
SHAILY,68.29,68.29
MODISONLTD,27.1,27.07
FIBERWEB,11.85,11.85
BCLIND,14.24,14.24
BHAGCHEM,188.57,188.57
SBCL,42.95,42.95
SMCGLOBAL,7.13,7.13
QMSMEDI,19.18,19.18
NPST,174.4,174.4
ARIHANTCAP,13.22,13.22
NAZARA,80.88,80.15
IPL,29.7,29.7
GENCON,17.87,17.87
LODHA,58.81,56.2
HLEGLAS,60.38,57.98
SONACOMS,73.71,72.65
UTKARSHBNK,7.57,7.57
DRCSYSTEMS,20.47,20.47
PARAS,96.98,96.98
CRAFTSMAN,45.71,45.71
DODLA,34.27,34.27
JUBLINGREA,64.47,64.44
ROLEXRINGS,34.88,31.39
WALPAR,16.82,16.82
SHYAMMETL,27.39,27.39
KIMS,65.56,65.56
MAKS,111.28,56.54
JSFB,5.98,5.98
TATVA,109.4,109.4
CLEAN,53.19,53.19
GLS,31.61,31.61
ABSLAMC,27.61,27.61
DEEPINDS,22.43,22.5
ZOMATO,325.48,325.48
BEWLTD,19.06,19.06
PIXTRANS,27.29,27.29
MEDIASSIST,46.13,46.13
WINDLAS,35.56,35.56
CARTRADE,61.99,61.99
KRSNAA,47.59,47.59
DEVYANI,,785.97
APTUS,23.06,23.06
SUPRIYA,40.53,40.53
ANMOL,12.16,12.16
VIJAYA,88.92,87.92
AMIORG,91.71,91.48
IWEL,76.72,70.55
SANSERA,50.26,50.26
BAJAJHCARE,,32.08
PRITIKAUTO,18.48,18.48
AAREYDRUGS,25.58,25.58
GRINFRA,13.45,17.05
INTLCONV,6.15,6.15
DUGLOBAL,98.4,98.4
REXPIPES,17.57,17.51
STEELCAS,25.54,25.54
HPAL,35.34,35.34
UGROCAP,16.5,16.5
STARHEALTH,32.35,32.35
KPIGREEN,43.56,43.16
SGIL,46.62,46.62
SJS,34.17,34.17
FINOPB,30.8,30.8
NYKAA,862.92,862.92
AWL,40.51,40.51
SAPPHIRE,724.4,389.34
QUADPRO,29.52,29.52
PRUDENT,72.15,72.15
NUVOCO,251.83,251.83
GOCOLORS,68.58,68.58
TRACXN,3022.2,3022.2
COASTCORP,999.67,999.67
MEDPLUS,89.01,89.01
RATEGAIN,44.15,44.15
METROBRAND,76.98,76.98
MICEL,35.94,35.94
FOODSIN,31.74,31.74
PARADEEP,23.89,23.89
JAINAM,22.49,22.49
ABMINTLLTD,942.57,942.57
KRITI,37.83,37.83
GANESHBE,14.78,14.78
GVPTECH,65.1,65.1
KOTYARK,37.02,37.02
MEDICAMEQ,96.89,96.89
SHIVALIK,48.12,48.12
PRECISION,18.04,18.04
COOLCAPS,164.59,164.45
MEDANTA,60.57,60.57
AHL,19.83,19.83
ASIANENE,35.89,34.21
NRL,55.46,55.46
CHOICEIN,65.65,65.65
EUROBOND,29.99,29.99
GRWRHITECH,37.3,37.3
CAPITALSFB,10.65,10.65
DCMSRIND,12.93,12.93
EMUDHRA,90.06,90.06
FIVESTAR,19.53,19.53
STARTECK,23.31,23.31
SBC,51.77,51.77
ELDEHSG,24.42,24.42
ELIN,60.12,60.12
SHIGAN,30.83,30.83
MADHAVBAUG,49.68,49.68
GATEWAY,18.36,18.36
SYRMA,78.92,78.92
JTLIND,32.03,32.03
RAINBOW,71.4,71.4
VENUSPIPES,34.33,34.33
ROTO,41.77,41.77
GSTL,58.59,58.59
INDOBORAX,14.45,14.45
LANDMARK,78.39,
AVONMORE,12.92,12.92
DREAMFOLKS,30.98,30.98
AGSTRA,107.53,107.53
SONUINFRA,9,9
LEMERITE,160.88,160.88
DHARMAJ,24.87,24.87
OBCL,62.91,62.91
GMRP&UI,3.84,
KCK,222.58,222.58
INDOAMIN,22.88,22.88
PROPEQUITY,22.16,22.16
INOXGREEN,180.54,180.54
FEDFINA,13.07,13.07
BIKAJI,66.67,66.67
RITCO,31.18,31.18
SURAJEST,28.09,28.09
SKP,392.62,392.62
CHEVIOT,9.26,9.26
HMAAGRO,20.46,20.46
CMRSL,11.66,9.41
KFINTECH,63.16,63.16
DCXINDIA,66.32,66.32
YATRA,92.86,92.86
ARISTO,22.13,22.13
NGLFINE,26.83,26.83
SWASTIK,38.33,38.33
AXITA,35.09,35.09
PLAZACABLE,161.35,161.35
SENCO,44.08,44.08
RADHIKAJWE,23.17,23.17
SPLPETRO,32.61,32.61
RAMRAT,40.89,40.89
CSLFINANCE,9.93,9.93
AGNI,165.6,165.6
KORE,64.73,64.55
GOYALALUM,63.56,63.56
RUSTOMJEE,67.32,67.32
GENSOL,43.89,43.84
DBOL,79.22,79.22
KANDARP,35.3,35.3
GSLSU,110.4,110.4
SPORTKING,12.67,12.67
ALLETEC,47.69,47.69
MANORAMA,116.54,116.54
INNOVACAP,48.59,48.59
GRMOVER,18.99,18.99
SYNCOMF,55.53,55.5
DJML,59.87,59.87
BAHETI,39.47,39.47
SULA,39.19,39.19
SIGNATURE,342.99,342.99
KRITINUT,13.41,13.41
MEGAFLEX,35.22,35.22
KALAMANDIR,28.55,28.55
AVALON,200.08,200.08
RITEZONE,14.09,14.09
CONCORDBIO,65.62,65.62
BAIDFIN,20.09,20.09
QUICKTOUCH,11.09,11.09
AMIABLE,9.78,9.78
BLUEJET,54.57,52.41
MVGJL,12.54,12.54
JIWANRAM,19.21,19.21
SCPL,16.53,16.53
SUKHJITS,15.49,15.49
FROG,33.43,33.43
MANKIND,49.22,49.22
SKYGOLD,75.39,75.39
SATINDLTD,16.99,16.96
DIVGIITTS,59.92,59.92
USK,15.41,15.41
ANLON,45.2,45.2
MOTISONS,73.39,74.17
SRIVASAVI,23.26,23.26
DIACABS,259.4,265.88
IKIO,37.14,37.14
MANOMAY,19.71,19.71
FAZE3Q,26.59,26.59
LLOYDSME,34.41,34.41
AARTIPHARM,25.26,25.26
RHL,42.43,42.43
SAHYADRI,15.74,15.74
SAHANA,96.56,96.56
NINSYS,46.8,46.8
DUCOL,32.51,32.51
SBFC,31.5,31.5
SBGLP,115.71,115.71
ASMS,188.64,214.26
SHERA,50.96,50.96
VIAZ,30.23,30.23
ZAGGLE,80.62,80.62
GANDHAR,17.77,17.77
AGARWALFT,47.72,47.72
HONASA,94.4,94.4
RISHABH,74.95,74.95
IRMENERGY,22.23,22.23
SAH,318.94,318.94
DENEERS,21.76,21.76
CYIENTDLM,74.55,74.55
AKI,93.65,145.73
YCCL,132.43,132.43
RPTECH,12.45,13.04
RATNAVEER,34.85,34.85
MOS,58.26,58.26
SECMARK,48.79,48.79
AUROIMPEX,17.02,17.02
IDEAFORGE,196.23,196.23
CRAYONS,15.6,15.6
SHRITECH,9.79,9.79
INFINIUM,46.1,46.1
AARTECH,72.34,72.34
KRISHCA,29.43,29.43
DOLPHIN,95.63,98.11
TATATECH,59.14,59.14
REDTAPE,73.58,73.58
CELLPOINT,235.91,235.91
SEL,70.45,70.45
GREENCHEF,34.71,34.71
PTCIL,398.98,398.98
PYRAMID,26.45,26.45
MAGSON,33.57,33.57
AEROFLEX,52.65,52.65
GHCLTEXTIL,18.48,18.48
MONOPHARMA,20.81,20.81
VPRPL,27.77,27.77
DENTALKART,56.55,56.55
CLSL,28.34,28.34
KIRLPNU,55.25,53.54
RRKABEL,63.25,63.25
JLHL,54.57,55.04
SAHAJ,19.74,19.74
NUVAMA,28.42,28.42
DRONE,60.25,60.25
SERVICE,40.32,40.32
PRAMARA,28,28
NIITMTS,26.81,26.27
ZEAL,15.97,15.97
MARINETRAN,64.51,64.51
UNIHEALTH,19.99,19.99
ASKAUTOLTD,42.41,42.41
CHAVDA,16.73,16.73
ONDOOR,24.41,24.25
TRANSTEEL,7.67,7.64
SANDUMA,20.77,20.77
OLIL,22.55,22.55
KARNIKA,22.81,22.81
AKANKSHA,305.57,305.57
SAAKSHI,34.7,34.7
MUFIN,101.2,98.52
HIGREEN,63.49,63.49
FLAIR,26.17,26.17
CELLECOR,49.95,49.95
MUTHOOTMF,7.61,7.61
INDIFRA,82.71,82.71
JIOFIN,174.81,174.81
MADHUSUDAN,22.37,22.37
GOYALSALT,22.22,22.22
WOMANCART,29.62,29.62
BLSE,40.38,40.38
HOLMARC,47.61,47.61
TREL,5.07,32.36
MARCO,41.57,41.57
VISHNUINFR,24.81,24.81
EPACK,76.95,76.95
IBLFL,65.5,65.5
INDIASHLTR,22.45,22.45
CELLO,45.63,45.63
CANARYS,20.16,20.16
DIGIDRIVE,26.08,26.08
DOMS,96.17,96.17
MAITREYA,53.37,53.37
DIGIKORE,28.79,28.79
AMNPLST,34.54,34.54
SARTELE,43.21,43.21
VINYAS,138.12,138.12
SAIFL,12.35,12.35
PARAGON,20.88,20.88
INOXINDIA,52.67,52.67
GRAPHISAD,18.5,17.92
ROXHITECH,11.35,11.35
JYOTICNC,101.17,98.66
BAJEL,140.67,116.95
APS,64.47,64.47
TECHLABS,112.54,112.54
SIGNPOST,24.38,24.38
ROCKINGDCE,42.89,42.89
BABAFP,16.65,16.65
SHREEOSFM,20.19,20.19
HRHNEXT,53.72,53.96
MEGATHERM,24.68,24.68
KLL,17.64,17.64
AZAD,148.7,148.7
KONSTELEC,17.93,17.93
FONEBOX,39.98,39.98
ITALIANE,22.36,22.36
SUPREMEPWR,36.35,36.35
KCEIL,37.5,37.5
ACCENTMIC,15.69,15.69
COMSYN,32.14,32.14
LAWSIKHO,60.57,60.57
DAVANGERE,45.86,45.86
MAXPOSURE,46.27,46.27
DELAPLEX,16.77,16.77
ALKYLAMINE,58.8,58.8
GUJRAFFIA,37.95,37.95
RAMCOIND,30.72,30.72
INDRAMEDCO,26.44,26.44
MADRASFERT,19.34,11.8
ICICIBANK,18.55,18.55
REPRO,264.8,264.8
HAVELLS,75.96,75.96
TIPSMUSIC,73.44,73.44
HIKAL,66.38,66.38
ACLGATI,149.56,
JISLJALEQS,117.82,117.82
MPSLTD,29.48,29.48
PNB,8.86,8.86
UNIONBANK,6,6
DIVISLAB,88.76,88.76
UCOBANK,24.29,24.29
JAIBALAJI,19.56,19.56
SIL,43.44,43.44
BIOCON,21.34,22.04
POONAWALLA,67.09,67.09
EXCELINDUS,24.07,24.07
AMBICAAGAR,8.54,8.54
TEXINFRA,363.15,363.15
WELENT,17.54,17.54
INDOCO,101.02,126.85
JSWSTEEL,44.57,43.06
SAKSOFT,29.05,29.05
JSWHL,101.14,101.14
MSPL,108.89,109.08
FCSSOFT,,59.98
LTFOODS,21.74,21.74
SOBHA,316.53,316.58
PLASTIBLEN,17.58,17.58
WANBURY,14.01,27.07
IZMO,11.83,11.37
PGIL,26.93,27.01
TFL,48.88,48.88
PAGEIND,81.7,81.7
JKTYRE,13.19,12.7
NCLIND,15.33,13.99
ICRA,43.02,43.02
PHOENIXLTD,44.68,44.66
ZENITHSTL,18.22,18.22
SRHHYPOLTD,14.43,13.11
KMSUGAR,13.44,13.44
TIMETECHNO,25.33,25.33
NELCAST,19.97,31.65
TARMAT,,129.68
MEGASOFT,213.78,213.78
ALPA,11.18,11.2
CENTRALBK,14.71,14.71
KPRMILL,39.74,39.74
MOTILALOFS,16,16
CENTUM,,436.3
DELTACORP,19.56,26.32
BVCL,28.51,28.51
ADANIPOWER,13.58,13.58
AMRUTANJAN,42.76,42.76
DBCORP,11.85,11.85
TRF,17.38,17.38
VASCONEQ,22.56,22.56
LGBBROSLTD,13.72,14.26
KSL,18.28,18.28
UMESLTD,221,221
BLISSGVS,19.35,8.51
PRAKASHSTL,3.87,84.97
ORISSAMINE,315.81,315.81
WABAG,40.04,39.82
JWL,52.33,52.33
COALINDIA,7.49,7.49
RPPINFRA,9.62,9.62
PSB,49.04,49.04
SHEKHAWATI,.86,8.64
HFCL,48.88,48.88
MUTHOOTFIN,16.01,16.01
OMINFRAL,49.95,49.95
DELPHIFX,23.28,23.28
DHANUKA,25.23,25.23
LTF,13.66,13.66
BODALCHEM,567.73,567.73
SREEL,24.47,24.47
GULFOILLUB,15.69,15.69
CIGNITITEC,30.3,29.7
LAMBODHARA,23.14,23.14
GANECOS,68.97,68.97
MANAKALUCO,32.64,32.64
LFIC,5.04,5.04
PRIVISCL,51.48,51.48
NILAINFRA,21.99,21.99
SUMICHEM,57.45,57.45
ATALREAL,38.67,38.67
UNIVPHOTO,10.95,10.95
BAFNAPH,465.22,251.73
POWERINDIA,247.91,247.91
RAJRATAN,34.37,34.37
AARTISURF,34.96,50.13
NDRAUTO,44.22,44.22
AAATECH,41,41
UNIDT,34.17,34.17
ANGELONE,19.18,19.18
CAMS,53.42,53.42
UTIAMC,17.81,17.81
ORCHPHARMA,65.24,65.24
INDIGOPNTS,49.79,49.79
MTARTECH,141.77,141.77
STYLAMIND,31.59,31.39
YUKEN,53.55,53.55
ANANDRATHI,64.7,64.7
POLICYBZR,392.94,471.04
MONARCH,18.99,18.99
EPIGRAL,29.35,29.35
CMSINFO,22.1,22.1
TARSONS,60.25,60.25
TEGA,69.61,69.61
LATENTVIEW,53.41,53.41
PASUPTAC,10.21,10.21
MAPMYINDIA,65.33,65.33
TMB,6.23,6.23
MANYAVAR,85.91,85.91
DMCC,54.2,54.2
EMIL,36.83,36.83
DATAPATTNS,69.92,69.92
MALLCOM,25.73,25.73
SMLT,36.94,36.94
RADIANTCMS,17.99,17.99
HARIOMPIPE,29.37,29.37
DELHIVERY,1910.05,624.97
DYCL,47.09,47.09
VIRINCHI,34.54,34.54
DHRUV,42.36,42.36
MHLXMIRU,12.67,12.67
RELCHEMQ,63.58,63.58
ZIMLAB,32.28,32.28
CAMPUS,84.07,84.07
AETHER,134.27,68.42
MEGASTAR,60.42,60.42
RACE,122.07,122.07
ETHOSLTD,111.48,111.48
MSUMI,41.54,41.54
HARSHA,33.32,33.32
LICI,13.79,13.79
TVSSCS,233.9,131.73
ACI,40.2,35.5
SADHNANIQ,643.41,643.41
HARDWYN,88.43,88.43
MEDICO,49.51,49.51
YATHARTH,40.33,40.33
KAYNES,158.95,158.95
ATAM,26.87,26.87
LAL,25.03,25.03
POCL,44.29,44.29
NOVAAGRI,19.26,19.26
NETWEB,167.27,167.27
EMSLIMITED,24.26,24.26
UDS,27.64,27.64
ATL,24.58,24.43
JSWINFRA,50.95,50.95
YASHO,57.78,57.78
SINDHUTRAD,19.74,19.74
MUFTI,18.52,18.52
SRGHFL,20,20
DIAMINESQ,82.87,82.87
HAPPYFORGE,39.33,39.33
EMKAYTOOLS,14.45,14.45
KKVAPOW,84.17,84.17
GICL,45.5,45.5
ASLIND,,2114.06
ACCORD,50.97,50.97
PASHUPATI,151.79,151.79
TIRUPATI,80.48,80.48
CMMIPL,16.3,16.3
MILTON,116.9,116.9
SOLEX,77.64,77.64
MDL,50.01,48.63
MAHICKRA,46,46
SPECTRUM,130.02,130.02
SHUBHLAXMI,18.26,18.26
KHFM,55.23,55.23
PARTYCRUS,16.62,16.62
SIDDHIKA,15.23,15.23
AILIMITED,53.12,53.12
BMETRICS,18.14,18.14
DKEGL,10.71,10.71
DESTINY,72.99,72.99
JSLL,58.1,58.1
NIDAN,,12.8
TIMESCAN,10.65,10.65
SPRL,17.49,17.49
KNAGRI,20.62,20.62
KRISHIVAL,49.34,49.34
AMEYA,22.87,22.87
MWL,15.42,15.42
SABAR,5.48,5.48
FIDEL,31.79,31.79
USASEEDS,21.1,21.1
ARABIAN,12.17,12.17
ANNAPURNA,44.24,44.24
PHANTOMFX,16.12,16.12
DOLLEX,23.52,23.52
ARHAM,41.78,41.78
PRITIKA,90.61,90.61
RBMINFRA,45.16,45.16
HOMESFY,18.69,18.27
LRRPL,90.34,90.34
MCON,46.43,46.43
AGUL,15.47,15.47
SYSTANGO,16.01,16.01
SPECTSTM,39.99,39.99
INFOLLION,40.26,40.26
ESFL,154.84,154.84
REMUS,36.52,36.52
PENTAGON,22.23,22.23
TRIDHYA,14.52,14.52
PROV,56.24,56.24
EFACTOR,24.01,24.01
SYNOPTICS,16.36,16.36
COMMITTED,11.88,11.88
GLOBALPET,64.38,64.38
KEL,48.91,48.91
VINSYS,20.69,20.69
SAROJA,29.93,29.93
ORIANA,46.3,46.3
BAWEJA,32.43,32.43
PLADAINFO,11.52,11.52
KODYTECH,127.29,127.29
SCML,18.27,18.27
MAL,14.5,14.5
BASILIC,32.72,32.72
NEWJAISA,47.37,47.37
RCDL,33.37,33.37
SHANTHALA,44.41,44.41
MICROPRO,13.16,13.16
GAEL,16.47,16.47
USHAMART,28.43,28.43
MRO-TEK,14.77,14.77
KHANDSE,69.56,69.56
TRIDENT,49.97,49.97
MARKSANS,41.16,41.16
GODREJCP,,61.86
LUPIN,36.25,36.25
BHARTIARTL,87.31,74.66
ASAL,50.15,50.15
APTECHT,47.52,41.48
OFSS,41.59,41.59
NUCLEUS,17.64,17.64
OMAXAUTO,6.74,
RADICO,108.34,108.34
VARDHACRLC,25.34,25.34
JSL,22.62,22.61
IGL,15.08,15.08
PTC,9.87,9.64
PENINLAND,25.72,25.58
WHEELS,19.3,19.3
PREMIERPOL,25.16,25.16
SESHAPAPER,10.14,10.14
SUNDRMFAST,43.24,43.24
EXIDEIND,43.21,43.21
ELECON,38.51,38.51
CRISIL,57.7,57.7
PEL,,48.6
MASTEK,26.99,27.58
MAHSCOOTER,66.9,69.76
TRENT,143.7,208.25
CUMMINSIND,58.05,58.01
JAYBARMARU,37.84,37.84
JBCHEPHARM,44.59,44.59
INDIAGLYCO,22,22
IGPL,31.32,31.32
HIMATSEIDE,21.99,21.99
BPCL,10.92,10.54
BASF,38.39,39
ATUL,59.38,59.38
ACC,19.8,22.4
SCI,10.39,10.39
MRPL,30.82,30.58
HINDPETRO,21.14,21.14
RELINFRA,2.99,
BAJAJHLDNG,78.95,78.95
VOLTAS,79.21,79.21
TITAN,90.6,90.6
TATASTEEL,69.61,60.07
SPIC,18.63,12.38
SBIN,10.34,9.64
PFIZER,38.93,39.36
DRREDDY,18.66,18.66
CHAMBLFERT,13.68,13.68
HINDOILEXP,14.65,17.96
COROMANDEL,37.57,37.57
VINDHYATEL,22.36,22.36
ASIANPAINT,52.55,51.08
BEML,57.47,57.47
CENTENKA,18.99,18.99
VTL,17.51,17.51
ATFL,488.99,1836.76
SUPREMEIND,60.73,60.73
BALRAMCHIN,26.86,26.86
UNICHEMLAB,,105.88
JTEKTINDIA,44.95,45.22
TATAELXSI,51.78,51.78
SANDESH,5.51,5.51
ASHIMASYN,5.82,5.82
BALKRISIND,32.58,32.58
INDBANK,18.46,18.46
RAJSREESUG,42.27,42.27
TIL,6.86,
BANARISUG,33.21,33.21
JYOTISTRUC,94.1,94.1
BLUEDART,62.99,62.99
JAYNECOIND,160.47,92.6
SOTL,19.59,19.59
KARURVYSYA,9.94,9.94
WSI,18.42,17.54
TATAPOWER,39.88,38.39
SUNFLAG,24.61,24.61
SIMPLEXINF,20.67,20.67
WIPRO,25.72,25.72
VSTIND,22.51,22.51
UNIVCABLES,47.3,47.3
TOKYOPLAST,130.58,130.58
MURUDCERA,39.44,39.44
SANOFI,33.68,31.35
HEIDELBERG,37.3,37.3
MANGLMCEM,41.36,41.36
PIDILITIND,78.67,76.68
EIHAHOTELS,28.98,27.83
HONDAPOWER,44.71,47.31
RUBYMILLS,17.84,17.84
ABB,91.14,91.14
IDBI,13,13
BRITANNIA,55.25,54.73
DHAMPURSUG,16.07,16.07
CIPLA,27.07,26.19
HEROMOTOCO,22.58,22.58
HARRMALAYA,,145.88
GIPCL,13.49,13.49
ITC,28.67,28.66
HINDCOMPOS,20.58,20.58
KAMATHOTEL,11.54,36.29
IFBAGRO,209.36,209.36
APOLLOTYRE,22.07,20.88
SIYSIL,16.16,16.16
PRECWIRE,38.24,38.24
NILKAMAL,25.92,25.92
ICIL,21.22,21.22
SEAMECLTD,18.75,19.77
AUROPHARMA,20.04,19.68
EIHOTEL,34.09,33.58
GICHSGFIN,6.85,6.85
MOREPENLAB,30.8,30.8
WSTCSTPAPR,7.23,7.23
21STCENMGM,1.76,1.76
VENKEYS,22.07,22.07
GHCL,10.22,10.22
HIL,88.32,37.31
BPL,26.44,26.44
VESUVIUS,40.86,40.86
TFCILTD,16.31,16.31
GTL,1.15,3.51
ZEEL,28.43,25.59
CHOLAFIN,27.18,27.18
FMGOETZE,15.03,15.03
ORIENTHOT,75.89,75.89
GILLETTE,75.28,75.28
KANSAINER,35.05,35.05
3MINDIA,59.97,59.97
SCHAEFFLER,58.31,58.09
RALLIS,42.41,42.41
MFSL,96.95,96.95
GREAVESCOT,226.73,
SURYAROSNI,19.16,19.16
GLFL,161.26,161.26
SHREECEM,53.03,53.03
INGERRAND,60.94,60.94
HINDZINC,24.11,23.94
GRASIM,20.42,19.41
FINPIPE,21.31,36.95
DCW,333.26,299.77
CESC,15.66,15.66
BHEL,497.45,497.45
BAJFINANCE,26.91,26.91
TNPL,15.46,15.46
AUTOAXLES,17.31,17.31
DALMIASUG,12.03,12.03
KHAITANLTD,9.93,9.93
MRF,27.11,27.11
ANDHRSUGAR,40.63,37.83
STARPAPER,5.65,5.51
MARICO,48.8,48.8
BIOFILCHEM,181.54,181.54
SOMATEX,1.7,149.59
AARTIDRUGS,27.16,27.16
INDIANCARD,2.09,
DENORA,35.06,35.06
DYNAMATECH,53.74,98.03
MMFL,16.83,16.9
JAGSNPHARM,73.22,66.26
MPHASIS,35.45,35.45
RUCHINFRA,149.08,149.08
HERITGFOOD,24.84,24.46
BANKBARODA,6.45,6.45
INDNIPPON,22.01,22.01
CONCOR,39.08,38.28
KCPSUGIND,5.91,6.94
HUDCO,17.62,17.62
SAREGAMA,48.55,48.55
FDC,25.42,25.42
ADROITINFO,12.68,12.68
GMDCLTD,17.24,17.24
INDUSINDBK,9.59,9.59
TRIGYN,64.08,54.19
J&KBANK,5.27,5.27
CUB,12.17,12.17
ASTRAZEN,197.06,89.52
AXISBANK,12.79,12.79
SONATSOFTW,56.08,4.34
KOKUYOCMLN,62.44,62.44
DHANBANK,33.37,33.37
STCINDIA,18.74,12.02
IVC,69.47,69.47
JINDALSTEL,17.69,17.69
NIPPOBATRY,2.56,2.56
HCLTECH,30.48,30.48
ACCELYA,22.94,23
NRBBEARING,10.71,27.04
KTKBANK,5.84,5.84
BLBLIMITED,9.35,9.35
BLUESTARCO,72.42,72.42
TVSMOTOR,56.89,56.89
PNC,61.4,61.4
NLCINDIA,18.82,18.82
ORICONENT,120.53,40.71
ADANIENSOL,240.51,38.31
RAMASTEEL,69.9,69.9
MUTHOOTCAP,11.52,11.52
POWERMECH,30.57,30.53
SHREEPUSHK,19.13,19.13
IDFCFIRSTB,20.41,20.41
BALAXI,12.32,13.28
TTKHLTCARE,26.53,32.77
PILANIINVS,41.49,41.49
LALPATHLAB,63.54,63.54
OCCL,9.41,9.41
TEAMLEASE,43.95,45.4
VIDHIING,62.71,62.71
KELLTONTEC,19.27,19.27
SIMBHALS,6.29,6.29
PDMJEPAPER,10.53,10.53
WEALTH,29.39,29.39
CROMPTON,52.27,52.27
ARMANFIN,9.49,9.49
PREMEXPLN,93.64,93.64
INCREDIBLE,29.58,29.58
INTENTECH,16.71,16.71
CLEDUCATE,45.17,49.22
WIPL,55.33,55.33
SIKKO,26.87,26.87
INFOBEAN,29.38,29.38
ERIS,54.68,54.68
ACEINTEG,54.88,54.88
SALASAR,51.64,51.64
GANGESSECU,36.13,36.13
TOTAL,645.45,645.45
COCHINSHIP,41.42,41.42
DIXON,129.21,170.62
ICICIGI,82.91,82.91
DPWIRES,19.11,19.11
GATECHDVR,7.22,7.22
TCPLPACK,24.06,24.06
DPABHUSHAN,42.52,42.52
NIACL,21.65,21.65
VERTOZ,59.7,59.7
ICEMAKE,49.18,49.18
TOUCHWOOD,48.68,48.68
SHIVATEX,159.25,159.25
MOKSH,12.6,12.6
SILLYMONKS,69.82,69.82
GALAXYSURF,32.5,32.5
KRITIKA,28.24,28.24
BBTCL,43.56,43.56
IRISDOREME,43.68,43.68
UNIPARTS,18.58,18.58
AWHCL,21.37,21.37
RPSGVENT,70.55,70.55
CHALET,260.44,260.44
OSIAHYPER,18.59,18.59
PAR,19.7,19.7
POLYCAB,56.01,56.01
EMAMIPAP,7.04,7.04
PPL,12.3,12.3
OAL,46.76,46.76
SATIA,6.8,6.8
AFFLE,64.71,64.71
WESTLIFE,516.45,516.45
HNDFDS,65.96,65.96
IRCTC,54.15,54.02
360ONE,45.86,42.93
HPIL,85.53,85.53
FLUOROCHEM,103.84,103.84
KUANTUM,7.26,7.26
CHEMBOND,18.42,18.94
SBICARD,29.9,29.9
CSBBANK,9.5,9.5
EASEMYTRIP,64.86,37.28
PRINCEPIPE,35.81,35.81
PARKHOTELS,44.94,44.94
CARERATING,37.85,37.85
JUSTDIAL,18.87,18.87
ORIENTCEM,44.01,44.01
PILITA,65.61,65.61
JPOLYINVST,32.3,32.3
AGRITECH,11.85,11.85
WONDERLA,33.97,33.97
CAPLIPOINT,30.24,30.24
SNOWMAN,135.13,135.13
SUPERHOUSE,18.59,35.58
INTELLECT,35.54,35.56
FCL,31.07,31.07
GENUSPAPER,199.76,199.76
VISHNU,25.61,25.61
HESTERBIO,98.76,98.76
MANAKSTEEL,33.2,33.93
BYKE,60.68,60.68
VIPULLTD,1.44,1.42
UFO,100.73,100.73
ARROWGREEN,24.31,24.31
SKIPPER,52,52
SYNGENE,74.79,78.52
SATIN,4.29,4.29
ARVSMART,55.41,55.41
INDIGO,24.72,24.72
SHK,187.36,22.54
UMANGDAIRY,31.68,31.68
KRIDHANINF,,84.78
ALKEM,30.31,29.6
NH,32.93,32.93
QUICKHEAL,96.68,96.68
BHAGERIA,32.29,32.29
NECCLTD,25.04,25.04
GOKULAGRO,23.09,23.09
HCG,107.76,113.02
BHARATWIRE,17.71,17.71
THYROCARE,51.56,51.49
ALBERTDAVD,10.54,10.54
SHALBY,46.38,46.38
APOLLO,62.55,62.55
ASTERDM,48.3,48.3
HGINFRA,16.3,16.66
BDL,65.83,65.83
BANDHANBNK,9.89,9.89
SANDHAR,24.2,25.05
MIDHANI,67.24,67.24
CHEMFAB,101.09,101.09
INDOSTAR,36.25,36.25
ADANIGREEN,120.93,96.56
FINEORG,36.07,36.03
RITES,32.34,32.41
HBSL,3.34,3.34
CREDITACC,11.11,11.11
SIGIND,16,16
TECHNOE,54.31,54.31
DALBHARAT,43.93,38.88
SKMEGGPROD,13.56,13.56
TAJGVK,25.8,25.8
AXISCADES,41.75,41.55
SMARTLINK,24.65,24.65
OLECTRA,110.97,119.54
TIMESGTY,66.06,66.06
GENESYS,69.57,69.57
MARUTI,25.15,25.15
NSIL,54.63,54.63
TVTODAY,11.86,11.48
PETRONET,12.93,12.93
DATAMATICS,17.8,17.55
ULTRACEMCO,50.6,50.39
INDSWFTLTD,1.99,1.99
KOTARISUG,32.4,32.4
SUPRAJIT,44.04,44.04
JPPOWER,8.59,6.66
MANGALAM,17.85,17.85
WELCORP,23.08,22.84
PRIMESECU,24.28,26.24
GEOJITFSL,17.53,17.53
RML,540.8,314.72
JMFINANCIL,,13.41
TORNTPOWER,33.54,33.54
HIRECT,82.53,68.18
HBLPOWER,51.91,48.75
LUMAXTECH,17.8,17.8
PITTIENG,43.93,43.93
TTL,30.95,80.99
INDIANB,7.96,7.96
MAGNUM,21.02,42.12
BLS,36.35,36.35
SALONA,22.43,22.43
MAHASTEEL,100.23,138.99
DAMODARIND,40.33,40.33
MGL,10.27,10.27
POKARNA,26.49,26.49
GPTINFRA,28.94,28.94
GROBTEA,7.73,7.73
SOMICONVEY,36.93,36.93
ADVENZYMES,29.15,27.2
SPAL,24.66,24.66
NDGL,26.62,26.62
RBLBANK,8.07,8.07
LTTS,44.03,44.03
GNA,17.91,17.91
MARATHON,19.34,19.34
ENDURANCE,43.88,43.88
MAZDA,18.03,18.03
PNBHOUSING,13.4,13.4
KINGFA,26.53,26.53
NBIFIN,92.28,92.28
SFL,53.68,84.14
LAURUSLABS,219.95,219.95
TERASOFT,38.09,37.94
HISARMETAL,19.33,19.33
SPCENET,108.69,108.69
CAPTRUST,85.68,85.68
BSE,86.3,86.3
JITFINFRA,28.45,36.92
TASTYBITE,184.12,184.12
NRAIL,9.68,9.68
DOLLAR,30.76,30.8
BHAGYANGR,29.82,29.82
TEJASNET,49.01,49.01
CDSL,61.19,61.19
DYNPRO,43.22,43.22
MAGADSUGAR,9.14,9.14
SMSLIFE,15.16,15.16
APEX,152.57,152.57
SBILIFE,68.67,68.67
MASFIN,17.73,17.73
IEX,38.93,38.93
KHADIM,117.05,117.05
HDFCLIFE,87.18,87.18
VAIBHAVGBL,37.32,35.67
XPROINDIA,57.25,55.12
LT,31.95,32.09
CENTEXT,22.78,23.12
NIITLTD,53.57,53.57
GULFPETRO,12.8,12.8
ASTRAMICRO,59.83,59.83
NTPC,17.09,17.09
JBMA,84.36,84.36
XCHANGING,41.18,41.18
CONSOFINVT,7.02,7.02
JINDALPHOT,63.63,63.63
GOKEX,48.64,48.64
SHOPERSTOP,397.24,325.73
CYBERMEDIA,22.3,32.82
SURYALAXMI,87.53,31.35
63MOONS,46.1,46.1
VHL,,1717.42
YESBANK,33.55,33.55
GOLDIAM,35.48,35.48
IMPAL,17.73,17.73
SUZLON,91.3,88.82
TRIVENI,27.31,27.31
NAHARINDUS,26.68,25.46
VIMTALABS,37.26,37.26
NITINSPIN,13.65,13.65
ROHLTD,19.19,19.19
GSPL,8.97,9.15
GVKPIL,1.32,102261.53
SAKUMA,15.8,15.8
KEC,65.65,65.65
JKCEMENT,39.51,45.26
INDOTECH,46.99,46.99
BLKASHYAP,27.17,29.3
CENTURYPLY,73.7,71.61
VAKRANGEE,402.73,420.76
GALLANTT,24.28,24.28
UTTAMSUGAR,13.94,13.94
KKCL,22.98,22.98
GPIL,13.96,13.97
RSYSTEMS,40.06,40.06
LOKESHMACH,44.61,44.61
SWELECTES,27.56,62.2
RATNAMANI,46.55,46.55
PIONEEREMB,41.97,41.97
JKLAKSHMI,24.51,24.94
ALLCARGO,102.1,83.47
MUNJALAU,24.1,15.14
GRINDWELL,62.11,62.07
VOLTAMP,41.76,41.76
SELAN,22.33,22.33
ACE,40.88,40.88
HOVS,27.67,27.67
BINANIIND,28.88,
TALBROAUTO,17.68,24.83
GEECEE,17.01,17.01
FIEMIND,21.2,21.2
DCBBANK,6.47,6.47
NAUKRI,154.56,168.62
GESHIP,5.54,5.54
MANALIPETC,60.37,52.51
DONEAR,13.17,13.17
RUCHIRA,7.61,7.61
JINDRILL,21.67,21.67
TANLA,17.08,17.08
AVTNPL,26.15,26.15
SARLAPOLY,13.68,13.68
AUTOIND,19.26,20.24
GANDHITUBE,17.13,17.13
ORIENTBELL,1508.11,1508.11
FSL,46.37,46.37
PFC,7.22,7.22
SMSPHARMA,35.56,35.56
LAOPALA,30.27,30.27
AMDIND,77.73,77.73
ASTRAL,91.58,91.58
THEMISMED,80.7,80.7
BANSWRAS,21.24,21.24
BFUTILITIE,15.37,15.37
ALPHAGEO,15.96,11.21
HILTON,44.63,44.63
INSECTICID,16.39,16.39
NAVINFLUOR,65.82,80.2
NAGREEKEXP,21.66,21.66
DLF,85.29,85.29
ADSL,30.12,30.12
PURVA,124.07,124.07
NAGREEKCAP,1.37,1.37
POWERGRID,20.22,20.22
CCCL,.9,
MAANALU,32.46,32.46
BAJAJELEC,80.28,80.28
ENERGYDEV,48.02,48.02
ADANIPORTS,25.32,24.13
KAUSHALYA,2.86,2.86
JYOTHYLAB,40.18,40.18
KALYANIFRG,36.17,36.17
HITECHCORP,25.71,26.71
BRIGADE,64.88,64.88
DVL,37.66,37.66
PATINTLOG,24.15,24.15
ARIES,15.71,15.71
AMBIKCO,12.71,12.71
CEATLTD,22.21,20.64
RPOWER,12.65,
JKIL,15.92,15.92
KNRCON,7.22,7.14
IRB,32.88,32.88
NMDC,10.99,10.63
NAHARCAP,13.77,13.77
VGUARD,60.49,60.49
DPSCLTD,92.6,92.6
BAJAJFINSV,15.52,15.52
BAJAJ-AUTO,33.44,33.44
RPGLIFE,46.93,42.26
RBL,15.86,15.54
RANEENGINE,17.38,14.69
LOTUSEYE,104.1,105.41
UBL,105.94,105.94
JOCIL,102.76,102.76
COUNCODOS,71.25,71.25
MAWANASUG,9.81,9.81
AJMERA,27,27
GKWLIMITED,138.12,138.12
VINATIORGA,52.55,52.55
NHPC,24.27,24.27
SUNTECK,51.35,51.35
DEN,9.52,9.52
SARDAEN,26.59,26.5
AHLUCONT,18.91,32.46
GODREJPROP,56.6,56.6
MMTC,92.08,88.26
MBLINFRA,2.8,
JUBLFOOD,107.02,180.87
DBREALTY,26.94,25.84
TEXMOPIPES,54.37,14.26
PERSISTENT,74.81,74.81
KIRLOSBROS,44.94,45.07
KIRLOSIND,13.98,13.37
IMFA,10.71,10.71
AHLEAST,11.58,11.58
ADFFOODS,42.89,42.89
DEEPAKNTR,43.14,46.44
RAMKY,15.29,15.29
ASHOKA,6.52,7.06
OBEROIRLTY,30.61,30.61
CGCL,37.26,37.26
IOLCP,20.75,20.75
PENIND,24.56,24.56
JAMNAAUTO,20.25,20.25
MOIL,17.78,17.78
KIRLOSENG,31.37,31.48
STEL,52.89,52.89
TEXRAIL,49.36,49.36
PFS,17.31,17.31
SYMPHONY,39.74,39.74
VSTTILLERS,32.48,32.41
MAITHANALL,3.76,3.76
INVENTURE,15.05,12.99
ELGIRUBCO,39.59,
ASAHISONG,69.54,67.88
FILATEX,24.14,24.14
RANEHOLDIN,10.3,43.69
APOLLOHOSP,85,85
NEULANDLAB,68.14,72.21
BERGEPAINT,50.61,50.66
MUNJALSHOW,18.9,18.9
RANASUG,20.27,20.27
ARENTERP,13.92,13.92
THOMASCOOK,32,32
BHARATRAS,34.44,34.44
LIBERTSHOE,71.98,49.72
OSWALAGRO,352.42,350.13
ELECTCAST,10.28,10.28
KOTAKBANK,16.3,18.76
AARTIIND,35.67,35.92
HEG,58.95,58.95
TATAINVEST,119.41,119.41
IPCALAB,60.86,65.12
HINDUNILVR,56.46,56.39
EIDPARRY,11.16,11.16
BIRLACORPN,27.58,28.17
ASHAPURMIN,12.83,20.83
PEARLPOLY,36.24,36.24
GARFIBRES,41.48,41.48
SKFINDIA,42.39,42.39
CUBEXTUB,28.17,28.17
SANGAMIND,47.9,40.83
CREST,14.21,14.21
TVSSRICHAK,42.68,39.83
ELECTHERM,3.18,3.29
TDPOWERSYS,52.53,52.53
APLLTD,33.28,33.81
VASWANI,14.12,14.12
PANAMAPET,10.23,10.23
PAISALO,23.76,23.8
SHAKTIPUMP,30.21,30.21
INDOTHAI,62.25,62.25
POLYMED,103.92,103.92
RUPA,26.36,25.41
APLAPOLLO,69.38,69.38
MINDACORP,45.94,45.94
THOMASCOTT,20.35,20.35
COMPUSOFT,143.07,143.07
NBCC,52.52,44.45
VSSL,20.17,20.17
SWANENERGY,30.66,30.66
KITEX,45.32,45.32
DUCON,20.94,20.94
VETO,14.26,14.26
CERA,37.31,37.31
EDELWEISS,17.52,17.52
OIL,10.21,10.22
ZYDUSWELL,38.16,38.88
SHILPAMED,132.3,140.01
DLINKINDIA,19.49,19.49
BEARDSELL,19.24,19.24
UNITEDTEA,12.55,12.55
EMMBI,25.53,25.53
MANINFRA,29.52,29.52
ISFT,18.71,18.71
HMVL,27,27
IITL,10.55,13.95
WELINV,90.26,90.26
CAREERP,12.44,12.44
GREENPOWER,75.45,79.25
PRESTIGE,79.01,79.01
JINDWORLD,75.91,75.91
ZEELEARN,1.56,6.84
SUMMITSEC,32.61,29.89
DHUNINV,27.27,27.27
PIIND,35.39,35.39
RUSHIL,20.9,20.9
SDBL,20.25,20.25
HATSUN,78.13,78.13
SHARDACROP,32.94,32.94
MONTECARLO,29.59,29.59
APOLSINHOT,50.44,50.44
MOLDTKPAC,35.58,35.58
MENONBE,9.31,9.31
ZENTEC,77.8,78.51
AVANTIFEED,17.34,17.34
PNCINFRA,5.92,5.92
INFIBEAM,35.08,35.08
SHRIPISTON,18.95,18.95
ASPINWALL,13.44,13.44
DMART,87.7,87.7
ARIHANTSUP,26.05,26.05
SHANKARA,19.79,19.79
STARCEMENT,37.02,37.02
GTPL,23.15,23.15
AVADHSUGAR,13.53,13.53
OPTIEMUS,91.19,91.19
ABCAPITAL,14.2,14.2
MATRIMONY,28.99,28.99
DIAMONDYD,63.34,78
TIINDIA,64.01,63.69
5PAISA,23.84,23.84
AMBER,107.78,107.78
