"Security Name","Symbol Name","Trade Date","Quantity"
"SHIPPING CORP OF INDIA LT","SCI","25-Nov-2024","1"
"HBL POWER SYSTEMS LTD.","HBLPOWER","25-Nov-2024","2"
"HDFC BANK LTD","HDFCBANK","25-Nov-2024","821149"
"STATE BANK OF INDIA","SBIN","25-Nov-2024","840"
"TATA STEEL LIMITED","TATASTEEL","25-Nov-2024","5"
"GODREJ CONSUMER PRODUCTS LIMITED","GODREJCP","25-Nov-2024","20612"
"LARSEN & TOUBRO LTD.","LT","25-Nov-2024","17"
"L&T TECHNOLOGY SER. LTD","LTTS","25-Nov-2024","2"
"ASHOK LEYLAND LTD","ASHOKLEY","25-Nov-2024","2050"
"PIRAMAL ENTERPRISES LTD","PEL","25-Nov-2024","1"
"MPHASIS LIMITED","MPHASIS","25-Nov-2024","4"
"AU SMALL FINANCE BANK LIMITED","AUBANK","25-Nov-2024","120000"
"ADITYA BIRLA FASHION & RT","ABFRL","25-Nov-2024","15"
"DIVI'S LABORATORIES LTD","DIVISLAB","25-Nov-2024","700"
"GODREJ PROPERTIES LTD","GODREJPROP","25-Nov-2024","15"
"ICICI BANK LTD.","ICICIBANK","25-Nov-2024","1"
"INFOSYS TECHNOLOGIES LTD","INFY","25-Nov-2024","16"
"PRAJ INDUSTRIES LTD","PRAJIND","25-Nov-2024","50"
