1,AARTIPHARM,INE0LRU01027,601.6,20
2,DEEPAKNTR,INE288B01029,2679.6,20
3,TVSSCS,INE395N01027,189.31,20
4,NFL,INE870D01012,121.91,21.27
5,MARUTI,INE585B01010,11167.4,9
6,HYUNDAI,INE0V6F01027,1798.6,20
7,RAJESHEXPO,INE343B01030,236.92,20
8,BLUESTARCO,INE472A01039,2052.45,20
9,SGBJAN29IX,IN0020200377,8174.42,10
10,ITI,INE248A01017,365.45,25.48
11,BECTORFOOD,INE495P01012,1831.2,20
12,SGBMAR25,IN0020160126,8029.24,10
13,INDIAGLYCO,INE560A01015,1399.3,20
14,PGEL,INE457L01029,856.4,22.34
15,PREMIERENE,INE0BS701011,1307.35,20
16,SGBSEP27,IN0020190115,8100,10
17,SGBNOV25VI,IN0020170083,8000.12,10
18,RECLTD,INE020B01018,559.55,20
19,SGBAUG27,IN0020190107,8200,10
20,SGBMAY26,IN0020180033,8100,10
21,FLUOROCHEM,INE09N301011,4377.25,20
22,CHEMPLASTS,INE488A01050,498.7,20
23,PAGEIND,INE761H01022,47424.35,20
24,EICHERMOT,INE066A01021,4807.65,9.91
25,GUJALKALI,INE186A01019,783.5,20
26,NMDC,INE584A01023,240.79,20
27,KIRLOSENG,INE146L01010,1145.2,20
28,SAGILITY,INE0W2G01015,40.81,20
29,MOIL,INE490G01020,370.3,20
30,ANANTRAJ,INE242C01024,752.8,20
31,LMW,INE269B01029,17169.35,20
32,TIINDIA,INE974X01010,3659.25,20
33,STANLEY,INE01A001028,447.15,20
34,CHAMBLFERT,INE085A01013,529.95,20
35,SGBNOV25,IN0020170091,8000.12,10
36,RCF,INE027A01015,178.5,20.68
37,NCC,INE868B01028,301.65,20
38,IREDA,INE202E01016,221.03,20.93
39,STOVEKRAFT,INE00IN01015,785.85,20
40,VENUSPIPES,INE0JA001018,1650.2,20
41,TITAN,INE280A01028,3445.75,9
42,BASF,INE373A01013,5640,20
43,NIFTYIETF,INF109K012R6,272.83,6
44,HDFCBANK,INE040A01034,1859.25,9
45,HINDALCO,INE038A01020,668.7,12.76
46,LIQUIDBEES,INF732E01037,1000,5
47,POWERINDIA,INE07Y701011,13130.7,20
48,TATACONSUM,INE192A01025,921.25,9.52
49,SUBEXLTD,INE754A01055,24.91,20
50,SGBMAR30X,IN0020210319,8216,10
51,TANLA,INE483C01032,701.35,20
52,TORNTPHARM,INE685A01028,3327.85,20
53,YESBANK,INE528G01035,21.2,20
54,COLPAL,INE259A01022,2842.85,20
55,NRBBEARING,INE349A01021,298.3,20
56,ROSSARI,INE02A801020,844.55,20
57,SGBJUN30,IN0020220045,8230.37,10
58,SHRIRAMPPS,INE217L01019,113.83,20.15
59,SGBOCT25IV,IN0020170067,8111.11,10
60,DMART,INE192R01011,3688.45,20
61,SULA,INE142Q01026,439.15,20
62,ABSLLIQUID,INF209KB18T9,999.99,5
63,INDUSTOWER,INE121J01017,343.85,20
64,RICOAUTO,INE209B01025,91.61,20.48
65,UCOBANK,INE691A01018,48.62,20
66,DOMS,INE321T01012,2976.55,20
67,AADHARHFC,INE883F01010,435.7,20
68,JUNIORBEES,INF732E01045,780.24,6.26
69,KFINTECH,INE138Y01010,1247.65,20
70,FORTIS,INE061F01013,721.3,20
71,BERGEPAINT,INE463A01038,472.05,20
72,OIL,INE274J01014,466.2,20
73,ITC,INE154A01025,460.6,9
74,EMAMILTD,INE548C01032,604.95,20
75,EBBETF0431,INF754K01LE1,1284.98,20
76,IMFA,INE919H01018,960.7,20
77,DRREDDY,INE089A01031,1245.4,9
78,3MINDIA,INE470A01017,31473.3,20
79,CONFIPET,INE552D01024,79.12,20
80,GUJGASLTD,INE844O01030,509,20
81,WHIRLPOOL,INE716A01013,1946.75,20
82,CONSUMBEES,INF204KA1LD7,127.17,20
83,LTF,INE498L01015,147.6,20
84,ADVENZYMES,INE837H01020,380.6,20
85,VTL,INE825A01020,525.05,20
86,ICICIB22,INF109KB15Y7,113.33,20
87,JYOTHYLAB,INE668F01031,410.95,20
88,INDIANB,INE562A01011,577.65,20
89,MANKIND,INE634S01028,2650.45,20
90,SARDAEN,INE385C01021,478.6,20
91,GODAVARIB,INE497S01012,362.4,20
92,GMDCLTD,INE131A01031,361.35,20.41
93,ASTRAL,INE006I01046,1833.4,20
94,SONACOMS,INE073K01018,635.4,20
95,HAVELLS,INE176B01034,1757.95,20
96,INTELLECT,INE306R01017,850.95,20
97,WAAREEENER,INE377N01017,3292.25,20
98,SAFARI,INE429E01023,2709.8,20
99,PFIZER,INE182A01018,5082.7,20
100,MCX,INE745G01035,6674.05,20
101,ARVIND,INE034A01011,430.6,20
102,NORTHARC,INE850M01015,239.32,20
103,DCBBANK,INE503A01015,127.08,20
104,RRKABEL,INE777K01022,1461.4,20
105,JSWINFRA,INE880J01026,319.2,20
106,BIOCON,INE376G01013,356.7,20
107,BIRLACORPN,INE340A01012,1295.8,20
108,PIIND,INE603J01030,4051.7,20
109,INDUSINDBK,INE095A01012,997.95,13.39
110,TATAPOWER,INE245A01021,433.55,20
111,FILATEX,INE816B01035,68.88,20
112,BRITANNIA,INE216A01030,4828.35,9
113,MSTCLTD,INE255X01014,768.6,22.14
114,IOLCP,INE485C01011,417.75,20
115,SGBNOV258,IN0020170109,8061,10
116,SGBOCT27VI,IN0020190388,8150,10
117,BPCL,INE029A01011,302.15,12.84
118,SGBDE30III,IN0020220110,8290.08,10
119,ABB,INE117A01022,7657.05,20
120,APTUS,INE852O01025,309.3,20
121,GOLDBEES,INF204KB17I5,65.49,20
122,AFCONS,INE101I01011,526.25,20
123,CEATLTD,INE482A01020,3185.8,20
124,NSLNISP,INE0NNS01018,47.1,20
125,SGBOCT25V,IN0020170075,8100,10
126,MRF,INE883A01011,131872.4,20
127,SGBJUN28,IN0020200104,8180.08,10
128,SYNGENE,INE398R01022,870.05,20
129,INOXINDIA,INE616N01034,1166.05,20
130,ACC,INE012A01025,2229.45,20
131,GRINDWELL,INE536A01023,2209.8,20
132,SHREECEM,INE070A01015,27228.75,20
133,ITIETF,INF109KC16I6,49.13,20
134,PHARMABEES,INF204KC1089,22.7,20
135,CLEAN,INE227W01023,1410.8,20
136,HCLTECH,INE860A01027,1936.2,9
137,JUBLPHARMA,INE700A01033,1124.8,20
138,TIMKEN,INE325A01013,3241.85,20
139,SGBMAR28X,IN0020190552,8228.99,10
140,SGBSEP31II,IN0020230093,8398.35,10
141,IIFL,INE530B01024,433.55,20.32
142,SBFC,INE423Y01016,92,20
143,ARE&M,INE885A01032,1296.35,20
144,ADANIENSOL,INE931S01010,818.15,26.39
145,KAYNES,INE918Z01012,6597.15,20
146,STARCEMENT,INE460H01021,220.24,20
147,SGBJUL25,IN0020170034,8004.71,10
148,ANDHRAPAP,INE435A01051,100.49,20
149,TI,INE133E01013,408.9,20.26
150,EXIDEIND,INE302A01020,461.5,20
151,ABREL,INE055A01016,2770.8,20
152,THERMAX,INE152A01029,4777.55,20
153,NEXT50IETF,INF109KC1NS5,76.04,6.53
154,GOKEX,INE887G01027,1130.7,20
155,GILLETTE,INE322A01010,9802.25,20
156,DHAMPURSUG,INE041A01016,188.24,20
157,MOTILALOFS,INE338I01027,1012.5,20.82
158,SGBOCT27,IN0020190370,8113.33,10
159,JSWSTEEL,INE019A01038,1005.8,10.46
160,TDPOWERSYS,INE419M01027,449,20
161,BAJAJHLDNG,INE118A01012,11273.45,20
162,TTML,INE517B01013,85.39,21.04
163,IDEAFORGE,INE349Y01013,646.4,20
164,M&MFIN,INE774D01024,279.9,20
165,MOM30IETF,INF109KC17C7,35.82,7.21
166,KNRCON,INE634I01029,339.95,20
167,IFCI,INE039A01010,62.93,26.92
168,HATHWAY,INE982F01036,17.73,20
169,RAIN,INE855B01025,193.75,20
170,DISHTV,INE836F01026,11.59,20.45
171,IRFC,INE053F01010,162.73,20.37
172,WIPRO,INE075A01022,309.1,10.52
173,TATATECH,INE142M01025,941.95,20
174,ATUL,INE100A01010,7261.1,20
175,NEWGEN,INE619B01017,1404.45,20.69
176,NIACL,INE470Y01017,206.31,21.6
177,INTERARCH,INE00M901018,1632.8,20
178,DIVISLAB,INE361B01024,5951.7,20
179,ASTERDM,INE914M01019,483.8,20
180,SENCO,INE602W01019,1167.8,20
181,JTLIND,INE391J01032,98.9,20
182,SHARDACROP,INE221J01015,820.35,20
183,SGBAPR28I,IN0020200062,8146.67,10
184,ABSLAMC,INE404A01024,818.25,20
185,AARTIDRUGS,INE767A01016,446.3,20
186,BANKBEES,INF204KB15I9,545.71,20
187,SGBAUG29V,IN0020210129,8248,10
188,ABDL,INE552Z01027,371.85,20
189,TRENT,INE849A01020,7012.5,13.73
190,EBBETF0430,INF754K01KO2,1438.57,20
191,MFSL,INE180A01020,1127.1,20
192,BANSALWIRE,INE0B9K01025,468.35,20
193,FINCABLES,INE235A01022,1291.05,20
194,PVRINOX,INE191H01014,1459.65,20
195,TATACHEM,INE092A01019,1100.3,20
196,KAJARIACER,INE217B01036,1178.8,20
197,SILVERBEES,INF204KC1402,91.27,20
198,APLLTD,INE901L01018,1046,20
199,CAPLIPOINT,INE475E01026,2438.45,20
200,SGBNV29VII,IN0020210178,8170.73,10
201,POLYCAB,INE455K01017,7486.4,20
202,BSOFT,INE836A01035,609.6,20
203,AJANTPHARM,INE031B01049,2838.95,20
204,PVTBANIETF,INF109KC18U7,25.83,20
205,ACI,INE128X01021,693.65,20
206,HONAUT,INE671A01010,40882.35,20
207,SIEMENS,INE003A01024,7916.25,20
208,HAL,INE066F01020,4660.55,20
209,MAZDOCK,INE249Z01012,4955.75,24.7
210,HINDCOPPER,INE531E01026,291.15,20
211,TRIDENT,INE064C01022,36.08,20
212,SGBJUN29II,IN0020210061,8141.66,10
213,AUBANK,INE949L01017,591.05,20
214,MOREPENLAB,INE083A01026,88.35,21.09
215,UPL,INE628A01036,547.45,20
216,SGBJUL27,IN0020190081,8115,10
217,MARKSANS,INE750C01026,310.5,20.42
218,SANSTAR,INE08NE01025,129.45,20
219,SAREGAMA,INE979A01025,499.45,20
220,HCC,INE549A01026,44.52,25.25
221,POLICYBZR,INE417T01026,2140,20
222,CENTURYPLY,INE348B01021,852.65,20
223,HDFCLIFE,INE795G01014,626.55,9.67
224,ECLERX,INE738I01010,3834.85,20
225,HIKAL,INE475B01022,415.1,20
226,NAUKRI,INE663F01024,8614.3,20
227,APARINDS,INE372A01015,9998.75,20
228,TRITURBINE,INE152M01016,812.6,20.14
229,SOUTHBANK,INE683A01023,25.93,20
230,ALPHA,INF174KA1IA5,56.8,7.54
231,HOMEFIRST,INE481N01025,1040.1,20
232,PNGJL,INE953R01016,744.95,20
233,LTFOODS,INE818H01020,435.15,20
234,PEL,INE140A01024,1260.4,20
235,GMMPFAUDLR,INE541A01023,1253.45,20
236,AEROFLEX,INE024001021,230.61,20
237,SUMICHEM,INE258G01013,529,20
238,EMCURE,INE168P01015,1345.5,20
239,APLAPOLLO,INE702C01027,1606.65,20
240,GOODLUCK,INE127I01024,976.15,20
241,KTKBANK,INE614B01018,226.65,20
242,ORIENTCEM,INE876N01018,341.75,20
243,POLYPLEX,INE633B01018,1409.55,20
244,KOPRAN,INE082A01010,205.93,100
245,FEDFINA,INE007N01010,115.87,20
246,BOMDYEING,INE032A01023,213.21,20.14
247,GIPCL,INE162A01010,247.87,20.32
248,SGBJUL28IV,IN0020200146,8185.35,10
249,TRIVENI,INE256C01024,461.2,20
250,SGBOCT25,IN0020170059,8092.99,10
251,MASTEK,INE759A01021,3270.25,20
252,CARTRADE,INE290S01011,1524.05,20
253,LODHA,INE670K01029,1436.3,20
254,RADICO,INE944F01028,2432.75,20
255,PERSISTENT,INE262H01021,6435.95,20
256,RTNINDIA,INE834M01019,70.69,21.02
257,SGBD29VIII,IN0020210228,8189.71,10
258,GODIGIT,INE03JT01014,330.8,20
259,SMALLCAP,INF769K01LC3,53.2,6.44
260,HBLPOWER,INE292B01021,670.8,20.89
261,NATCOPHARM,INE987B01026,1470.5,20
262,BANDHANBNK,INE545U01014,170.51,20
263,SGBAUG28V,IN0020200161,8189.72,10
264,MGL,INE002S01010,1278.85,20
265,MAHABANK,INE457A01014,55.87,20
266,GODREJIND,INE233A01035,1075.4,20
267,SHRIRAMFIN,INE721A01013,3248.1,13.63
268,FEDERALBNK,INE171A01029,212.68,20
269,LLOYDSENGG,INE093R01011,79.6,23.49
270,SGBMAY25,IN0020170018,8040,10
271,BHARTIHEXA,INE343G01021,1421.8,20
272,HDFCSILVER,INF179KC1DI2,91.35,20
273,ALKYLAMINE,INE150B01039,1983,20
274,PETRONET,INE347G01014,343,20
275,ESCORTS,INE042A01014,3438.45,20
276,FCL,INE045J01026,346.4,20
277,BORORENEW,INE666D01022,593.15,20
278,SETFNIF50,INF200KA1FS1,259.62,6
279,SGBN28VIII,IN0020200286,8189,10
280,GREENPANEL,INE08ZM01014,410.45,20
281,LIQUIDBETF,INF0QA701854,1004.96,5
282,NOCIL,INE163A01018,274.95,20
283,CGPOWER,INE067A01029,783.15,20
284,ACLGATI,INE152B01027,95.64,20
285,PRAKASH,INE603A01013,178.42,20.47
286,CHOLAFIN,INE121A01024,1343.05,20
287,M&M,INE101A01026,3067.45,11.95
288,UNOMINDA,INE405E01023,1063.95,20
289,JWL,INE209L01016,561.1,23.09
290,AWL,INE699H01024,307.45,20
291,MMTC,INE123F01029,80.81,23.13
292,ELGIEQUIP,INE285A01027,611.5,20
293,SWIGGY,INE00H001014,504.3,20
294,MID150BEES,INF204KB1V68,223.75,6.06
295,PGHH,INE179A01014,15800.95,20
296,SANSERA,INE953O01021,1573.4,20
297,TVSMOTOR,INE494B01023,2523.75,20
298,PNCINFRA,INE195J01029,334.8,20
299,SDBL,INE480C01038,119.01,20
300,GAEL,INE036B01030,135.31,20
301,SRF,INE647A01010,2298.8,20
302,CHALET,INE427F01016,1017,20
303,BANKINDIA,INE084A01016,113.01,20
304,ZYDUSLIFE,INE010B01027,976.5,20
305,GABRIEL,INE524A01029,508.8,20
306,CANBK,INE476A01022,107.5,20
307,KARURVYSYA,INE036D01028,238.06,20
308,ADANIENT,INE423A01024,2504.1,22.72
309,GODFRYPHLP,INE260B01028,5984.4,22.48
310,SOBHA,INE671H01015,1621.7,20
311,PGHL,INE199A01012,5703.35,20
312,CDSL,INE736A01011,1948,20
313,MUTHOOTFIN,INE414G01012,2127.35,20
314,MAHLIFE,INE813A01018,481.15,20
315,JKTYRE,INE573A01042,408.85,20
316,UBL,INE686F01025,1970.25,20
317,TIPSMUSIC,INE716B01029,818.05,20
318,COFORGE,INE591G01017,9195.95,20
319,AAVAS,INE216P01012,1678.05,20
320,ENGINERSIN,INE510A01028,203.13,20.91
321,AFFLE,INE00WC01027,1803.5,20
322,VAIBHAVGBL,INE884A01027,316.05,20
323,WSTCSTPAPR,INE976A01021,584.4,20
324,KPRMILL,INE930H01031,1018.4,20
325,LIQUIDSHRI,INF680P01422,1027.28,5
326,CYIENTDLM,INE055S01018,660.9,20
327,MHRIL,INE998I01010,369.5,20
328,ONGC,INE213A01029,254.05,13.5
329,GODREJCP,INE102D01028,1111.1,20
330,ANGELONE,INE732I01013,3432.85,21.24
331,HEROMOTOCO,INE158A01026,4556.75,9.97
332,IONEXCHANG,INE570A01022,703,20
333,GODREJPROP,INE484J01027,2880.35,20
334,RBA,INE07T201019,81.92,20
335,EVEREADY,INE128A01029,379.45,20
336,IGL,INE203G01027,387.1,20
337,GICRE,INE481Y01014,430.45,20
338,APOLLOHOSP,INE437A01024,7227.1,9.32
339,KEC,INE389H01022,1194.05,20
340,SAIL,INE114A01011,129.26,20
341,SPIC,INE147A01011,76.59,20
342,MASFIN,INE348L01012,267.5,20
343,LICHSGFIN,INE115A01026,632.3,20
344,INDIGO,INE646L01027,4464.35,20
345,TATASTEEL,INE081A01020,150.78,11.33
346,SGBMAY29I,IN0020210053,8178.69,10
347,IDBI,INE008A01015,83.03,20
348,SGBJAN26,IN0020170166,8197.5,10
349,ZENSARTECH,INE520A01027,793.8,20
350,FIEMIND,INE737H01014,1585.5,20
351,MEDPLUS,INE804L01022,844.75,20
352,CARYSIL,INE482D01024,769.15,20
353,YATHARTH,INE0JO301016,622.35,20
354,SHK,INE500L01026,275.6,20
355,NUVOCO,INE118D01016,366.8,20
356,CUB,INE491A01021,182.33,20
357,FIVESTAR,INE128S01021,650.3,20
358,UTKARSHBNK,INE735W01017,37.82,20
359,RVNL,INE415G01027,471.5,24.26
360,SATIN,INE836B01017,163.24,20
361,BAJAJFINSV,INE918I01026,1679.3,9.28
362,NEULANDLAB,INE794A01010,15989.35,23.94
363,BEML,INE258A01016,4470.5,21.47
364,GPPL,INE517F01014,195.33,20
365,SUNDARMFIN,INE660A01013,4280.05,20
366,EBBETF0425,INF754K01LD3,1259.28,20
367,RBLBANK,INE976G01028,173.64,20
368,OLECTRA,INE260D01016,1585.45,20
369,HONASA,INE0J5401028,250.85,21.14
370,MINDACORP,INE842C01021,538,20
371,VINATIORGA,INE410B01037,1824.4,20
372,RELIANCE,INE002A01018,1262.9,9
373,IMAGICAA,INE172N01012,73.89,20.53
374,ANURAS,INE930P01018,756.6,20
375,AHLUCONT,INE758C01029,1124.2,20
376,SIGNATURE,INE903U01023,1257.25,20
377,DEEPAKFERT,INE501A01019,1328.7,20
378,HAPPSTMNDS,INE419U01012,749.1,20
379,SFL,INE916U01025,945.4,20
380,WELSPUNLIV,INE192B01031,169.37,20
381,SUVENPHAR,INE03QK01018,1276.35,20
382,KOTAKBANK,INE237A01028,1768.7,9
383,INFY,INE009A01021,1987,9.23
384,UNIECOM,INE00U401027,179.88,20
385,LIQUID,INF769K01KS1,999.99,5
386,SHAREINDIA,INE932X01026,294.25,20
387,VARROC,INE665L01035,586.45,20
388,KANSAINER,INE531A01024,262.7,20
389,SBIN,INE062A01020,853.7,11.01
390,ENTERO,INE010601016,1461.35,20
391,DELTACORP,INE124G01033,122.99,20
392,LINDEINDIA,INE473A01011,6704.75,20
393,CAMLINFINE,INE052I01032,116.2,20
394,PRESTIGE,INE811K01011,1741.3,20
395,GRASIM,INE047A01021,2660.05,9.03
396,NHPC,INE848E01016,85.04,20
397,SHILPAMED,INE790G01031,819.5,20
398,TECHM,INE669C01036,1789.6,10.06
399,SGBDEC2513,IN0020170158,7804.05,10
400,REDINGTON,INE891D01026,209.7,20
401,ALKEM,INE540L01014,5435.25,20
402,NTPC,INE733E01010,355.6,11.77
403,JIOFIN,INE758E01017,338.3,20
404,PIDILITIND,INE318A01026,3190.1,20
405,RENUKA,INE087H01022,42.87,20
406,GANECOS,INE845D01014,2225.2,20
407,LICI,INE0J1Y01017,928.5,20
408,PPLPHARMA,INE0DK501011,251.8,20
409,JINDALSAW,INE324A01032,325.5,20
410,JBCHEPHARM,INE572A01036,1840.75,20
411,UNITDSPR,INE854D01024,1525.95,20
412,SGBNOV26,IN0020180314,8249,10
413,SGBSEP28VI,IN0020200195,8149,10
414,RELAXO,INE131B01039,650.55,20
415,SGBDEC25,IN0020170125,8098,10
416,JAMNAAUTO,INE039C01032,102.02,20
417,MANGLMCEM,INE347A01017,913.35,20
418,BAJAJHFL,INE377Y01014,132.75,20
419,CMSINFO,INE925R01014,539.25,20
420,MUTHOOTMF,INE046W01019,188.03,20
421,ARVINDFASN,INE955V01021,522.75,20
422,JAICORPLTD,INE070D01027,374.8,22.93
423,SBICARD,INE018E01016,726.8,20
424,TEGA,INE011K01018,1662.3,20
425,LOWVOLIETF,INF109KC19U5,21.38,6.69
426,PHOENIXLTD,INE211B01039,1845.85,20
427,AUROPHARMA,INE406A01037,1214.6,20
428,CERA,INE739E01017,7693.6,20
429,VPRPL,INE0AE001013,313.65,20.17
430,GATEWAY,INE079J01017,87.72,20
431,SUPRAJIT,INE399C01030,507,20
432,ORIENTPPR,INE592A01026,41.46,20
433,TBOTEK,INE673O01025,1634.25,20
434,AVANTEL,INE005B01027,163.47,20
435,HINDUNILVR,INE030A01027,2344.95,9
436,LUPIN,INE326A01037,2119.85,20
437,TIRUMALCHM,INE338A01024,365.3,20
438,ITBEES,INF204KB15V2,49.03,20
439,ALPL30IETF,INF109KC17V7,28.91,6
440,SETFGOLD,INF200KA16D8,67.47,20
441,MIDCAPETF,INF769K01IC9,22.09,6.24
442,SUDARSCHEM,INE659A01023,1132.35,20
443,KSB,INE999A01023,813.55,20
444,LAURUSLABS,INE947Q01028,563.8,20
445,SUPREMEIND,INE195A01028,4847.65,20
446,LTIM,INE214T01019,6667.65,20
447,SYMPHONY,INE225D01027,1347.85,20
448,SGBOCT26,IN0020180249,8000,10
449,HINDOILEXP,INE345A01011,196.55,20
450,MON100,INF247L01AP3,199.81,7.32
451,VIPIND,INE054A01027,477,20
452,SUPRIYA,INE07RO01027,756.15,20
453,PTC,INE877F01012,170.72,20
454,HDFCAMC,INE127D01025,4542.6,20
455,JUSTDIAL,INE599M01018,1062.45,20
456,GOLD1,INF174KA1HJ8,66.09,20
457,ACE,INE731H01025,1362.55,20.16
458,SGBJ28VIII,IN0020190537,8193.98,10
459,LIQUIDETF,INF740KA1EU7,1000,5
460,UJJIVANSFB,INE551W01018,36.06,20
461,KALYANKJIL,INE303R01014,760.1,20
462,SYRMA,INE0DYJ01015,599.8,20
463,SPANDANA,INE572J01011,373.95,20
464,BALRAMCHIN,INE119A01028,589.1,20
465,PATELENG,INE244B01030,57.78,20.45
466,TATAELXSI,INE670A01012,7319.7,20
467,SGBMAR31IV,IN0020220169,8369.99,10
468,DBL,INE917M01012,501.8,20
469,SGBJAN30IX,IN0020210236,8200,10
470,PNBHOUSING,INE572E01012,927.95,20
471,PSUBNKBEES,INF204KB16I7,78.2,20
472,ADANIPORTS,INE742F01042,1244,17.61
473,HINDZINC,INE267A01025,501.55,20
474,ORCHPHARMA,INE191A01027,1699.3,20
475,NYKAA,INE388Y01029,169.8,20
476,JISLJALEQS,INE175A01038,76.58,22.94
477,J&KBANK,INE168A01041,104.46,20
478,SGBSEP29VI,IN0020210145,8168.65,10
479,PSB,INE608A01012,52.54,20.16
480,KIMS,INE967H01025,599.85,20
481,VIJAYA,INE043W01024,1087.65,20
482,METROPOLIS,INE112L01020,2226.35,20
483,TTKPRESTIG,INE690A01028,871.8,20
484,HGINFRA,INE926X01010,1486.6,20
485,PCBL,INE602A01031,469.7,20
486,TATACOMM,INE151A01013,1851.1,20
487,PITTIENG,INE450D01021,1425.95,20
488,GROWWLIQID,INF666M01IP5,101.42,5
489,ATGL,INE399L01023,730.4,23.28
490,DATAPATTNS,INE0IX101010,2601.35,20
491,SILVERETF,INF789F1AYK6,92.16,20
492,RAINBOW,INE961O01016,1628.15,20
493,TEXRAIL,INE621L01012,232.77,22.27
494,SUNDRMFAST,INE387A01021,1152.7,20
495,ASHOKLEY,INE208A01029,230,20
496,AMBER,INE371P01015,5737.45,20
497,VESUVIUS,INE386A01015,5158.55,20
498,GSPL,INE246F01010,381.1,20
499,DBEIL,INE0OPA01019,191.67,20
500,SGBDC27VII,IN0020190461,8141,10
501,TATAMOTORS,INE155A01022,786.35,11.61
502,NV20IETF,INF109KC11V0,15.71,20
503,SGBNOV25IX,IN0020170117,8000.01,10
504,ASKAUTOLTD,INE491J01022,483.85,20
505,FORCEMOT,INE451A01017,6562.15,22.47
506,BATAINDIA,INE176A01028,1429.8,20
507,INFIBEAM,INE483S01020,27.63,20
508,CSBBANK,INE679A01013,317,20
509,MOLDTKPAC,INE893J01029,700.55,20
510,JKCEMENT,INE823G01014,4650.85,20
511,WABAG,INE956G01038,1823.7,20
512,KRN,INE0Q3J01015,798,20
513,AVANTIFEED,INE871C01038,622.7,20
514,ASHOKA,INE442H01029,288.37,20
515,RATNAMANI,INE703B01027,3352.3,20
516,POLYMED,INE205C01021,2906.2,20
517,COROMANDEL,INE169A01031,1778.6,20
518,CIEINDIA,INE536H01010,501.95,20
519,SGBDEC26,IN0020180389,8130,10
520,GLENMARK,INE935A01035,1535.05,20
521,SAMHI,INE08U801020,197.3,20
522,LT,INE018A01030,3859.9,10.49
523,STARHEALTH,INE575P01011,463.5,20
524,AXISBANK,INE238A01034,1145.65,9.52
525,RAILTEL,INE0DD101019,446.2,23.35
526,JSWENERGY,INE121E01018,685.25,20
527,ELECTCAST,INE086A01029,160.5,21.46
528,CAPACITE,INE264T01014,431.15,20
529,BSE,INE118H01025,5610.7,23.4
530,IPCALAB,INE571A01038,1560.5,20
531,FDC,INE258B01022,510.15,20
532,CENTRALBK,INE483A01010,59.41,20
533,DBREALTY,INE879I01012,174.92,24.22
534,HINDPETRO,INE094A01015,411.7,20
535,BAJFINANCE,INE296A01024,7125.8,10.24
536,NLCINDIA,INE589A01014,261,20.02
537,SURYAROSNI,INE335A01020,579.2,20
538,LTGILTBEES,INF204KB1882,27.18,10
539,KESORAMIND,INE087A01019,228.02,20
540,INGERRAND,INE177A01018,4520.4,20
541,ABBOTINDIA,INE358A01014,28748.3,20
542,PARADEEP,INE088F01024,107.73,20
543,DEN,INE947J01015,44.87,20
544,SCI,INE109A01011,233.17,21.71
545,AVALON,INE0LCL01028,870,20
546,IOC,INE242A01010,141.48,20
547,OBEROIRLTY,INE093I01010,2127.85,20
548,BALKRISIND,INE787D01026,2813.45,20
549,IEX,INE022Q01020,188.61,20
550,EMBDL,INE069I01010,129.99,23.07
551,ENDURANCE,INE913H01037,2290.1,20
552,MIDHANI,INE099Z01011,382.3,20
553,DREAMFOLKS,INE0JS101016,415.15,20
554,ANUP,INE294Z01018,3741.75,21.72
555,STYLEBAAZA,INE01FR01028,361.35,20
556,INDHOTEL,INE053A01029,836.7,20
557,HIMATSEIDE,INE049A01027,217.98,20.72
558,AUTOBEES,INF204KC1337,241.87,20
559,GENESYS,INE727B01026,947.25,23.69
560,PNB,INE160A01022,107.82,20
561,ISGEC,INE858B01029,1566.2,20
562,FSL,INE684F01012,383.7,20
563,ULTRACEMCO,INE481G01011,11856.95,9
564,ASTRAZEN,INE203A01020,6650.4,20
565,PRINCEPIPE,INE689W01016,424.3,20
566,BANKBARODA,INE028A01039,259.2,20
567,ICICIGI,INE765G01017,1961.35,20
568,GHCL,INE539A01019,740.75,20
569,SUNPHARMA,INE044A01036,1805.45,9
570,LIQUIDCASE,INF0R8F01034,105.86,5
571,RAMCOCEM,INE331A01037,998.1,20
572,GLAND,INE068V01023,1782.55,20
573,BEL,INE263A01024,312.95,14.59
574,SKIPPER,INE439E01022,636.5,25.15
575,BCLIND,INE412G01024,54.01,20
576,CONCOR,INE111A01025,824.6,20
577,SWARAJENG,INE277A01016,3132.8,20
578,GMRAIRPORT,INE776C01039,84.56,20
579,SGBDEC25XI,IN0020170133,8060,10
580,INDGN,INE065X01017,600.65,20
581,SAMMAANCAP,INE148I01020,162.36,20
582,FMCGIETF,INF109KC19V3,59.08,20
583,GAIL,INE129A01019,205.22,20
584,PATANJALI,INE619A01035,1825.55,20
585,CREDITACC,INE741K01010,893.8,20
586,DELHIVERY,INE148O01028,382.35,20
587,ABFRL,INE647O01011,304.3,20
588,FINPIPE,INE183A01024,269.25,20
589,SGBJU29III,IN0020210087,8180,10
590,IOB,INE565A01014,57.68,20.2
591,TMB,INE668A01016,490.25,20
592,SCHAEFFLER,INE513A01022,3649.65,20
593,ICICIPRULI,INE726G01019,691.95,20
594,GRWRHITECH,INE291A01017,5073.35,23.93
595,CHOICEIN,INE102B01014,559.65,20
596,ISEC,INE763G01038,878.7,20
597,ABCAPITAL,INE674K01013,197.5,20
598,UTIAMC,INE094J01016,1366.55,20
599,TIMETECHNO,INE508G01029,493.85,20.64
600,BAJAJCON,INE933K01021,220.02,20
601,MANINFRA,INE949H01023,236.59,20
602,BALUFORGE,INE011E01029,810.9,20
603,DIXON,INE935N01020,17697.35,20
604,CONCORDBIO,INE338H01029,2142.45,20
605,MSUMI,INE0FS801015,64.43,20
606,CYIENT,INE136B01020,2089.65,20
607,SGBMAY28,IN0020200088,8136.8,10
608,SHRIPISTON,INE526E01018,2188.4,20
609,NATIONALUM,INE139A01034,230.78,20
610,KSCL,INE455I01029,923.6,20
611,MEDIASSIST,INE456Z01021,609.35,20
612,BHARTIARTL,INE397D01024,1610.55,9
613,DALBHARAT,INE00R701025,1935.25,20
614,BEPL,INE922A01025,143.19,20
615,SILVER,INF209KB19F6,94.72,20
616,STAR,INE939A01011,706.05,100
617,NIVABUPA,INE995S01015,85.25,20
618,PRAJIND,INE074A01025,803.55,20
619,MRPL,INE103A01014,150.95,20.73
620,LIQUID1,INF174KA1LV5,1023.64,5
621,DCW,INE500A01029,99.79,21.98
622,BHARATFORG,INE465A01025,1352.45,20
623,VEDL,INE205A01025,522,20
624,GPIL,INE177H01039,235.58,20
625,WONDERLA,INE066O01014,840.9,20
626,AMBUJACEM,INE079A01024,571.75,20
627,VOLTAS,INE226A01021,1787.65,20
628,NAM-INDIA,INE298J01013,777.2,20
629,CANFINHOME,INE477A01020,810.85,20
630,SILVERIETF,INF109KC1Y56,94.57,20
631,TATAINVEST,INE672A01018,6894.85,20
632,MAPMYINDIA,INE0BV301023,1772.45,20
633,DLF,INE271C01023,867.1,20
634,CARBORUNIV,INE120A01034,1360.75,20
635,NESCO,INE317F01035,1018.6,20
636,SGBJUN27,IN0020190073,8078.58,10
637,MAHSEAMLES,INE271B01025,780.6,20
638,VBL,INE200M01039,646.25,20
639,BALAMINES,INE050E01027,2008.9,20
640,NAVINFLUOR,INE048G01026,3574.15,20
641,SGBJUL29IV,IN0020210111,8151.01,10
642,JMFINANCIL,INE780C01023,140.02,20
643,CEIGALL,INE0AG901020,356.85,20
644,SIGACHI,INE0D0K01022,52.83,20
645,LIQUIDIETF,INF109KC1KT9,1000,5
646,LALPATHLAB,INE600L01024,3039.4,20
647,JKPAPER,INE789E01012,467.7,20
648,EMSLIMITED,INE0OV601013,887.4,20
649,INDIACEM,INE383A01012,342.2,20
650,BLUEDART,INE233B01017,7828.55,20
651,RELIGARE,INE621H01010,305.8,20
652,HITECH,INE106T01025,167.35,20
653,MOM100,INF247L01023,63.24,6.09
654,RALLIS,INE613A01020,321.4,20
655,EMIL,INE02YR01019,173.95,20
656,FINEORG,INE686Y01026,4994.35,20
657,CIPLA,INE059A01026,1445.4,9.92
658,LXCHEM,INE576O01020,262.15,20
659,LIQUIDPLUS,INF769K01MY5,1006.4,5
660,GREENPLY,INE461C01038,351.3,20
661,TEJASNET,INE010J01012,1305.35,20.21
662,MANAPPURAM,INE522D01027,178.75,20
663,STLTECH,INE089C01029,121.27,20
664,LIQUIDADD,INF740KA1UM0,1045.85,5
665,MAFANG,INF769K01HF4,130.57,20
666,TCS,INE467B01029,4454.95,9
667,EIDPARRY,INE126A01031,941.75,20
668,PNBGILTS,INE859A01011,119.86,20
669,LLOYDSME,INE281B01032,1098.2,20
670,DWARKESH,INE366A01041,62.24,20
671,HUDCO,INE031A01017,247.61,23.23
672,SGBFEB28IX,IN0020190545,8169.98,10
673,POWERMECH,INE211R01019,2750.2,20
674,ADANIGREEN,INE364U01010,1217.95,25.75
675,IDFCFIRSTB,INE092T01019,64.33,20
676,AWFIS,INE108V01019,756.35,20
677,BAJAJ-AUTO,INE917I01010,8963.25,11.22
678,WELENT,INE625G01013,582.65,20
679,PRICOLLTD,INE726V01018,508.9,20
680,JKLAKSHMI,INE786A01032,868.5,20
681,PRSMJOHNSN,INE010A01011,194.92,20
682,GANDHAR,INE717W01049,232,20
683,CIGNITITEC,INE675C01017,1865.5,20
684,GRAVITA,INE024L01027,2259.9,23.36
685,BHEL,INE257A01026,244.5,20
686,USHAMART,INE228A01035,398.55,20
687,BOSCHLTD,INE323A01026,36270.75,20
688,BIKAJI,INE00E101023,816.05,20
689,RATEGAIN,INE0CLI01024,716.1,20
690,DABUR,INE016A01026,506.65,20
691,CHENNPETRO,INE178A01016,598.35,21.5
692,EQUITASBNK,INE063P01018,64,20
693,KRBL,INE001B01026,314.45,20
694,NIFTYBEES,INF204KB14I2,274.1,6
695,CPSEETF,INF457M01133,91.44,20
696,KEI,INE878B01027,4543.55,20
697,ARKADE,INE0QRL01017,161.57,20
698,DODLA,INE021O01019,1270.2,20
699,JUBLFOOD,INE797F01020,672.1,20
700,SBILIFE,INE123W01016,1432.5,9.58
701,SOLARINDS,INE343H01029,10668.75,20
702,PARAGMILK,INE883N01014,207.01,20
703,ZEEL,INE256A01028,134.67,21.86
704,SONATSOFTW,INE269A01021,675.2,20
705,MAHLOG,INE766P01016,382.65,20
706,CCL,INE421D01022,775.55,20
707,OFSS,INE881D01027,12095.35,20
708,JBMA,INE927D01044,1707.15,20
709,HEMIPROP,INE0AJG01018,172.87,20
710,CUMMINSIND,INE298A01020,3611.6,20
711,SGBDE31III,IN0020230168,8494.59,10
712,NBCC,INE095N01031,100.65,21.67
713,REPCOHOME,INE612J01015,458.6,20
714,CAMS,INE596I01012,5276.2,20
715,INDIGOPNTS,INE09VQ01012,1456.55,20
716,SGBOC28VII,IN0020200203,8179.98,10
717,NAZARA,INE418L01021,1003.85,20
718,STYRENIX,INE189B01011,2980.9,20
719,MPHASIS,INE356A01018,3190.35,20
720,JUBLINGREA,INE0BY001018,846.5,20
721,SGBAUG30,IN0020220078,8244.11,10
722,SSWL,INE802C01033,214.68,20
723,BBTC,INE050A01025,2343.75,20
724,BLSE,INE0NLT01010,215.4,20
725,ZOMATO,INE758T01015,284.9,20
726,BAYERCROP,INE462A01022,6257.35,20
727,HFCL,INE548A01028,124.77,21.79
728,CRISIL,INE007A01025,5526.65,20
729,POWERGRID,INE752E01010,329.2,11.24
730,GESHIP,INE017A01032,1084.35,20
731,APOLLOTYRE,INE438A01022,541,20
732,CELLO,INE0LMW01024,828.45,20
733,ANANDRATHI,INE463V01026,4339.35,20
734,SGBDEC2512,IN0020170141,8350,10
735,EMUDHRA,INE01QM01018,928.75,20
736,SUNTV,INE424H01027,722.7,20
737,SGBFEB32IV,IN0020230184,8613.8,10
738,ITDCEM,INE686A01026,513.9,22.44
739,RHIM,INE743M01012,558.1,20
740,ROUTE,INE450U01017,1438.85,20
741,BAJAJHIND,INE306A01021,33.55,21.99
742,AGI,INE415A01038,1163.7,20.7
743,BRIGADE,INE791I01019,1250.35,20
744,GULFOILLUB,INE635Q01029,1118.1,20
745,NH,INE410P01011,1294.7,20
746,SGBMR29XII,IN0020200427,8140.62,10
747,GILT5YBEES,INF204KC1030,58.7,10
748,GOLDIETF,INF109KC1NT3,67.55,20
749,ASTRAMICRO,INE386C01029,815.6,20
750,KIRLOSBROS,INE732A01036,2331.65,22.88
751,EKC,INE184H01027,215.09,22.68
752,SHREDIGCEM,INE232A01011,88.72,20
753,NESTLEIND,INE239A01024,2224.05,9
754,UNIONBANK,INE692A01016,128.88,20
755,PRUDENT,INE00F201020,2962.6,20.83
756,SANGHVIMOV,INE989A01032,336.05,22.73
757,MOTHERSON,INE775A01035,164.79,20
758,ERIS,INE406M01024,1512.9,20
759,EIHOTEL,INE230A01023,423.75,20
760,TITAGARH,INE615H01020,1335,21.98
761,CHOLAHLDNG,INE149A01033,1537.7,20
762,DEVYANI,INE872J01023,169.6,20
763,EPIGRAL,INE071N01016,2124.75,20.43
764,SKFINDIA,INE640A01023,4920.3,20
765,SGBJUN31I,IN0020230069,8388.09,10
766,TATAGOLD,INF277KA1976,7.7,20
767,METROBRAND,INE317I01021,1276.5,20
768,TORNTPOWER,INE813H01021,1688.1,20
769,IRCON,INE962Y01021,232.63,22.64
770,NAVA,INE725A01022,1015.5,20.26
771,POONAWALLA,INE511C01022,358.25,20
772,LEMONTREE,INE970X01018,146.66,20
773,JINDALSTEL,INE749A01030,1000.25,20
774,360ONE,INE466L01038,1199.3,20
775,BLS,INE153T01027,477.55,20
776,INDIAMART,INE933S01016,2331.35,20
777,VGUARD,INE951I01027,426.55,20
778,QUESS,INE615P01015,677.4,20
779,GRINFRA,INE201P01022,1593.9,20
780,MANYAVAR,INE825V01034,1326.1,20
781,DYNAMATECH,INE221B01012,8688.35,20
782,CESC,INE486A01021,190.75,20
783,SJS,INE284S01014,1191.85,20
784,KRSNAA,INE08LI01020,927.7,20
785,VENKEYS,INE398A01010,1815.95,20
786,ADANIPOWER,INE814H01011,539.85,20.76
787,HEIDELBERG,INE578A01017,225.18,20
788,CGCL,INE180C01042,202.62,20
789,OLAELEC,INE0LXG01040,93.99,20
790,LUXIND,INE150G01020,2035.55,20
791,GSFC,INE026A01025,218.81,20
792,ALEMBICLTD,INE426A01027,147.98,20
793,COALINDIA,INE522F01014,409.1,12.43
794,SUNTECK,INE805D01034,497.85,20
795,MEDANTA,INE474Q01031,1110.75,20
796,AEGISLOG,INE208C01025,760.6,20.51
797,GLAXO,INE159A01016,2304.1,20
798,VSTIND,INE710A01016,367.75,20
799,ASAHIINDIA,INE439A01020,765.2,20
800,PFC,INE134E01011,507.75,20
801,SNOWMAN,INE734N01019,75.11,20
802,CRAFTSMAN,INE00LO01017,5002.6,20
803,LIQUIDSBI,INF200KA13Z8,999.99,5
804,SGBFEB29XI,IN0020200393,8170.37,10
805,KCP,INE805C01028,247.98,20
806,SGBJAN27,IN0020180462,8167,10
807,ZYDUSWELL,INE768C01010,2023.2,20
808,SAPPHIRE,INE806T01020,319.85,20
809,ICIL,INE483B01026,383.05,20
810,SHYAMMETL,INE810G01011,837.2,20
811,CROMPTON,INE299U01018,406.1,20
812,AUTOIETF,INF109KC10V2,24.19,20
813,HEG,INE545A01024,546.95,21.32
814,WELCORP,INE191B01025,797.4,20
815,HDFCGOLD,INF179KC1981,67.64,20
816,CAMPUS,INE278Y01022,295.6,20
817,AMIORG,INE00FF01017,2135.75,20
818,ACMESOLAR,INE622W01025,271.6,20
819,FIRSTCRY,INE02RE01045,605.3,20
820,JSL,INE220G01021,752.65,20
821,SGBFEB27,IN0020180561,8200,10
822,ESAFSFB,INE818W01011,40.82,20
823,GREAVESCOT,INE224A01026,242.02,20
824,MOL,INE0CT101020,91.94,20
825,EASEMYTRIP,INE07O001026,16.66,20
826,ELECON,INE205B01031,650.95,20.32
827,MTARTECH,INE864I01014,1671.35,20
828,KPIL,INE220B01022,1282.65,20
829,AARTIIND,INE769A01020,437.7,20
830,VOLTAMP,INE540H01012,11234.4,21.87
831,IRCTC,INE335Y01020,839.9,20
832,NUVAMA,INE531F01015,6945.4,20
833,RKFORGE,INE399G01023,973.3,20
834,SGBJAN29X,IN0020200385,8172.23,10
835,TEAMLEASE,INE985S01024,2849.6,20
836,GNFC,INE113A01013,618.55,20
837,ETHOSLTD,INE04TZ01018,3022.45,20
838,KPITTECH,INE04I401011,1541.2,20
839,DCMSHRIRAM,INE499A01024,1097.9,20
840,LTTS,INE010V01017,5422.8,20
841,GRAPHITE,INE371A01025,559.3,20
842,MAXHEALTH,INE027H01010,1167.7,20
843,GODREJAGRO,INE850D01014,765.6,20
844,JKIL,INE576I01022,762.55,20
845,IDEA,INE669E01016,7.86,25.71
846,SJVN,INE002L01015,118.43,20.84
847,AIAENG,INE212H01026,3490.45,20
848,UFLEX,INE516A01017,559.25,20
849,ALLCARGO,INE418H01029,54.14,20
850,RITES,INE320J01015,298.75,20
851,EPL,INE255A01020,276.6,20
852,MARICO,INE196A01026,635.9,20
853,GRANULES,INE101D01020,589.3,20
854,ICICIBANK,INE090A01021,1329.25,9
855,AXITA,INE02EZ01022,11.76,20
856,HDFCSML250,INF179KC1FB2,184.32,6.28
857,ASIANPAINT,INE021A01026,2389.55,9
858,RIIL,INE046A01015,1188.3,20
859,BALMLAWRIE,INE164A01016,240.26,20
860,GICHSGFIN,INE289B01019,220.43,20
861,SURYODAY,INE428Q01011,150.6,20
862,CASTROLIND,INE172A01027,209.63,20
863,HDFCLIQUID,INF179KC1HE2,1000,5
864,IRB,INE821I01022,58.14,20.01