Confirmed list of securities to be auctioned in A 2024235 to be held on Dec 13 2024.

Sr No,Symbol,Series,Total Qty
1,A2ZINFRA,EQ,200
2,ADANIENSOL,EQ,50
3,ADANIGREEN,EQ,55
4,ADANIPOWER,EQ,115
5,ADVENZYMES,EQ,1
6,AEGISLOG,EQ,31
7,AEROFLEX,EQ,200
8,AFCONS,EQ,2
9,AHLADA,EQ,1
10,AKSHOPTFBR,EQ,773
11,ARIES,EQ,12
12,ARIHANTSUP,EQ,3
13,ARVEE,EQ,836
14,ASALCBR,EQ,3
15,ASIANENE,EQ,2
16,ASIANPAINT,EQ,26
17,BAJAJHFL,EQ,5
18,BAJFINANCE,EQ,2
19,BALKRISIND,EQ,20
20,BANKBEES,EQ,1
21,BEL,EQ,1
22,BEML,EQ,40
23,BIOCON,EQ,48
24,BLACKBUCK,EQ,8409
25,BLS,EQ,1300
26,BPCL,EQ,135
27,BSE,EQ,100
28,CENTUM,EQ,9366
29,CINELINE,EQ,500
30,COASTCORP,EQ,5
31,COMMITTED,SM,4800
32,CONCORDBIO,EQ,5
33,CONSUMBEES,EQ,4
34,COUNCODOS,EQ,1963
35,DBREALTY,EQ,1
36,DCM,EQ,5437
37,DEEPAKNTR,EQ,23
38,DEN,EQ,9054
39,DEVIT,EQ,47
40,DHANBANK,EQ,1
41,DHANI,EQ,1000
42,DICIND,EQ,126
43,DIGIDRIVE,EQ,2
44,DISHTV,EQ,1
45,DIXON,EQ,2
46,DJML,EQ,1
47,DMART,EQ,5
48,DOMS,EQ,1
49,DRREDDY,EQ,2
50,EDELWEISS,EQ,1
51,EIDPARRY,EQ,60
52,ELIN,EQ,24
53,EMAMIPAP,EQ,10
54,ENERGYDEV,EQ,350
55,FEDERALBNK,EQ,1
56,FILATEX,EQ,3
57,GANESHBE,EQ,1
58,GARUDA,EQ,202
59,GESHIP,EQ,33
60,GHCL,EQ,41
61,GREAVESCOT,EQ,252
62,GROWWGOLD,EQ,11
63,GROWWLIQID,EQ,6
64,GSEC10IETF,EQ,3
65,HAL,EQ,24
66,HBLPOWER,EQ,1350
67,HDFCAMC,EQ,15
68,HEROMOTOCO,EQ,15
69,HMAAGRO,EQ,259
70,ICDSLTD,EQ,1401
71,ICICIGI,EQ,1
72,IDEA,EQ,50
73,IFBAGRO,EQ,8
74,INDIGRID,IV,20
75,INDTERRAIN,EQ,1
76,INFRABEES,EQ,1
77,INFY,EQ,302
78,INOXWIND,EQ,10
79,IRFC,EQ,990
80,ITI,EQ,50
81,JIOFIN,EQ,101
82,JISLJALEQS,EQ,5
83,JSL,EQ,2
84,JUBLFOOD,EQ,58
85,KAMATHOTEL,EQ,250
86,KANANIIND,EQ,1
87,KARMAENG,EQ,42
88,KERNEX,EQ,1436
89,KIOCL,EQ,100
90,KRONOX,EQ,14
91,KROSS,EQ,4
92,KSL,EQ,2
93,LAOPALA,EQ,1
94,LAURUSLABS,EQ,4
95,LEMONTREE,EQ,100
96,LGHL,EQ,86
97,LICI,EQ,9
98,LIQUID,EQ,1
99,LIQUIDBETF,EQ,9
100,LIQUIDCASE,EQ,45
101,LORDSCHLO,EQ,2
102,LT,EQ,10
103,M&MFIN,EQ,1255
104,MAXHEALTH,EQ,1
105,MHLXMIRU,EQ,2941
106,MMFL,EQ,2
107,MOHITIND,EQ,599
108,MON100,EQ,374
109,MOTHERSON,EQ,250
110,MPHASIS,EQ,28
111,MTNL,EQ,1845
112,NAVA,EQ,2
113,NBCC,EQ,93
114,NIF100BEES,EQ,2
115,NLCINDIA,EQ,20
116,NTPCGREEN,EQ,1
117,PAGEIND,EQ,1
118,PARACABLES,EQ,50000
119,PAYTM,EQ,3
120,PHARMABEES,EQ,8
121,PIONEEREMB,EQ,1
122,PITTIENG,EQ,1
123,POLICYBZR,EQ,4
124,PREMEXPLN,EQ,1
125,PTL,EQ,175
126,RADICO,EQ,32
127,RAIN,EQ,1
128,RAMASTEEL,EQ,1
129,RATNAVEER,EQ,3
130,RAYMOND,EQ,2
131,RELIANCE,EQ,1
132,RETAIL,EQ,330
133,RGL,EQ,280
134,RITES,EQ,2
135,ROTO,EQ,100
136,RPPL,EQ,208
137,RPTECH,EQ,1499
138,RVHL,EQ,744
139,RVNL,EQ,1
140,SAGILITY,EQ,2
141,SAIL,EQ,1
142,SANSTAR,EQ,1
143,SASTASUNDR,EQ,50
144,SBCL,EQ,4
145,SBILIFE,EQ,10
146,SBIN,EQ,10
147,SDBL,EQ,1650
148,SECURKLOUD,EQ,1
149,SELMC,EQ,268
150,SHALBY,EQ,50
151,SHILPAMED,EQ,20
152,SIEMENS,EQ,55
153,SIKKO,EQ,4
154,SINDHUTRAD,EQ,5
155,SINTERCOM,EQ,12
156,SIYSIL,EQ,22
157,SJVN,EQ,1
158,SOFTTECH,EQ,301
159,SRM,EQ,45
160,STEELCAS,EQ,1
161,SUDARSCHEM,EQ,599
162,SUNFLAG,EQ,4
163,SURYAROSNI,EQ,30
164,SUVIDHAA,EQ,795
165,SWANENERGY,EQ,2065
166,TAJGVK,EQ,2
167,TANLA,EQ,248
168,TARC,EQ,1
169,TATACHEM,EQ,179
170,TCS,EQ,40
171,TEXRAIL,EQ,1
172,TITAGARH,EQ,200
173,TITAN,EQ,45
174,TRANSWORLD,EQ,2
175,UBL,EQ,16
176,ULTRACEMCO,EQ,5
177,VAKRANGEE,EQ,2
178,VAL30IETF,EQ,100
179,VBL,EQ,2
180,VEDL,EQ,500
181,WELSPUNLIV,EQ,1
182,WINDMACHIN,EQ,435
183,WSTCSTPAPR,EQ,1000
184,ZEEL,EQ,25
185,ZODIAC,EQ,79
186,ZOMATO,EQ,200
