Sr. No,Symbol,Series,Security Name,From,To
1,ARVEE,EQ,ARVEE LABORATORIES (INDIA) LIMITED,10,5
2,DIGIKORE,ST,DIGIKORE STUDIOS LIMITED,10,5
3,ICDSLTD,EQ,ICDS LIMITED,10,5
4,KCEIL,SM,KAY CEE ENERGY & INFRA LIMITED,10,5
5,AGNI,SM,AGNI GREEN POWER LIMITED,20,10
6,BLACKBUCK,EQ,ZINKA LOGISTICS SOLUTIONS LIMITED,20,10
7,COMMITTED,SM,COMMITTED CARGO CARE LIMITED,20,10
8,SOFTTECH,EQ,SOFTTECH ENGINEERS LIMITED,20,10
9,DPEL,ST,DIVINE POWER ENERGY LIMITED,5,2
10,HECPROJECT,BE,HEC INFRA PROJECTS LIMITED,5,2
11,LAMOSAIC,SM,LAMOSAIC INDIA LIMITED,5,20
12,LOYALTEX,BE,LOYAL TEXTILE MILLS LIMITED,5,2
13,SUPREMEINF,BZ,SUPREME INFRASTRUCTURE INDIA LIMITED,5,2
