"Security Name","Symbol Name","Trade Date","Quantity"
"ONE 97 COMMUNICATIONS LTD","PAYTM","12-Dec-2024","3"
"RITES LIMITED","RITES","12-Dec-2024","2"
"TECH MAHINDRA LIMITED","TECHM","12-Dec-2024","97200"
"ITI LTD","ITI","12-Dec-2024","10"
"STEEL AUTHORITY OF INDIA","SAIL","12-Dec-2024","176"
"KPIT TECHNOLOGIES LTD","KPITTECH","12-Dec-2024","18"
"RELIANCE INDUSTRIES LTD","RELIANCE","12-Dec-2024","7"
"SWAN ENERGY LIMITED    ","SWANENERGY","12-Dec-2024","15"
"JIO FIN SERVICES LTD","JIOFIN","12-Dec-2024","50"
"BIRLASOFT LIMITED","BSOFT","12-Dec-2024","1"
"HINDUSTAN AERONAUTICS LTD","HAL","12-Dec-2024","15"
"D B REALTY LIMITED","DBREALTY","12-Dec-2024","1"
"GHCL LIMITED","GHCL","12-Dec-2024","1"
"CAN FIN HOMES LTD        ","CANFINHOME","12-Dec-2024","78"
"YES BANK LIMITED","YESBANK","12-Dec-2024","985"
"MOTILAL OS NASDAQ100 ETF","MON100","12-Dec-2024","1"
"GMR AIRPORTS LIMITED","GMRAIRPORT","12-Dec-2024","190"
"TATA MOTORS LIMITED","TATAMOTORS","12-Dec-2024","193"
"RAIN INDUSTRIES LIMITED","RAIN","12-Dec-2024","1"
"NCC LIMITED","NCC","12-Dec-2024","2"
"MAHINDRA & MAHINDRA FINANCIAL SERVICES LIMITED","M&MFIN","12-Dec-2024","1255"
